01:54:26.218 [ INFO] maestro.cli.report.TestDebugReporter.logSystemInfo: Debug output path: /Users/julienbattaglia/Desktop/MINT.nosync/.planning/runtime-evidence/g1-ledger-reality-baseline-20260712/expat-avs-verification-e8c0263acb6d/runtime-exact-sha-3738568af/maestro/debug
01:54:26.219 [ INFO] MAESTRO.logSystemInfo: ---- System Info ----
01:54:26.219 [ INFO] MAESTRO.logSystemInfo: Maestro Version: 2.5.1
01:54:26.223 [ INFO] MAESTRO.logSystemInfo: CI: Undefined
01:54:26.223 [ INFO] MAESTRO.logSystemInfo: OS Name: Mac OS X
01:54:26.223 [ INFO] MAESTRO.logSystemInfo: OS Version: 26.5.1
01:54:26.223 [ INFO] MAESTRO.logSystemInfo: Architecture: aarch64
01:54:26.224 [ INFO] MAESTRO.logSystemInfo: Java Version: 25
01:54:26.278 [ INFO] MAESTRO.logSystemInfo: Xcode Version: 26.2
01:54:26.630 [ INFO] MAESTRO.logSystemInfo: Flutter Version: 3.41.6
01:54:26.737 [DEBUG] io.micrometer.common.util.internal.logging.InternalLoggerFactory.newDefaultFactory: Using SLF4J as the default logging framework
01:54:27.010 [ INFO] MAESTRO.logSystemInfo: Flutter Channel: stable
01:54:27.010 [ INFO] MAESTRO.logSystemInfo: ---------------------
01:54:28.167 [ INFO] maestro.cli.command.TestCommand.runShardSuite: [shard 1] Selected device B03E429D-0422-4357-B754-536637D979F9 using port 7001 with execution plan ExecutionPlan(flowsToRun=[/Users/julienbattaglia/Desktop/MINT.nosync/apps/mobile/.maestro/expat_avs_verification.yaml], sequence=FlowSequence(flows=[], continueOnFailure=true), workspaceConfig=WorkspaceConfig(flows=null, includeTags=null, excludeTags=null, executionOrder=null, baselineBranch=null, notifications=null, disableRetries=false, platform=PlatformConfiguration(android=AndroidConfiguration(disableAnimations=false), ios=IOSConfiguration(disableAnimations=false, snapshotKeyHonorModalViews=null)), testOutputDir=null))
01:54:28.644 [TRACE] ios.xctest.XCTestIOSDevice.open: Opening a connection
01:54:28.644 [TRACE] xcuitest.XCTestDriverClient.restartXCTestRunner: Restarting XCTest Runner (uninstalling, installing and starting)
01:54:28.645 [ INFO] xcuitest.installer.LocalXCTestInstaller.xcTestDriverStatusCheck: [Start] Perform XCUITest driver status check on B03E429D-0422-4357-B754-536637D979F9
01:54:28.646 [ INFO] xcuitest.installer.LocalXCTestInstaller.xcTestDriverStatusCheck: [Failed] Perform XCUITest driver status check on B03E429D-0422-4357-B754-536637D979F9, exception: java.net.ConnectException: Failed to connect to /127.0.0.1:7001
01:54:28.646 [TRACE] xcuitest.XCTestDriverClient.restartXCTestRunner: XCTest Runner uninstalled, will install and start it
01:54:28.646 [ INFO] xcuitest.installer.LocalXCTestInstaller.start$lambda$3: start()
01:54:28.646 [ INFO] xcuitest.installer.LocalXCTestInstaller.start$lambda$3: [Start] Install XCUITest runner on B03E429D-0422-4357-B754-536637D979F9
01:54:28.646 [ INFO] xcuitest.installer.LocalXCTestInstaller.xcTestDriverStatusCheck: [Start] Perform XCUITest driver status check on B03E429D-0422-4357-B754-536637D979F9
01:54:28.647 [ INFO] xcuitest.installer.LocalXCTestInstaller.xcTestDriverStatusCheck: [Failed] Perform XCUITest driver status check on B03E429D-0422-4357-B754-536637D979F9, exception: java.net.ConnectException: Failed to connect to /127.0.0.1:7001
01:54:28.647 [ INFO] xcuitest.installer.IOSBuildProductsExtractor.extract: [Start] Writing build products
01:54:28.671 [ INFO] xcuitest.installer.IOSBuildProductsExtractor.extract: [Done] Writing build products
01:54:28.671 [ INFO] xcuitest.installer.IOSBuildProductsExtractor.extract: [Start] Writing maestro-driver-iosUITests-Runner app
01:54:28.771 [ INFO] xcuitest.installer.IOSBuildProductsExtractor.extract: [Done] Writing maestro-driver-iosUITests-Runner app
01:54:28.772 [ INFO] xcuitest.installer.IOSBuildProductsExtractor.extract: [Start] Writing maestro-driver-ios app
01:54:28.776 [ INFO] xcuitest.installer.IOSBuildProductsExtractor.extract: [Done] Writing maestro-driver-ios app
01:54:28.777 [ INFO] xcuitest.installer.LocalXCTestInstaller.startXCTestRunner: Installing driver with xcodebuild
01:54:28.777 [ INFO] xcuitest.installer.LocalXCTestInstaller.startXCTestRunner: [Start] Running XcUITest with `xcodebuild test-without-building` with 7001 and config: IOSDriverConfig(prebuiltRunner=false, sourceDirectory=driver-iPhoneSimulator, context=CLI, snapshotKeyHonorModalViews=null)
01:54:28.780 [ INFO] util.CommandLineUtils.runCommand: Running command line operation: [xcodebuild, test-without-building, -xctestrun, /var/folders/nx/wj0h9jwn6h391ntbhf6h2gm40000gn/T/B03E429D-0422-4357-B754-536637D979F97632943176263944626/maestro-driver-ios-config.xctestrun, -destination, id=B03E429D-0422-4357-B754-536637D979F9, -derivedDataPath, /var/folders/nx/wj0h9jwn6h391ntbhf6h2gm40000gn/T/maestro_xctestrunner_xcodebuild_output15727961730588592601] with {TEST_RUNNER_PORT=7001}
01:54:28.784 [ INFO] xcuitest.installer.LocalXCTestInstaller.startXCTestRunner: [Done] Running XcUITest with `xcodebuild test-without-building`
01:54:28.784 [ INFO] xcuitest.installer.LocalXCTestInstaller.start$lambda$3: [Done] Install XCUITest runner on B03E429D-0422-4357-B754-536637D979F9
01:54:28.785 [ INFO] xcuitest.installer.LocalXCTestInstaller.xcTestDriverStatusCheck: [Start] Perform XCUITest driver status check on B03E429D-0422-4357-B754-536637D979F9
01:54:28.785 [ INFO] xcuitest.installer.LocalXCTestInstaller.xcTestDriverStatusCheck: [Failed] Perform XCUITest driver status check on B03E429D-0422-4357-B754-536637D979F9, exception: java.net.ConnectException: Failed to connect to /127.0.0.1:7001
01:54:29.289 [ INFO] xcuitest.installer.LocalXCTestInstaller.xcTestDriverStatusCheck: [Start] Perform XCUITest driver status check on B03E429D-0422-4357-B754-536637D979F9
01:54:29.290 [ INFO] xcuitest.installer.LocalXCTestInstaller.xcTestDriverStatusCheck: [Failed] Perform XCUITest driver status check on B03E429D-0422-4357-B754-536637D979F9, exception: java.net.ConnectException: Failed to connect to /127.0.0.1:7001
01:54:29.792 [ INFO] xcuitest.installer.LocalXCTestInstaller.xcTestDriverStatusCheck: [Start] Perform XCUITest driver status check on B03E429D-0422-4357-B754-536637D979F9
01:54:29.793 [ INFO] xcuitest.installer.LocalXCTestInstaller.xcTestDriverStatusCheck: [Failed] Perform XCUITest driver status check on B03E429D-0422-4357-B754-536637D979F9, exception: java.net.ConnectException: Failed to connect to /127.0.0.1:7001
01:54:30.303 [ INFO] xcuitest.installer.LocalXCTestInstaller.xcTestDriverStatusCheck: [Start] Perform XCUITest driver status check on B03E429D-0422-4357-B754-536637D979F9
01:54:30.304 [ INFO] xcuitest.installer.LocalXCTestInstaller.xcTestDriverStatusCheck: [Failed] Perform XCUITest driver status check on B03E429D-0422-4357-B754-536637D979F9, exception: java.net.ConnectException: Failed to connect to /127.0.0.1:7001
01:54:30.813 [ INFO] xcuitest.installer.LocalXCTestInstaller.xcTestDriverStatusCheck: [Start] Perform XCUITest driver status check on B03E429D-0422-4357-B754-536637D979F9
01:54:30.813 [ INFO] xcuitest.installer.LocalXCTestInstaller.xcTestDriverStatusCheck: [Failed] Perform XCUITest driver status check on B03E429D-0422-4357-B754-536637D979F9, exception: java.net.ConnectException: Failed to connect to /127.0.0.1:7001
01:54:31.322 [ INFO] xcuitest.installer.LocalXCTestInstaller.xcTestDriverStatusCheck: [Start] Perform XCUITest driver status check on B03E429D-0422-4357-B754-536637D979F9
01:54:31.323 [ INFO] xcuitest.installer.LocalXCTestInstaller.xcTestDriverStatusCheck: [Failed] Perform XCUITest driver status check on B03E429D-0422-4357-B754-536637D979F9, exception: java.net.ConnectException: Failed to connect to /127.0.0.1:7001
01:54:31.826 [ INFO] xcuitest.installer.LocalXCTestInstaller.xcTestDriverStatusCheck: [Start] Perform XCUITest driver status check on B03E429D-0422-4357-B754-536637D979F9
01:54:31.826 [ INFO] xcuitest.installer.LocalXCTestInstaller.xcTestDriverStatusCheck: [Failed] Perform XCUITest driver status check on B03E429D-0422-4357-B754-536637D979F9, exception: java.net.ConnectException: Failed to connect to /127.0.0.1:7001
01:54:32.337 [ INFO] xcuitest.installer.LocalXCTestInstaller.xcTestDriverStatusCheck: [Start] Perform XCUITest driver status check on B03E429D-0422-4357-B754-536637D979F9
01:54:32.338 [ INFO] xcuitest.installer.LocalXCTestInstaller.xcTestDriverStatusCheck: [Failed] Perform XCUITest driver status check on B03E429D-0422-4357-B754-536637D979F9, exception: java.net.ConnectException: Failed to connect to /127.0.0.1:7001
01:54:32.846 [ INFO] xcuitest.installer.LocalXCTestInstaller.xcTestDriverStatusCheck: [Start] Perform XCUITest driver status check on B03E429D-0422-4357-B754-536637D979F9
01:54:32.848 [ INFO] xcuitest.installer.LocalXCTestInstaller.xcTestDriverStatusCheck: [Failed] Perform XCUITest driver status check on B03E429D-0422-4357-B754-536637D979F9, exception: java.net.ConnectException: Failed to connect to /127.0.0.1:7001
01:54:33.355 [ INFO] xcuitest.installer.LocalXCTestInstaller.xcTestDriverStatusCheck: [Start] Perform XCUITest driver status check on B03E429D-0422-4357-B754-536637D979F9
01:54:33.358 [ INFO] xcuitest.installer.LocalXCTestInstaller.xcTestDriverStatusCheck: [Failed] Perform XCUITest driver status check on B03E429D-0422-4357-B754-536637D979F9, exception: java.net.ConnectException: Failed to connect to /127.0.0.1:7001
01:54:33.867 [ INFO] xcuitest.installer.LocalXCTestInstaller.xcTestDriverStatusCheck: [Start] Perform XCUITest driver status check on B03E429D-0422-4357-B754-536637D979F9
01:54:33.868 [ INFO] xcuitest.installer.LocalXCTestInstaller.xcTestDriverStatusCheck: [Failed] Perform XCUITest driver status check on B03E429D-0422-4357-B754-536637D979F9, exception: java.net.ConnectException: Failed to connect to /127.0.0.1:7001
01:54:34.373 [ INFO] xcuitest.installer.LocalXCTestInstaller.xcTestDriverStatusCheck: [Start] Perform XCUITest driver status check on B03E429D-0422-4357-B754-536637D979F9
01:54:34.374 [ INFO] xcuitest.installer.LocalXCTestInstaller.xcTestDriverStatusCheck: [Failed] Perform XCUITest driver status check on B03E429D-0422-4357-B754-536637D979F9, exception: java.net.ConnectException: Failed to connect to /127.0.0.1:7001
01:54:34.883 [ INFO] xcuitest.installer.LocalXCTestInstaller.xcTestDriverStatusCheck: [Start] Perform XCUITest driver status check on B03E429D-0422-4357-B754-536637D979F9
01:54:34.907 [ INFO] xcuitest.installer.LocalXCTestInstaller.xcTestDriverStatusCheck: [Done] Perform XCUITest driver status check on B03E429D-0422-4357-B754-536637D979F9
01:54:34.923 [ INFO] maestro.cli.runner.TestRunner.runSingle$lambda$0: Running flow expat_avs_verification.yaml...
01:54:34.935 [ INFO] maestro.Maestro.cachedDeviceInfo_delegate$lambda$0: Getting device info
01:54:35.125 [ INFO] maestro.Maestro.cachedDeviceInfo_delegate$lambda$0: Got device info: DeviceInfo(platform=IOS, widthPixels=1206, heightPixels=2622, widthGrid=402, heightGrid=874)
01:54:35.155 [ INFO] maestro.cli.runner.MaestroCommandRunner.runCommands$lambda$0: Define variables RUNNING
01:54:35.159 [ INFO] maestro.cli.runner.MaestroCommandRunner.runCommands$lambda$11: Define variables metadata CommandMetadata(numberOfRuns=null, evaluatedCommand=MaestroCommand(defineVariablesCommand=DefineVariablesCommand(env={MAESTRO_CLI_NO_ANALYTICS=1, MAESTRO_STALL_THRESHOLD=90, MAESTRO_HARD_LIMIT=300, MAESTRO_FILENAME=expat_avs_verification, MAESTRO_DEVICE_UDID=B03E429D-0422-4357-B754-536637D979F9, MAESTRO_SHARD_ID=1, MAESTRO_SHARD_INDEX=0}, label=null, optional=false)), logMessages=[], insight=Insight(message=, level=NONE), aiReasoning=null, labeledCommand=null)
01:54:35.159 [ INFO] maestro.cli.runner.MaestroCommandRunner.runCommands$lambda$2: Define variables COMPLETED
01:54:35.160 [ INFO] maestro.cli.runner.MaestroCommandRunner.runCommands$lambda$0: Apply configuration RUNNING
01:54:35.162 [ INFO] maestro.cli.runner.MaestroCommandRunner.runCommands$lambda$11: Apply configuration metadata CommandMetadata(numberOfRuns=null, evaluatedCommand=MaestroCommand(applyConfigurationCommand=ApplyConfigurationCommand(config=MaestroConfig(appId=ch.mint.app, name=null, tags=[], ext={}, onFlowStart=null, onFlowComplete=null, properties={}), label=null, optional=false)), logMessages=[], insight=Insight(message=, level=NONE), aiReasoning=null, labeledCommand=null)
01:54:35.162 [ INFO] maestro.cli.runner.MaestroCommandRunner.runCommands$lambda$2: Apply configuration COMPLETED
01:54:35.163 [ INFO] maestro.cli.runner.MaestroCommandRunner.runCommands$lambda$0: Stop ch.mint.app RUNNING
01:54:35.163 [ INFO] maestro.cli.runner.MaestroCommandRunner.runCommands$lambda$11: Stop ch.mint.app metadata CommandMetadata(numberOfRuns=null, evaluatedCommand=MaestroCommand(stopAppCommand=StopAppCommand(appId=ch.mint.app, label=null, optional=false)), logMessages=[], insight=Insight(message=, level=NONE), aiReasoning=null, labeledCommand=null)
01:54:35.164 [ INFO] maestro.Maestro.stopApp$lambda$3: Stopping app ch.mint.app
01:54:35.174 [ INFO] maestro.cli.runner.MaestroCommandRunner.runCommands$lambda$2: Stop ch.mint.app COMPLETED
01:54:35.175 [ INFO] maestro.cli.runner.MaestroCommandRunner.runCommands$lambda$0: Launch app "ch.mint.app" with clear state RUNNING
01:54:35.176 [ INFO] maestro.cli.runner.MaestroCommandRunner.runCommands$lambda$11: Launch app "ch.mint.app" with clear state metadata CommandMetadata(numberOfRuns=null, evaluatedCommand=MaestroCommand(launchAppCommand=LaunchAppCommand(appId=ch.mint.app, clearState=true, clearKeychain=null, stopApp=null, permissions=null, launchArguments=null, label=null, optional=false)), logMessages=[], insight=Insight(message=, level=NONE), aiReasoning=null, labeledCommand=null)
01:54:35.176 [ INFO] maestro.Maestro.clearAppState$lambda$5: Clearing app state ch.mint.app
01:54:35.177 [ INFO] util.LocalSimulatorUtils.clearAppState: Clearing app ch.mint.app state
01:54:35.177 [ INFO] util.LocalSimulatorUtils.terminate: [Start] Terminating app ch.mint.app
01:54:35.177 [ INFO] util.CommandLineUtils.runCommand: Running command line operation: [xcrun, simctl, terminate, B03E429D-0422-4357-B754-536637D979F9, ch.mint.app] with {}
01:54:35.402 [ERROR] util.CommandLineUtils.runCommand: Process failed with exit code 3
01:54:35.402 [ERROR] util.CommandLineUtils.runCommand: Error output An error was encountered processing the command (domain=NSPOSIXErrorDomain, code=3):
Simulator device failed to terminate ch.mint.app.
found nothing to terminate
Underlying error (domain=NSPOSIXErrorDomain, code=3):
	The request to terminate "ch.mint.app" failed. found nothing to terminate
	found nothing to terminate

01:54:35.403 [ INFO] util.LocalSimulatorUtils.terminate: [Done] Terminating app ch.mint.app
01:54:35.826 [ INFO] util.LocalSimulatorUtils.reinstallApp: Copying app binary from /Users/julienbattaglia/Library/Developer/CoreSimulator/Devices/B03E429D-0422-4357-B754-536637D979F9/data/Containers/Bundle/Application/83FDD862-4719-4850-B9EC-17AA9E65751F/Runner.app to /var/folders/nx/wj0h9jwn6h391ntbhf6h2gm40000gn/T/17635979216358277469/ch.mint.app-1783986875825.app
01:54:35.982 [ INFO] util.LocalSimulatorUtils.reinstallApp: Reinstalling and launching ch.mint.app
01:54:35.982 [ INFO] util.CommandLineUtils.runCommand: Running command line operation: [xcrun, simctl, uninstall, B03E429D-0422-4357-B754-536637D979F9, ch.mint.app] with {}
01:54:36.146 [ INFO] util.CommandLineUtils.runCommand: Running command line operation: [xcrun, simctl, install, B03E429D-0422-4357-B754-536637D979F9, /var/folders/nx/wj0h9jwn6h391ntbhf6h2gm40000gn/T/17635979216358277469/ch.mint.app-1783986875825.app] with {}
01:54:36.562 [ INFO] util.LocalSimulatorUtils.reinstallApp: App ch.mint.app reinstalled and launched
01:54:36.564 [ INFO] device.SimctlIOSDevice.setPermissions: [Start] Setting permissions all=allow through applesimutils
01:54:36.564 [ INFO] util.LocalSimulatorUtils.setAppleSimutilsPermissions: [Start] Setting permissions via pinned applesimutils
01:54:36.564 [ INFO] util.CommandLineUtils.runCommand: Running command line operation: [/Users/julienbattaglia/.maestro/deps/applesimutils, --byId, B03E429D-0422-4357-B754-536637D979F9, --bundle, ch.mint.app, --setPermissions, calendar=YES,camera=YES,contacts=YES,faceid=YES,homekit=YES,medialibrary=YES,microphone=YES,motion=YES,photos=YES,reminders=YES,siri=YES,speech=YES,userTracking=YES] with {}
01:54:36.780 [ INFO] util.LocalSimulatorUtils.setAppleSimutilsPermissions: [Done] Setting permissions pinned applesimutils
01:54:36.780 [ INFO] device.SimctlIOSDevice.setPermissions: [Done] Setting permissions through applesimutils
01:54:36.781 [ INFO] device.SimctlIOSDevice.setPermissions: [Start] Setting Permissions all=allow through simctl
01:54:36.781 [ INFO] util.CommandLineUtils.runCommand: Running command line operation: [xcrun, simctl, privacy, B03E429D-0422-4357-B754-536637D979F9, grant, location-always, ch.mint.app] with {}
01:54:36.885 [ INFO] device.SimctlIOSDevice.setPermissions: [Done] Setting Permissions all=allow through simctl
01:54:36.895 [ INFO] maestro.Maestro.launchApp$lambda$2: Launching app ch.mint.app
01:54:36.895 [ INFO] maestro.Maestro.launchApp$lambda$2: Stopping ch.mint.app app during launch
01:54:36.898 [ INFO] util.CommandLineUtils.runCommand: Running command line operation: [xcrun, simctl, launch, B03E429D-0422-4357-B754-536637D979F9, ch.mint.app] with {}
01:54:37.083 [ INFO] maestro.cli.runner.MaestroCommandRunner.runCommands$lambda$2: Launch app "ch.mint.app" with clear state COMPLETED
01:54:37.084 [ INFO] maestro.cli.runner.MaestroCommandRunner.runCommands$lambda$0: Tap on (Optional) "Cancel" RUNNING
01:54:37.086 [ INFO] maestro.cli.runner.MaestroCommandRunner.runCommands$lambda$11: Tap on (Optional) "Cancel" metadata CommandMetadata(numberOfRuns=null, evaluatedCommand=MaestroCommand(tapOnElementCommand=TapOnElementCommand(selector=ElementSelector(textRegex=Cancel, idRegex=null, size=null, below=null, above=null, leftOf=null, rightOf=null, containsChild=null, containsDescendants=null, traits=null, index=null, enabled=null, optional=true, selected=null, checked=null, focused=null, childOf=null, css=null), retryIfNoChange=false, waitUntilVisible=false, longPress=false, repeat=null, waitToSettleTimeoutMs=null, relativePoint=null, label=null, optional=true)), logMessages=[], insight=Insight(message=, level=NONE), aiReasoning=null, labeledCommand=null)
01:54:39.269 [ INFO] maestro.cli.runner.MaestroCommandRunner.runCommands$lambda$11: Tap on (Optional) "Cancel" metadata CommandMetadata(numberOfRuns=null, evaluatedCommand=MaestroCommand(tapOnElementCommand=TapOnElementCommand(selector=ElementSelector(textRegex=Cancel, idRegex=null, size=null, below=null, above=null, leftOf=null, rightOf=null, containsChild=null, containsDescendants=null, traits=null, index=null, enabled=null, optional=true, selected=null, checked=null, focused=null, childOf=null, css=null), retryIfNoChange=false, waitUntilVisible=false, longPress=false, repeat=null, waitToSettleTimeoutMs=null, relativePoint=null, label=null, optional=true)), logMessages=[], insight=Insight(message=, level=NONE), aiReasoning=null, labeledCommand=null)
01:54:39.348 [ INFO] maestro.cli.runner.MaestroCommandRunner.runCommands$lambda$11: Tap on (Optional) "Cancel" metadata CommandMetadata(numberOfRuns=null, evaluatedCommand=MaestroCommand(tapOnElementCommand=TapOnElementCommand(selector=ElementSelector(textRegex=Cancel, idRegex=null, size=null, below=null, above=null, leftOf=null, rightOf=null, containsChild=null, containsDescendants=null, traits=null, index=null, enabled=null, optional=true, selected=null, checked=null, focused=null, childOf=null, css=null), retryIfNoChange=false, waitUntilVisible=false, longPress=false, repeat=null, waitToSettleTimeoutMs=null, relativePoint=null, label=null, optional=true)), logMessages=[], insight=Insight(message=, level=NONE), aiReasoning=null, labeledCommand=null)
01:54:39.425 [ INFO] maestro.cli.runner.MaestroCommandRunner.runCommands$lambda$11: Tap on (Optional) "Cancel" metadata CommandMetadata(numberOfRuns=null, evaluatedCommand=MaestroCommand(tapOnElementCommand=TapOnElementCommand(selector=ElementSelector(textRegex=Cancel, idRegex=null, size=null, below=null, above=null, leftOf=null, rightOf=null, containsChild=null, containsDescendants=null, traits=null, index=null, enabled=null, optional=true, selected=null, checked=null, focused=null, childOf=null, css=null), retryIfNoChange=false, waitUntilVisible=false, longPress=false, repeat=null, waitToSettleTimeoutMs=null, relativePoint=null, label=null, optional=true)), logMessages=[], insight=Insight(message=, level=NONE), aiReasoning=null, labeledCommand=null)
01:54:39.503 [ INFO] maestro.cli.runner.MaestroCommandRunner.runCommands$lambda$11: Tap on (Optional) "Cancel" metadata CommandMetadata(numberOfRuns=null, evaluatedCommand=MaestroCommand(tapOnElementCommand=TapOnElementCommand(selector=ElementSelector(textRegex=Cancel, idRegex=null, size=null, below=null, above=null, leftOf=null, rightOf=null, containsChild=null, containsDescendants=null, traits=null, index=null, enabled=null, optional=true, selected=null, checked=null, focused=null, childOf=null, css=null), retryIfNoChange=false, waitUntilVisible=false, longPress=false, repeat=null, waitToSettleTimeoutMs=null, relativePoint=null, label=null, optional=true)), logMessages=[], insight=Insight(message=, level=NONE), aiReasoning=null, labeledCommand=null)
01:54:39.580 [ INFO] maestro.cli.runner.MaestroCommandRunner.runCommands$lambda$11: Tap on (Optional) "Cancel" metadata CommandMetadata(numberOfRuns=null, evaluatedCommand=MaestroCommand(tapOnElementCommand=TapOnElementCommand(selector=ElementSelector(textRegex=Cancel, idRegex=null, size=null, below=null, above=null, leftOf=null, rightOf=null, containsChild=null, containsDescendants=null, traits=null, index=null, enabled=null, optional=true, selected=null, checked=null, focused=null, childOf=null, css=null), retryIfNoChange=false, waitUntilVisible=false, longPress=false, repeat=null, waitToSettleTimeoutMs=null, relativePoint=null, label=null, optional=true)), logMessages=[], insight=Insight(message=, level=NONE), aiReasoning=null, labeledCommand=null)
01:54:39.659 [ INFO] maestro.cli.runner.MaestroCommandRunner.runCommands$lambda$11: Tap on (Optional) "Cancel" metadata CommandMetadata(numberOfRuns=null, evaluatedCommand=MaestroCommand(tapOnElementCommand=TapOnElementCommand(selector=ElementSelector(textRegex=Cancel, idRegex=null, size=null, below=null, above=null, leftOf=null, rightOf=null, containsChild=null, containsDescendants=null, traits=null, index=null, enabled=null, optional=true, selected=null, checked=null, focused=null, childOf=null, css=null), retryIfNoChange=false, waitUntilVisible=false, longPress=false, repeat=null, waitToSettleTimeoutMs=null, relativePoint=null, label=null, optional=true)), logMessages=[], insight=Insight(message=, level=NONE), aiReasoning=null, labeledCommand=null)
01:54:39.740 [ INFO] maestro.cli.runner.MaestroCommandRunner.runCommands$lambda$11: Tap on (Optional) "Cancel" metadata CommandMetadata(numberOfRuns=null, evaluatedCommand=MaestroCommand(tapOnElementCommand=TapOnElementCommand(selector=ElementSelector(textRegex=Cancel, idRegex=null, size=null, below=null, above=null, leftOf=null, rightOf=null, containsChild=null, containsDescendants=null, traits=null, index=null, enabled=null, optional=true, selected=null, checked=null, focused=null, childOf=null, css=null), retryIfNoChange=false, waitUntilVisible=false, longPress=false, repeat=null, waitToSettleTimeoutMs=null, relativePoint=null, label=null, optional=true)), logMessages=[], insight=Insight(message=, level=NONE), aiReasoning=null, labeledCommand=null)
01:54:39.821 [ INFO] maestro.cli.runner.MaestroCommandRunner.runCommands$lambda$11: Tap on (Optional) "Cancel" metadata CommandMetadata(numberOfRuns=null, evaluatedCommand=MaestroCommand(tapOnElementCommand=TapOnElementCommand(selector=ElementSelector(textRegex=Cancel, idRegex=null, size=null, below=null, above=null, leftOf=null, rightOf=null, containsChild=null, containsDescendants=null, traits=null, index=null, enabled=null, optional=true, selected=null, checked=null, focused=null, childOf=null, css=null), retryIfNoChange=false, waitUntilVisible=false, longPress=false, repeat=null, waitToSettleTimeoutMs=null, relativePoint=null, label=null, optional=true)), logMessages=[], insight=Insight(message=, level=NONE), aiReasoning=null, labeledCommand=null)
01:54:39.899 [ INFO] maestro.cli.runner.MaestroCommandRunner.runCommands$lambda$11: Tap on (Optional) "Cancel" metadata CommandMetadata(numberOfRuns=null, evaluatedCommand=MaestroCommand(tapOnElementCommand=TapOnElementCommand(selector=ElementSelector(textRegex=Cancel, idRegex=null, size=null, below=null, above=null, leftOf=null, rightOf=null, containsChild=null, containsDescendants=null, traits=null, index=null, enabled=null, optional=true, selected=null, checked=null, focused=null, childOf=null, css=null), retryIfNoChange=false, waitUntilVisible=false, longPress=false, repeat=null, waitToSettleTimeoutMs=null, relativePoint=null, label=null, optional=true)), logMessages=[], insight=Insight(message=, level=NONE), aiReasoning=null, labeledCommand=null)
01:54:39.975 [ INFO] maestro.cli.runner.MaestroCommandRunner.runCommands$lambda$11: Tap on (Optional) "Cancel" metadata CommandMetadata(numberOfRuns=null, evaluatedCommand=MaestroCommand(tapOnElementCommand=TapOnElementCommand(selector=ElementSelector(textRegex=Cancel, idRegex=null, size=null, below=null, above=null, leftOf=null, rightOf=null, containsChild=null, containsDescendants=null, traits=null, index=null, enabled=null, optional=true, selected=null, checked=null, focused=null, childOf=null, css=null), retryIfNoChange=false, waitUntilVisible=false, longPress=false, repeat=null, waitToSettleTimeoutMs=null, relativePoint=null, label=null, optional=true)), logMessages=[], insight=Insight(message=, level=NONE), aiReasoning=null, labeledCommand=null)
01:54:40.055 [ INFO] maestro.cli.runner.MaestroCommandRunner.runCommands$lambda$11: Tap on (Optional) "Cancel" metadata CommandMetadata(numberOfRuns=null, evaluatedCommand=MaestroCommand(tapOnElementCommand=TapOnElementCommand(selector=ElementSelector(textRegex=Cancel, idRegex=null, size=null, below=null, above=null, leftOf=null, rightOf=null, containsChild=null, containsDescendants=null, traits=null, index=null, enabled=null, optional=true, selected=null, checked=null, focused=null, childOf=null, css=null), retryIfNoChange=false, waitUntilVisible=false, longPress=false, repeat=null, waitToSettleTimeoutMs=null, relativePoint=null, label=null, optional=true)), logMessages=[], insight=Insight(message=, level=NONE), aiReasoning=null, labeledCommand=null)
01:54:40.135 [ INFO] maestro.cli.runner.MaestroCommandRunner.runCommands$lambda$11: Tap on (Optional) "Cancel" metadata CommandMetadata(numberOfRuns=null, evaluatedCommand=MaestroCommand(tapOnElementCommand=TapOnElementCommand(selector=ElementSelector(textRegex=Cancel, idRegex=null, size=null, below=null, above=null, leftOf=null, rightOf=null, containsChild=null, containsDescendants=null, traits=null, index=null, enabled=null, optional=true, selected=null, checked=null, focused=null, childOf=null, css=null), retryIfNoChange=false, waitUntilVisible=false, longPress=false, repeat=null, waitToSettleTimeoutMs=null, relativePoint=null, label=null, optional=true)), logMessages=[], insight=Insight(message=, level=NONE), aiReasoning=null, labeledCommand=null)
01:54:40.217 [ INFO] maestro.cli.runner.MaestroCommandRunner.runCommands$lambda$11: Tap on (Optional) "Cancel" metadata CommandMetadata(numberOfRuns=null, evaluatedCommand=MaestroCommand(tapOnElementCommand=TapOnElementCommand(selector=ElementSelector(textRegex=Cancel, idRegex=null, size=null, below=null, above=null, leftOf=null, rightOf=null, containsChild=null, containsDescendants=null, traits=null, index=null, enabled=null, optional=true, selected=null, checked=null, focused=null, childOf=null, css=null), retryIfNoChange=false, waitUntilVisible=false, longPress=false, repeat=null, waitToSettleTimeoutMs=null, relativePoint=null, label=null, optional=true)), logMessages=[], insight=Insight(message=, level=NONE), aiReasoning=null, labeledCommand=null)
01:54:40.294 [ INFO] maestro.cli.runner.MaestroCommandRunner.runCommands$lambda$11: Tap on (Optional) "Cancel" metadata CommandMetadata(numberOfRuns=null, evaluatedCommand=MaestroCommand(tapOnElementCommand=TapOnElementCommand(selector=ElementSelector(textRegex=Cancel, idRegex=null, size=null, below=null, above=null, leftOf=null, rightOf=null, containsChild=null, containsDescendants=null, traits=null, index=null, enabled=null, optional=true, selected=null, checked=null, focused=null, childOf=null, css=null), retryIfNoChange=false, waitUntilVisible=false, longPress=false, repeat=null, waitToSettleTimeoutMs=null, relativePoint=null, label=null, optional=true)), logMessages=[], insight=Insight(message=, level=NONE), aiReasoning=null, labeledCommand=null)
01:54:40.370 [ INFO] maestro.cli.runner.MaestroCommandRunner.runCommands$lambda$11: Tap on (Optional) "Cancel" metadata CommandMetadata(numberOfRuns=null, evaluatedCommand=MaestroCommand(tapOnElementCommand=TapOnElementCommand(selector=ElementSelector(textRegex=Cancel, idRegex=null, size=null, below=null, above=null, leftOf=null, rightOf=null, containsChild=null, containsDescendants=null, traits=null, index=null, enabled=null, optional=true, selected=null, checked=null, focused=null, childOf=null, css=null), retryIfNoChange=false, waitUntilVisible=false, longPress=false, repeat=null, waitToSettleTimeoutMs=null, relativePoint=null, label=null, optional=true)), logMessages=[], insight=Insight(message=, level=NONE), aiReasoning=null, labeledCommand=null)
01:54:40.457 [ INFO] maestro.cli.runner.MaestroCommandRunner.runCommands$lambda$11: Tap on (Optional) "Cancel" metadata CommandMetadata(numberOfRuns=null, evaluatedCommand=MaestroCommand(tapOnElementCommand=TapOnElementCommand(selector=ElementSelector(textRegex=Cancel, idRegex=null, size=null, below=null, above=null, leftOf=null, rightOf=null, containsChild=null, containsDescendants=null, traits=null, index=null, enabled=null, optional=true, selected=null, checked=null, focused=null, childOf=null, css=null), retryIfNoChange=false, waitUntilVisible=false, longPress=false, repeat=null, waitToSettleTimeoutMs=null, relativePoint=null, label=null, optional=true)), logMessages=[], insight=Insight(message=, level=NONE), aiReasoning=null, labeledCommand=null)
01:54:40.537 [ INFO] maestro.cli.runner.MaestroCommandRunner.runCommands$lambda$11: Tap on (Optional) "Cancel" metadata CommandMetadata(numberOfRuns=null, evaluatedCommand=MaestroCommand(tapOnElementCommand=TapOnElementCommand(selector=ElementSelector(textRegex=Cancel, idRegex=null, size=null, below=null, above=null, leftOf=null, rightOf=null, containsChild=null, containsDescendants=null, traits=null, index=null, enabled=null, optional=true, selected=null, checked=null, focused=null, childOf=null, css=null), retryIfNoChange=false, waitUntilVisible=false, longPress=false, repeat=null, waitToSettleTimeoutMs=null, relativePoint=null, label=null, optional=true)), logMessages=[], insight=Insight(message=, level=NONE), aiReasoning=null, labeledCommand=null)
01:54:40.617 [ INFO] maestro.cli.runner.MaestroCommandRunner.runCommands$lambda$11: Tap on (Optional) "Cancel" metadata CommandMetadata(numberOfRuns=null, evaluatedCommand=MaestroCommand(tapOnElementCommand=TapOnElementCommand(selector=ElementSelector(textRegex=Cancel, idRegex=null, size=null, below=null, above=null, leftOf=null, rightOf=null, containsChild=null, containsDescendants=null, traits=null, index=null, enabled=null, optional=true, selected=null, checked=null, focused=null, childOf=null, css=null), retryIfNoChange=false, waitUntilVisible=false, longPress=false, repeat=null, waitToSettleTimeoutMs=null, relativePoint=null, label=null, optional=true)), logMessages=[], insight=Insight(message=, level=NONE), aiReasoning=null, labeledCommand=null)
01:54:40.708 [ INFO] maestro.cli.runner.MaestroCommandRunner.runCommands$lambda$11: Tap on (Optional) "Cancel" metadata CommandMetadata(numberOfRuns=null, evaluatedCommand=MaestroCommand(tapOnElementCommand=TapOnElementCommand(selector=ElementSelector(textRegex=Cancel, idRegex=null, size=null, below=null, above=null, leftOf=null, rightOf=null, containsChild=null, containsDescendants=null, traits=null, index=null, enabled=null, optional=true, selected=null, checked=null, focused=null, childOf=null, css=null), retryIfNoChange=false, waitUntilVisible=false, longPress=false, repeat=null, waitToSettleTimeoutMs=null, relativePoint=null, label=null, optional=true)), logMessages=[], insight=Insight(message=, level=NONE), aiReasoning=null, labeledCommand=null)
01:54:40.787 [ INFO] maestro.cli.runner.MaestroCommandRunner.runCommands$lambda$11: Tap on (Optional) "Cancel" metadata CommandMetadata(numberOfRuns=null, evaluatedCommand=MaestroCommand(tapOnElementCommand=TapOnElementCommand(selector=ElementSelector(textRegex=Cancel, idRegex=null, size=null, below=null, above=null, leftOf=null, rightOf=null, containsChild=null, containsDescendants=null, traits=null, index=null, enabled=null, optional=true, selected=null, checked=null, focused=null, childOf=null, css=null), retryIfNoChange=false, waitUntilVisible=false, longPress=false, repeat=null, waitToSettleTimeoutMs=null, relativePoint=null, label=null, optional=true)), logMessages=[], insight=Insight(message=, level=NONE), aiReasoning=null, labeledCommand=null)
01:54:40.865 [ INFO] maestro.cli.runner.MaestroCommandRunner.runCommands$lambda$11: Tap on (Optional) "Cancel" metadata CommandMetadata(numberOfRuns=null, evaluatedCommand=MaestroCommand(tapOnElementCommand=TapOnElementCommand(selector=ElementSelector(textRegex=Cancel, idRegex=null, size=null, below=null, above=null, leftOf=null, rightOf=null, containsChild=null, containsDescendants=null, traits=null, index=null, enabled=null, optional=true, selected=null, checked=null, focused=null, childOf=null, css=null), retryIfNoChange=false, waitUntilVisible=false, longPress=false, repeat=null, waitToSettleTimeoutMs=null, relativePoint=null, label=null, optional=true)), logMessages=[], insight=Insight(message=, level=NONE), aiReasoning=null, labeledCommand=null)
01:54:40.946 [ INFO] maestro.cli.runner.MaestroCommandRunner.runCommands$lambda$11: Tap on (Optional) "Cancel" metadata CommandMetadata(numberOfRuns=null, evaluatedCommand=MaestroCommand(tapOnElementCommand=TapOnElementCommand(selector=ElementSelector(textRegex=Cancel, idRegex=null, size=null, below=null, above=null, leftOf=null, rightOf=null, containsChild=null, containsDescendants=null, traits=null, index=null, enabled=null, optional=true, selected=null, checked=null, focused=null, childOf=null, css=null), retryIfNoChange=false, waitUntilVisible=false, longPress=false, repeat=null, waitToSettleTimeoutMs=null, relativePoint=null, label=null, optional=true)), logMessages=[], insight=Insight(message=, level=NONE), aiReasoning=null, labeledCommand=null)
01:54:41.024 [ INFO] maestro.cli.runner.MaestroCommandRunner.runCommands$lambda$11: Tap on (Optional) "Cancel" metadata CommandMetadata(numberOfRuns=null, evaluatedCommand=MaestroCommand(tapOnElementCommand=TapOnElementCommand(selector=ElementSelector(textRegex=Cancel, idRegex=null, size=null, below=null, above=null, leftOf=null, rightOf=null, containsChild=null, containsDescendants=null, traits=null, index=null, enabled=null, optional=true, selected=null, checked=null, focused=null, childOf=null, css=null), retryIfNoChange=false, waitUntilVisible=false, longPress=false, repeat=null, waitToSettleTimeoutMs=null, relativePoint=null, label=null, optional=true)), logMessages=[], insight=Insight(message=, level=NONE), aiReasoning=null, labeledCommand=null)
01:54:41.104 [ INFO] maestro.cli.runner.MaestroCommandRunner.runCommands$lambda$11: Tap on (Optional) "Cancel" metadata CommandMetadata(numberOfRuns=null, evaluatedCommand=MaestroCommand(tapOnElementCommand=TapOnElementCommand(selector=ElementSelector(textRegex=Cancel, idRegex=null, size=null, below=null, above=null, leftOf=null, rightOf=null, containsChild=null, containsDescendants=null, traits=null, index=null, enabled=null, optional=true, selected=null, checked=null, focused=null, childOf=null, css=null), retryIfNoChange=false, waitUntilVisible=false, longPress=false, repeat=null, waitToSettleTimeoutMs=null, relativePoint=null, label=null, optional=true)), logMessages=[], insight=Insight(message=, level=NONE), aiReasoning=null, labeledCommand=null)
01:54:41.186 [ INFO] maestro.cli.runner.MaestroCommandRunner.runCommands$lambda$11: Tap on (Optional) "Cancel" metadata CommandMetadata(numberOfRuns=null, evaluatedCommand=MaestroCommand(tapOnElementCommand=TapOnElementCommand(selector=ElementSelector(textRegex=Cancel, idRegex=null, size=null, below=null, above=null, leftOf=null, rightOf=null, containsChild=null, containsDescendants=null, traits=null, index=null, enabled=null, optional=true, selected=null, checked=null, focused=null, childOf=null, css=null), retryIfNoChange=false, waitUntilVisible=false, longPress=false, repeat=null, waitToSettleTimeoutMs=null, relativePoint=null, label=null, optional=true)), logMessages=[], insight=Insight(message=, level=NONE), aiReasoning=null, labeledCommand=null)
01:54:41.264 [ INFO] maestro.cli.runner.MaestroCommandRunner.runCommands$lambda$11: Tap on (Optional) "Cancel" metadata CommandMetadata(numberOfRuns=null, evaluatedCommand=MaestroCommand(tapOnElementCommand=TapOnElementCommand(selector=ElementSelector(textRegex=Cancel, idRegex=null, size=null, below=null, above=null, leftOf=null, rightOf=null, containsChild=null, containsDescendants=null, traits=null, index=null, enabled=null, optional=true, selected=null, checked=null, focused=null, childOf=null, css=null), retryIfNoChange=false, waitUntilVisible=false, longPress=false, repeat=null, waitToSettleTimeoutMs=null, relativePoint=null, label=null, optional=true)), logMessages=[], insight=Insight(message=, level=NONE), aiReasoning=null, labeledCommand=null)
01:54:41.342 [ INFO] maestro.cli.runner.MaestroCommandRunner.runCommands$lambda$11: Tap on (Optional) "Cancel" metadata CommandMetadata(numberOfRuns=null, evaluatedCommand=MaestroCommand(tapOnElementCommand=TapOnElementCommand(selector=ElementSelector(textRegex=Cancel, idRegex=null, size=null, below=null, above=null, leftOf=null, rightOf=null, containsChild=null, containsDescendants=null, traits=null, index=null, enabled=null, optional=true, selected=null, checked=null, focused=null, childOf=null, css=null), retryIfNoChange=false, waitUntilVisible=false, longPress=false, repeat=null, waitToSettleTimeoutMs=null, relativePoint=null, label=null, optional=true)), logMessages=[], insight=Insight(message=, level=NONE), aiReasoning=null, labeledCommand=null)
01:54:41.421 [ INFO] maestro.cli.runner.MaestroCommandRunner.runCommands$lambda$11: Tap on (Optional) "Cancel" metadata CommandMetadata(numberOfRuns=null, evaluatedCommand=MaestroCommand(tapOnElementCommand=TapOnElementCommand(selector=ElementSelector(textRegex=Cancel, idRegex=null, size=null, below=null, above=null, leftOf=null, rightOf=null, containsChild=null, containsDescendants=null, traits=null, index=null, enabled=null, optional=true, selected=null, checked=null, focused=null, childOf=null, css=null), retryIfNoChange=false, waitUntilVisible=false, longPress=false, repeat=null, waitToSettleTimeoutMs=null, relativePoint=null, label=null, optional=true)), logMessages=[], insight=Insight(message=, level=NONE), aiReasoning=null, labeledCommand=null)
01:54:41.503 [ INFO] maestro.cli.runner.MaestroCommandRunner.runCommands$lambda$11: Tap on (Optional) "Cancel" metadata CommandMetadata(numberOfRuns=null, evaluatedCommand=MaestroCommand(tapOnElementCommand=TapOnElementCommand(selector=ElementSelector(textRegex=Cancel, idRegex=null, size=null, below=null, above=null, leftOf=null, rightOf=null, containsChild=null, containsDescendants=null, traits=null, index=null, enabled=null, optional=true, selected=null, checked=null, focused=null, childOf=null, css=null), retryIfNoChange=false, waitUntilVisible=false, longPress=false, repeat=null, waitToSettleTimeoutMs=null, relativePoint=null, label=null, optional=true)), logMessages=[], insight=Insight(message=, level=NONE), aiReasoning=null, labeledCommand=null)
01:54:41.585 [ INFO] maestro.cli.runner.MaestroCommandRunner.runCommands$lambda$11: Tap on (Optional) "Cancel" metadata CommandMetadata(numberOfRuns=null, evaluatedCommand=MaestroCommand(tapOnElementCommand=TapOnElementCommand(selector=ElementSelector(textRegex=Cancel, idRegex=null, size=null, below=null, above=null, leftOf=null, rightOf=null, containsChild=null, containsDescendants=null, traits=null, index=null, enabled=null, optional=true, selected=null, checked=null, focused=null, childOf=null, css=null), retryIfNoChange=false, waitUntilVisible=false, longPress=false, repeat=null, waitToSettleTimeoutMs=null, relativePoint=null, label=null, optional=true)), logMessages=[], insight=Insight(message=, level=NONE), aiReasoning=null, labeledCommand=null)
01:54:41.662 [ INFO] maestro.cli.runner.MaestroCommandRunner.runCommands$lambda$11: Tap on (Optional) "Cancel" metadata CommandMetadata(numberOfRuns=null, evaluatedCommand=MaestroCommand(tapOnElementCommand=TapOnElementCommand(selector=ElementSelector(textRegex=Cancel, idRegex=null, size=null, below=null, above=null, leftOf=null, rightOf=null, containsChild=null, containsDescendants=null, traits=null, index=null, enabled=null, optional=true, selected=null, checked=null, focused=null, childOf=null, css=null), retryIfNoChange=false, waitUntilVisible=false, longPress=false, repeat=null, waitToSettleTimeoutMs=null, relativePoint=null, label=null, optional=true)), logMessages=[], insight=Insight(message=, level=NONE), aiReasoning=null, labeledCommand=null)
01:54:41.738 [ INFO] maestro.cli.runner.MaestroCommandRunner.runCommands$lambda$11: Tap on (Optional) "Cancel" metadata CommandMetadata(numberOfRuns=null, evaluatedCommand=MaestroCommand(tapOnElementCommand=TapOnElementCommand(selector=ElementSelector(textRegex=Cancel, idRegex=null, size=null, below=null, above=null, leftOf=null, rightOf=null, containsChild=null, containsDescendants=null, traits=null, index=null, enabled=null, optional=true, selected=null, checked=null, focused=null, childOf=null, css=null), retryIfNoChange=false, waitUntilVisible=false, longPress=false, repeat=null, waitToSettleTimeoutMs=null, relativePoint=null, label=null, optional=true)), logMessages=[], insight=Insight(message=, level=NONE), aiReasoning=null, labeledCommand=null)
01:54:41.815 [ INFO] maestro.cli.runner.MaestroCommandRunner.runCommands$lambda$11: Tap on (Optional) "Cancel" metadata CommandMetadata(numberOfRuns=null, evaluatedCommand=MaestroCommand(tapOnElementCommand=TapOnElementCommand(selector=ElementSelector(textRegex=Cancel, idRegex=null, size=null, below=null, above=null, leftOf=null, rightOf=null, containsChild=null, containsDescendants=null, traits=null, index=null, enabled=null, optional=true, selected=null, checked=null, focused=null, childOf=null, css=null), retryIfNoChange=false, waitUntilVisible=false, longPress=false, repeat=null, waitToSettleTimeoutMs=null, relativePoint=null, label=null, optional=true)), logMessages=[], insight=Insight(message=, level=NONE), aiReasoning=null, labeledCommand=null)
01:54:41.899 [ INFO] maestro.cli.runner.MaestroCommandRunner.runCommands$lambda$11: Tap on (Optional) "Cancel" metadata CommandMetadata(numberOfRuns=null, evaluatedCommand=MaestroCommand(tapOnElementCommand=TapOnElementCommand(selector=ElementSelector(textRegex=Cancel, idRegex=null, size=null, below=null, above=null, leftOf=null, rightOf=null, containsChild=null, containsDescendants=null, traits=null, index=null, enabled=null, optional=true, selected=null, checked=null, focused=null, childOf=null, css=null), retryIfNoChange=false, waitUntilVisible=false, longPress=false, repeat=null, waitToSettleTimeoutMs=null, relativePoint=null, label=null, optional=true)), logMessages=[], insight=Insight(message=, level=NONE), aiReasoning=null, labeledCommand=null)
01:54:41.979 [ INFO] maestro.cli.runner.MaestroCommandRunner.runCommands$lambda$11: Tap on (Optional) "Cancel" metadata CommandMetadata(numberOfRuns=null, evaluatedCommand=MaestroCommand(tapOnElementCommand=TapOnElementCommand(selector=ElementSelector(textRegex=Cancel, idRegex=null, size=null, below=null, above=null, leftOf=null, rightOf=null, containsChild=null, containsDescendants=null, traits=null, index=null, enabled=null, optional=true, selected=null, checked=null, focused=null, childOf=null, css=null), retryIfNoChange=false, waitUntilVisible=false, longPress=false, repeat=null, waitToSettleTimeoutMs=null, relativePoint=null, label=null, optional=true)), logMessages=[], insight=Insight(message=, level=NONE), aiReasoning=null, labeledCommand=null)
01:54:42.087 [ INFO] maestro.cli.runner.MaestroCommandRunner.runCommands$lambda$11: Tap on (Optional) "Cancel" metadata CommandMetadata(numberOfRuns=null, evaluatedCommand=MaestroCommand(tapOnElementCommand=TapOnElementCommand(selector=ElementSelector(textRegex=Cancel, idRegex=null, size=null, below=null, above=null, leftOf=null, rightOf=null, containsChild=null, containsDescendants=null, traits=null, index=null, enabled=null, optional=true, selected=null, checked=null, focused=null, childOf=null, css=null), retryIfNoChange=false, waitUntilVisible=false, longPress=false, repeat=null, waitToSettleTimeoutMs=null, relativePoint=null, label=null, optional=true)), logMessages=[], insight=Insight(message=, level=NONE), aiReasoning=null, labeledCommand=null)
01:54:42.190 [ INFO] maestro.cli.runner.MaestroCommandRunner.runCommands$lambda$11: Tap on (Optional) "Cancel" metadata CommandMetadata(numberOfRuns=null, evaluatedCommand=MaestroCommand(tapOnElementCommand=TapOnElementCommand(selector=ElementSelector(textRegex=Cancel, idRegex=null, size=null, below=null, above=null, leftOf=null, rightOf=null, containsChild=null, containsDescendants=null, traits=null, index=null, enabled=null, optional=true, selected=null, checked=null, focused=null, childOf=null, css=null), retryIfNoChange=false, waitUntilVisible=false, longPress=false, repeat=null, waitToSettleTimeoutMs=null, relativePoint=null, label=null, optional=true)), logMessages=[], insight=Insight(message=, level=NONE), aiReasoning=null, labeledCommand=null)
01:54:42.324 [ INFO] maestro.cli.runner.MaestroCommandRunner.runCommands$lambda$11: Tap on (Optional) "Cancel" metadata CommandMetadata(numberOfRuns=null, evaluatedCommand=MaestroCommand(tapOnElementCommand=TapOnElementCommand(selector=ElementSelector(textRegex=Cancel, idRegex=null, size=null, below=null, above=null, leftOf=null, rightOf=null, containsChild=null, containsDescendants=null, traits=null, index=null, enabled=null, optional=true, selected=null, checked=null, focused=null, childOf=null, css=null), retryIfNoChange=false, waitUntilVisible=false, longPress=false, repeat=null, waitToSettleTimeoutMs=null, relativePoint=null, label=null, optional=true)), logMessages=[], insight=Insight(message=, level=NONE), aiReasoning=null, labeledCommand=null)
01:54:42.404 [ INFO] maestro.cli.runner.MaestroCommandRunner.runCommands$lambda$11: Tap on (Optional) "Cancel" metadata CommandMetadata(numberOfRuns=null, evaluatedCommand=MaestroCommand(tapOnElementCommand=TapOnElementCommand(selector=ElementSelector(textRegex=Cancel, idRegex=null, size=null, below=null, above=null, leftOf=null, rightOf=null, containsChild=null, containsDescendants=null, traits=null, index=null, enabled=null, optional=true, selected=null, checked=null, focused=null, childOf=null, css=null), retryIfNoChange=false, waitUntilVisible=false, longPress=false, repeat=null, waitToSettleTimeoutMs=null, relativePoint=null, label=null, optional=true)), logMessages=[], insight=Insight(message=, level=NONE), aiReasoning=null, labeledCommand=null)
01:54:42.483 [ INFO] maestro.cli.runner.MaestroCommandRunner.runCommands$lambda$11: Tap on (Optional) "Cancel" metadata CommandMetadata(numberOfRuns=null, evaluatedCommand=MaestroCommand(tapOnElementCommand=TapOnElementCommand(selector=ElementSelector(textRegex=Cancel, idRegex=null, size=null, below=null, above=null, leftOf=null, rightOf=null, containsChild=null, containsDescendants=null, traits=null, index=null, enabled=null, optional=true, selected=null, checked=null, focused=null, childOf=null, css=null), retryIfNoChange=false, waitUntilVisible=false, longPress=false, repeat=null, waitToSettleTimeoutMs=null, relativePoint=null, label=null, optional=true)), logMessages=[], insight=Insight(message=, level=NONE), aiReasoning=null, labeledCommand=null)
01:54:42.568 [ INFO] maestro.cli.runner.MaestroCommandRunner.runCommands$lambda$11: Tap on (Optional) "Cancel" metadata CommandMetadata(numberOfRuns=null, evaluatedCommand=MaestroCommand(tapOnElementCommand=TapOnElementCommand(selector=ElementSelector(textRegex=Cancel, idRegex=null, size=null, below=null, above=null, leftOf=null, rightOf=null, containsChild=null, containsDescendants=null, traits=null, index=null, enabled=null, optional=true, selected=null, checked=null, focused=null, childOf=null, css=null), retryIfNoChange=false, waitUntilVisible=false, longPress=false, repeat=null, waitToSettleTimeoutMs=null, relativePoint=null, label=null, optional=true)), logMessages=[], insight=Insight(message=, level=NONE), aiReasoning=null, labeledCommand=null)
01:54:42.648 [ INFO] maestro.cli.runner.MaestroCommandRunner.runCommands$lambda$11: Tap on (Optional) "Cancel" metadata CommandMetadata(numberOfRuns=null, evaluatedCommand=MaestroCommand(tapOnElementCommand=TapOnElementCommand(selector=ElementSelector(textRegex=Cancel, idRegex=null, size=null, below=null, above=null, leftOf=null, rightOf=null, containsChild=null, containsDescendants=null, traits=null, index=null, enabled=null, optional=true, selected=null, checked=null, focused=null, childOf=null, css=null), retryIfNoChange=false, waitUntilVisible=false, longPress=false, repeat=null, waitToSettleTimeoutMs=null, relativePoint=null, label=null, optional=true)), logMessages=[], insight=Insight(message=, level=NONE), aiReasoning=null, labeledCommand=null)
01:54:42.723 [ INFO] maestro.cli.runner.MaestroCommandRunner.runCommands$lambda$11: Tap on (Optional) "Cancel" metadata CommandMetadata(numberOfRuns=null, evaluatedCommand=MaestroCommand(tapOnElementCommand=TapOnElementCommand(selector=ElementSelector(textRegex=Cancel, idRegex=null, size=null, below=null, above=null, leftOf=null, rightOf=null, containsChild=null, containsDescendants=null, traits=null, index=null, enabled=null, optional=true, selected=null, checked=null, focused=null, childOf=null, css=null), retryIfNoChange=false, waitUntilVisible=false, longPress=false, repeat=null, waitToSettleTimeoutMs=null, relativePoint=null, label=null, optional=true)), logMessages=[], insight=Insight(message=, level=NONE), aiReasoning=null, labeledCommand=null)
01:54:42.798 [ INFO] maestro.cli.runner.MaestroCommandRunner.runCommands$lambda$11: Tap on (Optional) "Cancel" metadata CommandMetadata(numberOfRuns=null, evaluatedCommand=MaestroCommand(tapOnElementCommand=TapOnElementCommand(selector=ElementSelector(textRegex=Cancel, idRegex=null, size=null, below=null, above=null, leftOf=null, rightOf=null, containsChild=null, containsDescendants=null, traits=null, index=null, enabled=null, optional=true, selected=null, checked=null, focused=null, childOf=null, css=null), retryIfNoChange=false, waitUntilVisible=false, longPress=false, repeat=null, waitToSettleTimeoutMs=null, relativePoint=null, label=null, optional=true)), logMessages=[], insight=Insight(message=, level=NONE), aiReasoning=null, labeledCommand=null)
01:54:42.872 [ INFO] maestro.cli.runner.MaestroCommandRunner.runCommands$lambda$11: Tap on (Optional) "Cancel" metadata CommandMetadata(numberOfRuns=null, evaluatedCommand=MaestroCommand(tapOnElementCommand=TapOnElementCommand(selector=ElementSelector(textRegex=Cancel, idRegex=null, size=null, below=null, above=null, leftOf=null, rightOf=null, containsChild=null, containsDescendants=null, traits=null, index=null, enabled=null, optional=true, selected=null, checked=null, focused=null, childOf=null, css=null), retryIfNoChange=false, waitUntilVisible=false, longPress=false, repeat=null, waitToSettleTimeoutMs=null, relativePoint=null, label=null, optional=true)), logMessages=[], insight=Insight(message=, level=NONE), aiReasoning=null, labeledCommand=null)
01:54:42.948 [ INFO] maestro.cli.runner.MaestroCommandRunner.runCommands$lambda$11: Tap on (Optional) "Cancel" metadata CommandMetadata(numberOfRuns=null, evaluatedCommand=MaestroCommand(tapOnElementCommand=TapOnElementCommand(selector=ElementSelector(textRegex=Cancel, idRegex=null, size=null, below=null, above=null, leftOf=null, rightOf=null, containsChild=null, containsDescendants=null, traits=null, index=null, enabled=null, optional=true, selected=null, checked=null, focused=null, childOf=null, css=null), retryIfNoChange=false, waitUntilVisible=false, longPress=false, repeat=null, waitToSettleTimeoutMs=null, relativePoint=null, label=null, optional=true)), logMessages=[], insight=Insight(message=, level=NONE), aiReasoning=null, labeledCommand=null)
01:54:43.023 [ INFO] maestro.cli.runner.MaestroCommandRunner.runCommands$lambda$11: Tap on (Optional) "Cancel" metadata CommandMetadata(numberOfRuns=null, evaluatedCommand=MaestroCommand(tapOnElementCommand=TapOnElementCommand(selector=ElementSelector(textRegex=Cancel, idRegex=null, size=null, below=null, above=null, leftOf=null, rightOf=null, containsChild=null, containsDescendants=null, traits=null, index=null, enabled=null, optional=true, selected=null, checked=null, focused=null, childOf=null, css=null), retryIfNoChange=false, waitUntilVisible=false, longPress=false, repeat=null, waitToSettleTimeoutMs=null, relativePoint=null, label=null, optional=true)), logMessages=[], insight=Insight(message=, level=NONE), aiReasoning=null, labeledCommand=null)
01:54:43.098 [ INFO] maestro.cli.runner.MaestroCommandRunner.runCommands$lambda$11: Tap on (Optional) "Cancel" metadata CommandMetadata(numberOfRuns=null, evaluatedCommand=MaestroCommand(tapOnElementCommand=TapOnElementCommand(selector=ElementSelector(textRegex=Cancel, idRegex=null, size=null, below=null, above=null, leftOf=null, rightOf=null, containsChild=null, containsDescendants=null, traits=null, index=null, enabled=null, optional=true, selected=null, checked=null, focused=null, childOf=null, css=null), retryIfNoChange=false, waitUntilVisible=false, longPress=false, repeat=null, waitToSettleTimeoutMs=null, relativePoint=null, label=null, optional=true)), logMessages=[], insight=Insight(message=, level=NONE), aiReasoning=null, labeledCommand=null)
01:54:43.174 [ INFO] maestro.cli.runner.MaestroCommandRunner.runCommands$lambda$11: Tap on (Optional) "Cancel" metadata CommandMetadata(numberOfRuns=null, evaluatedCommand=MaestroCommand(tapOnElementCommand=TapOnElementCommand(selector=ElementSelector(textRegex=Cancel, idRegex=null, size=null, below=null, above=null, leftOf=null, rightOf=null, containsChild=null, containsDescendants=null, traits=null, index=null, enabled=null, optional=true, selected=null, checked=null, focused=null, childOf=null, css=null), retryIfNoChange=false, waitUntilVisible=false, longPress=false, repeat=null, waitToSettleTimeoutMs=null, relativePoint=null, label=null, optional=true)), logMessages=[], insight=Insight(message=, level=NONE), aiReasoning=null, labeledCommand=null)
01:54:43.249 [ INFO] maestro.cli.runner.MaestroCommandRunner.runCommands$lambda$11: Tap on (Optional) "Cancel" metadata CommandMetadata(numberOfRuns=null, evaluatedCommand=MaestroCommand(tapOnElementCommand=TapOnElementCommand(selector=ElementSelector(textRegex=Cancel, idRegex=null, size=null, below=null, above=null, leftOf=null, rightOf=null, containsChild=null, containsDescendants=null, traits=null, index=null, enabled=null, optional=true, selected=null, checked=null, focused=null, childOf=null, css=null), retryIfNoChange=false, waitUntilVisible=false, longPress=false, repeat=null, waitToSettleTimeoutMs=null, relativePoint=null, label=null, optional=true)), logMessages=[], insight=Insight(message=, level=NONE), aiReasoning=null, labeledCommand=null)
01:54:43.326 [ INFO] maestro.cli.runner.MaestroCommandRunner.runCommands$lambda$11: Tap on (Optional) "Cancel" metadata CommandMetadata(numberOfRuns=null, evaluatedCommand=MaestroCommand(tapOnElementCommand=TapOnElementCommand(selector=ElementSelector(textRegex=Cancel, idRegex=null, size=null, below=null, above=null, leftOf=null, rightOf=null, containsChild=null, containsDescendants=null, traits=null, index=null, enabled=null, optional=true, selected=null, checked=null, focused=null, childOf=null, css=null), retryIfNoChange=false, waitUntilVisible=false, longPress=false, repeat=null, waitToSettleTimeoutMs=null, relativePoint=null, label=null, optional=true)), logMessages=[], insight=Insight(message=, level=NONE), aiReasoning=null, labeledCommand=null)
01:54:43.401 [ INFO] maestro.cli.runner.MaestroCommandRunner.runCommands$lambda$11: Tap on (Optional) "Cancel" metadata CommandMetadata(numberOfRuns=null, evaluatedCommand=MaestroCommand(tapOnElementCommand=TapOnElementCommand(selector=ElementSelector(textRegex=Cancel, idRegex=null, size=null, below=null, above=null, leftOf=null, rightOf=null, containsChild=null, containsDescendants=null, traits=null, index=null, enabled=null, optional=true, selected=null, checked=null, focused=null, childOf=null, css=null), retryIfNoChange=false, waitUntilVisible=false, longPress=false, repeat=null, waitToSettleTimeoutMs=null, relativePoint=null, label=null, optional=true)), logMessages=[], insight=Insight(message=, level=NONE), aiReasoning=null, labeledCommand=null)
01:54:43.476 [ INFO] maestro.cli.runner.MaestroCommandRunner.runCommands$lambda$11: Tap on (Optional) "Cancel" metadata CommandMetadata(numberOfRuns=null, evaluatedCommand=MaestroCommand(tapOnElementCommand=TapOnElementCommand(selector=ElementSelector(textRegex=Cancel, idRegex=null, size=null, below=null, above=null, leftOf=null, rightOf=null, containsChild=null, containsDescendants=null, traits=null, index=null, enabled=null, optional=true, selected=null, checked=null, focused=null, childOf=null, css=null), retryIfNoChange=false, waitUntilVisible=false, longPress=false, repeat=null, waitToSettleTimeoutMs=null, relativePoint=null, label=null, optional=true)), logMessages=[], insight=Insight(message=, level=NONE), aiReasoning=null, labeledCommand=null)
01:54:43.551 [ INFO] maestro.cli.runner.MaestroCommandRunner.runCommands$lambda$11: Tap on (Optional) "Cancel" metadata CommandMetadata(numberOfRuns=null, evaluatedCommand=MaestroCommand(tapOnElementCommand=TapOnElementCommand(selector=ElementSelector(textRegex=Cancel, idRegex=null, size=null, below=null, above=null, leftOf=null, rightOf=null, containsChild=null, containsDescendants=null, traits=null, index=null, enabled=null, optional=true, selected=null, checked=null, focused=null, childOf=null, css=null), retryIfNoChange=false, waitUntilVisible=false, longPress=false, repeat=null, waitToSettleTimeoutMs=null, relativePoint=null, label=null, optional=true)), logMessages=[], insight=Insight(message=, level=NONE), aiReasoning=null, labeledCommand=null)
01:54:43.625 [ INFO] maestro.cli.runner.MaestroCommandRunner.runCommands$lambda$11: Tap on (Optional) "Cancel" metadata CommandMetadata(numberOfRuns=null, evaluatedCommand=MaestroCommand(tapOnElementCommand=TapOnElementCommand(selector=ElementSelector(textRegex=Cancel, idRegex=null, size=null, below=null, above=null, leftOf=null, rightOf=null, containsChild=null, containsDescendants=null, traits=null, index=null, enabled=null, optional=true, selected=null, checked=null, focused=null, childOf=null, css=null), retryIfNoChange=false, waitUntilVisible=false, longPress=false, repeat=null, waitToSettleTimeoutMs=null, relativePoint=null, label=null, optional=true)), logMessages=[], insight=Insight(message=, level=NONE), aiReasoning=null, labeledCommand=null)
01:54:43.702 [ INFO] maestro.cli.runner.MaestroCommandRunner.runCommands$lambda$11: Tap on (Optional) "Cancel" metadata CommandMetadata(numberOfRuns=null, evaluatedCommand=MaestroCommand(tapOnElementCommand=TapOnElementCommand(selector=ElementSelector(textRegex=Cancel, idRegex=null, size=null, below=null, above=null, leftOf=null, rightOf=null, containsChild=null, containsDescendants=null, traits=null, index=null, enabled=null, optional=true, selected=null, checked=null, focused=null, childOf=null, css=null), retryIfNoChange=false, waitUntilVisible=false, longPress=false, repeat=null, waitToSettleTimeoutMs=null, relativePoint=null, label=null, optional=true)), logMessages=[], insight=Insight(message=, level=NONE), aiReasoning=null, labeledCommand=null)
01:54:43.776 [ INFO] maestro.cli.runner.MaestroCommandRunner.runCommands$lambda$11: Tap on (Optional) "Cancel" metadata CommandMetadata(numberOfRuns=null, evaluatedCommand=MaestroCommand(tapOnElementCommand=TapOnElementCommand(selector=ElementSelector(textRegex=Cancel, idRegex=null, size=null, below=null, above=null, leftOf=null, rightOf=null, containsChild=null, containsDescendants=null, traits=null, index=null, enabled=null, optional=true, selected=null, checked=null, focused=null, childOf=null, css=null), retryIfNoChange=false, waitUntilVisible=false, longPress=false, repeat=null, waitToSettleTimeoutMs=null, relativePoint=null, label=null, optional=true)), logMessages=[], insight=Insight(message=, level=NONE), aiReasoning=null, labeledCommand=null)
01:54:43.851 [ INFO] maestro.cli.runner.MaestroCommandRunner.runCommands$lambda$11: Tap on (Optional) "Cancel" metadata CommandMetadata(numberOfRuns=null, evaluatedCommand=MaestroCommand(tapOnElementCommand=TapOnElementCommand(selector=ElementSelector(textRegex=Cancel, idRegex=null, size=null, below=null, above=null, leftOf=null, rightOf=null, containsChild=null, containsDescendants=null, traits=null, index=null, enabled=null, optional=true, selected=null, checked=null, focused=null, childOf=null, css=null), retryIfNoChange=false, waitUntilVisible=false, longPress=false, repeat=null, waitToSettleTimeoutMs=null, relativePoint=null, label=null, optional=true)), logMessages=[], insight=Insight(message=, level=NONE), aiReasoning=null, labeledCommand=null)
01:54:43.927 [ INFO] maestro.cli.runner.MaestroCommandRunner.runCommands$lambda$11: Tap on (Optional) "Cancel" metadata CommandMetadata(numberOfRuns=null, evaluatedCommand=MaestroCommand(tapOnElementCommand=TapOnElementCommand(selector=ElementSelector(textRegex=Cancel, idRegex=null, size=null, below=null, above=null, leftOf=null, rightOf=null, containsChild=null, containsDescendants=null, traits=null, index=null, enabled=null, optional=true, selected=null, checked=null, focused=null, childOf=null, css=null), retryIfNoChange=false, waitUntilVisible=false, longPress=false, repeat=null, waitToSettleTimeoutMs=null, relativePoint=null, label=null, optional=true)), logMessages=[], insight=Insight(message=, level=NONE), aiReasoning=null, labeledCommand=null)
01:54:44.002 [ INFO] maestro.cli.runner.MaestroCommandRunner.runCommands$lambda$11: Tap on (Optional) "Cancel" metadata CommandMetadata(numberOfRuns=null, evaluatedCommand=MaestroCommand(tapOnElementCommand=TapOnElementCommand(selector=ElementSelector(textRegex=Cancel, idRegex=null, size=null, below=null, above=null, leftOf=null, rightOf=null, containsChild=null, containsDescendants=null, traits=null, index=null, enabled=null, optional=true, selected=null, checked=null, focused=null, childOf=null, css=null), retryIfNoChange=false, waitUntilVisible=false, longPress=false, repeat=null, waitToSettleTimeoutMs=null, relativePoint=null, label=null, optional=true)), logMessages=[], insight=Insight(message=, level=NONE), aiReasoning=null, labeledCommand=null)
01:54:44.183 [ INFO] maestro.cli.runner.MaestroCommandRunner.runCommands$lambda$11: Tap on (Optional) "Cancel" metadata CommandMetadata(numberOfRuns=null, evaluatedCommand=MaestroCommand(tapOnElementCommand=TapOnElementCommand(selector=ElementSelector(textRegex=Cancel, idRegex=null, size=null, below=null, above=null, leftOf=null, rightOf=null, containsChild=null, containsDescendants=null, traits=null, index=null, enabled=null, optional=true, selected=null, checked=null, focused=null, childOf=null, css=null), retryIfNoChange=false, waitUntilVisible=false, longPress=false, repeat=null, waitToSettleTimeoutMs=null, relativePoint=null, label=null, optional=true)), logMessages=[], insight=Insight(message=, level=NONE), aiReasoning=null, labeledCommand=null)
01:54:44.259 [ INFO] maestro.cli.runner.MaestroCommandRunner.runCommands$lambda$11: Tap on (Optional) "Cancel" metadata CommandMetadata(numberOfRuns=null, evaluatedCommand=MaestroCommand(tapOnElementCommand=TapOnElementCommand(selector=ElementSelector(textRegex=Cancel, idRegex=null, size=null, below=null, above=null, leftOf=null, rightOf=null, containsChild=null, containsDescendants=null, traits=null, index=null, enabled=null, optional=true, selected=null, checked=null, focused=null, childOf=null, css=null), retryIfNoChange=false, waitUntilVisible=false, longPress=false, repeat=null, waitToSettleTimeoutMs=null, relativePoint=null, label=null, optional=true)), logMessages=[], insight=Insight(message=, level=NONE), aiReasoning=null, labeledCommand=null)
01:54:44.260 [ INFO] maestro.orchestra.Orchestra.executeCommands: [Command execution] CommandWarned: Element not found: Text matching regex: Cancel
01:54:44.260 [ INFO] maestro.cli.runner.MaestroCommandRunner.runCommands$lambda$11: Tap on (Optional) "Cancel" metadata CommandMetadata(numberOfRuns=null, evaluatedCommand=MaestroCommand(tapOnElementCommand=TapOnElementCommand(selector=ElementSelector(textRegex=Cancel, idRegex=null, size=null, below=null, above=null, leftOf=null, rightOf=null, containsChild=null, containsDescendants=null, traits=null, index=null, enabled=null, optional=true, selected=null, checked=null, focused=null, childOf=null, css=null), retryIfNoChange=false, waitUntilVisible=false, longPress=false, repeat=null, waitToSettleTimeoutMs=null, relativePoint=null, label=null, optional=true)), logMessages=[], insight=Insight(message=Element not found: Text matching regex: Cancel, level=WARNING), aiReasoning=null, labeledCommand=null)
01:54:44.260 [ INFO] maestro.cli.runner.MaestroCommandRunner.runCommands$lambda$6: Tap on (Optional) "Cancel" WARNED
01:54:44.262 [ INFO] maestro.Maestro.takeScreenshot: Taking screenshot
01:54:44.264 [TRACE] maestro.utils.ScreenshotUtils.takeScreenshot: Taking screenshot to output sink
01:54:44.334 [ INFO] maestro.cli.runner.MaestroCommandRunner.runCommands$lambda$0: Open mint:///expatriation RUNNING
01:54:44.335 [ INFO] maestro.cli.runner.MaestroCommandRunner.runCommands$lambda$11: Open mint:///expatriation metadata CommandMetadata(numberOfRuns=null, evaluatedCommand=MaestroCommand(openLinkCommand=OpenLinkCommand(link=mint:///expatriation, autoVerify=false, browser=false, label=null, optional=false)), logMessages=[], insight=Insight(message=, level=NONE), aiReasoning=null, labeledCommand=null)
01:54:44.336 [ INFO] maestro.Maestro.openLink: Opening link mint:///expatriation for app: ch.mint.app with autoVerify config as false
01:54:44.337 [ INFO] util.CommandLineUtils.runCommand: Running command line operation: [xcrun, simctl, openurl, B03E429D-0422-4357-B754-536637D979F9, mint:///expatriation] with {}
01:54:44.465 [ INFO] device.IOSDevice.invoke-F9mIFpk: Waiting for animation to end with timeout 3000
01:54:44.612 [ INFO] maestro.cli.runner.MaestroCommandRunner.runCommands$lambda$2: Open mint:///expatriation COMPLETED
01:54:44.612 [ INFO] maestro.cli.runner.MaestroCommandRunner.runCommands$lambda$0: Tap on id: expat_avs_tab RUNNING
01:54:44.613 [ INFO] maestro.cli.runner.MaestroCommandRunner.runCommands$lambda$11: Tap on id: expat_avs_tab metadata CommandMetadata(numberOfRuns=null, evaluatedCommand=MaestroCommand(tapOnElementCommand=TapOnElementCommand(selector=ElementSelector(textRegex=null, idRegex=expat_avs_tab, size=null, below=null, above=null, leftOf=null, rightOf=null, containsChild=null, containsDescendants=null, traits=null, index=null, enabled=null, optional=false, selected=null, checked=null, focused=null, childOf=null, css=null), retryIfNoChange=false, waitUntilVisible=false, longPress=false, repeat=null, waitToSettleTimeoutMs=null, relativePoint=null, label=null, optional=false)), logMessages=[], insight=Insight(message=, level=NONE), aiReasoning=null, labeledCommand=null)
01:54:44.790 [ INFO] maestro.cli.runner.MaestroCommandRunner.runCommands$lambda$11: Tap on id: expat_avs_tab metadata CommandMetadata(numberOfRuns=null, evaluatedCommand=MaestroCommand(tapOnElementCommand=TapOnElementCommand(selector=ElementSelector(textRegex=null, idRegex=expat_avs_tab, size=null, below=null, above=null, leftOf=null, rightOf=null, containsChild=null, containsDescendants=null, traits=null, index=null, enabled=null, optional=false, selected=null, checked=null, focused=null, childOf=null, css=null), retryIfNoChange=false, waitUntilVisible=false, longPress=false, repeat=null, waitToSettleTimeoutMs=null, relativePoint=null, label=null, optional=false)), logMessages=[], insight=Insight(message=, level=NONE), aiReasoning=null, labeledCommand=null)
01:54:44.799 [ INFO] maestro.Maestro.tap-HgV9Ck0: Tapping on element:  UiElement(treeNode=TreeNode(attributes={accessibilityText=AVS
Onglet 3 sur 3, title=, value=, text=, hintText=, resource-id=expat_avs_tab, bounds=[370,118][402,167], enabled=true, focused=false, selected=false, checked=false}, children=[], clickable=null, enabled=true, focused=false, checked=false, selected=false), bounds=Bounds(x=370, y=118, width=32, height=49))
01:54:44.799 [ INFO] device.IOSDevice.invoke-F9mIFpk: Waiting for animation to end with timeout 3000
01:54:45.154 [ INFO] maestro.Maestro.tap-HgV9Ck0: Refreshed element
01:54:45.155 [ INFO] maestro.Maestro.screenshotBasedTap-ogj28Uc: Try tapping at (386, 142) using hierarchy based logic for wait
01:54:45.157 [TRACE] maestro.utils.ScreenshotUtils.takeScreenshot: Taking screenshot to byte array
01:54:45.157 [TRACE] maestro.utils.ScreenshotUtils.takeScreenshot: Taking screenshot to output sink
01:54:45.777 [ INFO] device.IOSDevice.invoke-F9mIFpk: Waiting for animation to end with timeout 3000
01:54:46.143 [ INFO] maestro.Maestro.screenshotBasedTap-ogj28Uc: Something have changed in the UI judging by view hierarchy. Proceed.
01:54:46.144 [ INFO] maestro.cli.runner.MaestroCommandRunner.runCommands$lambda$2: Tap on id: expat_avs_tab COMPLETED
01:54:46.145 [ INFO] maestro.cli.runner.MaestroCommandRunner.runCommands$lambda$0: Assert that id: expat_avs_years_picker is visible RUNNING
01:54:46.149 [ INFO] maestro.cli.runner.MaestroCommandRunner.runCommands$lambda$11: Assert that id: expat_avs_years_picker is visible metadata CommandMetadata(numberOfRuns=null, evaluatedCommand=MaestroCommand(assertConditionCommand=AssertConditionCommand(condition=Condition(platform=null, visible=ElementSelector(textRegex=null, idRegex=expat_avs_years_picker, size=null, below=null, above=null, leftOf=null, rightOf=null, containsChild=null, containsDescendants=null, traits=null, index=null, enabled=null, optional=false, selected=null, checked=null, focused=null, childOf=null, css=null), notVisible=null, scriptCondition=null, label=null), timeout=null, label=null, optional=false)), logMessages=[], insight=Insight(message=, level=NONE), aiReasoning=null, labeledCommand=null)
01:54:46.242 [ INFO] maestro.cli.runner.MaestroCommandRunner.runCommands$lambda$11: Assert that id: expat_avs_years_picker is visible metadata CommandMetadata(numberOfRuns=null, evaluatedCommand=MaestroCommand(assertConditionCommand=AssertConditionCommand(condition=Condition(platform=null, visible=ElementSelector(textRegex=null, idRegex=expat_avs_years_picker, size=null, below=null, above=null, leftOf=null, rightOf=null, containsChild=null, containsDescendants=null, traits=null, index=null, enabled=null, optional=false, selected=null, checked=null, focused=null, childOf=null, css=null), notVisible=null, scriptCondition=null, label=null), timeout=null, label=null, optional=false)), logMessages=[], insight=Insight(message=, level=NONE), aiReasoning=null, labeledCommand=null)
01:54:46.243 [ INFO] maestro.cli.runner.MaestroCommandRunner.runCommands$lambda$2: Assert that id: expat_avs_years_picker is visible COMPLETED
01:54:46.243 [ INFO] maestro.cli.runner.MaestroCommandRunner.runCommands$lambda$0: Assert that id: expat_avs_start_scenario, disabled is visible RUNNING
01:54:46.244 [ INFO] maestro.cli.runner.MaestroCommandRunner.runCommands$lambda$11: Assert that id: expat_avs_start_scenario, disabled is visible metadata CommandMetadata(numberOfRuns=null, evaluatedCommand=MaestroCommand(assertConditionCommand=AssertConditionCommand(condition=Condition(platform=null, visible=ElementSelector(textRegex=null, idRegex=expat_avs_start_scenario, size=null, below=null, above=null, leftOf=null, rightOf=null, containsChild=null, containsDescendants=null, traits=null, index=null, enabled=false, optional=false, selected=null, checked=null, focused=null, childOf=null, css=null), notVisible=null, scriptCondition=null, label=null), timeout=null, label=null, optional=false)), logMessages=[], insight=Insight(message=, level=NONE), aiReasoning=null, labeledCommand=null)
01:54:46.326 [ INFO] maestro.cli.runner.MaestroCommandRunner.runCommands$lambda$11: Assert that id: expat_avs_start_scenario, disabled is visible metadata CommandMetadata(numberOfRuns=null, evaluatedCommand=MaestroCommand(assertConditionCommand=AssertConditionCommand(condition=Condition(platform=null, visible=ElementSelector(textRegex=null, idRegex=expat_avs_start_scenario, size=null, below=null, above=null, leftOf=null, rightOf=null, containsChild=null, containsDescendants=null, traits=null, index=null, enabled=false, optional=false, selected=null, checked=null, focused=null, childOf=null, css=null), notVisible=null, scriptCondition=null, label=null), timeout=null, label=null, optional=false)), logMessages=[], insight=Insight(message=, level=NONE), aiReasoning=null, labeledCommand=null)
01:54:46.328 [ INFO] maestro.cli.runner.MaestroCommandRunner.runCommands$lambda$2: Assert that id: expat_avs_start_scenario, disabled is visible COMPLETED
01:54:46.328 [ INFO] maestro.cli.runner.MaestroCommandRunner.runCommands$lambda$0: Tap on id: expat_avs_start_scenario RUNNING
01:54:46.328 [ INFO] maestro.cli.runner.MaestroCommandRunner.runCommands$lambda$11: Tap on id: expat_avs_start_scenario metadata CommandMetadata(numberOfRuns=null, evaluatedCommand=MaestroCommand(tapOnElementCommand=TapOnElementCommand(selector=ElementSelector(textRegex=null, idRegex=expat_avs_start_scenario, size=null, below=null, above=null, leftOf=null, rightOf=null, containsChild=null, containsDescendants=null, traits=null, index=null, enabled=null, optional=false, selected=null, checked=null, focused=null, childOf=null, css=null), retryIfNoChange=false, waitUntilVisible=false, longPress=false, repeat=null, waitToSettleTimeoutMs=null, relativePoint=null, label=null, optional=false)), logMessages=[], insight=Insight(message=, level=NONE), aiReasoning=null, labeledCommand=null)
01:54:46.414 [ INFO] maestro.cli.runner.MaestroCommandRunner.runCommands$lambda$11: Tap on id: expat_avs_start_scenario metadata CommandMetadata(numberOfRuns=null, evaluatedCommand=MaestroCommand(tapOnElementCommand=TapOnElementCommand(selector=ElementSelector(textRegex=null, idRegex=expat_avs_start_scenario, size=null, below=null, above=null, leftOf=null, rightOf=null, containsChild=null, containsDescendants=null, traits=null, index=null, enabled=null, optional=false, selected=null, checked=null, focused=null, childOf=null, css=null), retryIfNoChange=false, waitUntilVisible=false, longPress=false, repeat=null, waitToSettleTimeoutMs=null, relativePoint=null, label=null, optional=false)), logMessages=[], insight=Insight(message=, level=NONE), aiReasoning=null, labeledCommand=null)
01:54:46.415 [ INFO] maestro.Maestro.tap-HgV9Ck0: Tapping on element:  UiElement(treeNode=TreeNode(attributes={accessibilityText=Démarrer l’orientation AVS, title=, value=, text=, hintText=, resource-id=expat_avs_start_scenario, bounds=[49,477][332,532], enabled=false, focused=false, selected=false, checked=false}, children=[], clickable=null, enabled=false, focused=false, checked=false, selected=false), bounds=Bounds(x=49, y=477, width=283, height=55))
01:54:46.415 [ INFO] device.IOSDevice.invoke-F9mIFpk: Waiting for animation to end with timeout 3000
01:54:46.536 [ INFO] maestro.Maestro.tap-HgV9Ck0: Refreshed element
01:54:46.537 [ INFO] maestro.Maestro.screenshotBasedTap-ogj28Uc: Try tapping at (190, 504) using hierarchy based logic for wait
01:54:46.537 [TRACE] maestro.utils.ScreenshotUtils.takeScreenshot: Taking screenshot to byte array
01:54:46.537 [TRACE] maestro.utils.ScreenshotUtils.takeScreenshot: Taking screenshot to output sink
01:54:46.969 [ INFO] device.IOSDevice.invoke-F9mIFpk: Waiting for animation to end with timeout 3000
01:54:47.117 [ INFO] maestro.Maestro.screenshotBasedTap-ogj28Uc: Something have changed in the UI judging by view hierarchy. Proceed.
01:54:47.118 [ INFO] maestro.cli.runner.MaestroCommandRunner.runCommands$lambda$2: Tap on id: expat_avs_start_scenario COMPLETED
01:54:47.119 [ INFO] maestro.cli.runner.MaestroCommandRunner.runCommands$lambda$0: Assert that id: expat_avs_scenario_result is not visible RUNNING
01:54:47.121 [ INFO] maestro.cli.runner.MaestroCommandRunner.runCommands$lambda$11: Assert that id: expat_avs_scenario_result is not visible metadata CommandMetadata(numberOfRuns=null, evaluatedCommand=MaestroCommand(assertConditionCommand=AssertConditionCommand(condition=Condition(platform=null, visible=null, notVisible=ElementSelector(textRegex=null, idRegex=expat_avs_scenario_result, size=null, below=null, above=null, leftOf=null, rightOf=null, containsChild=null, containsDescendants=null, traits=null, index=null, enabled=null, optional=false, selected=null, checked=null, focused=null, childOf=null, css=null), scriptCondition=null, label=null), timeout=null, label=null, optional=false)), logMessages=[], insight=Insight(message=, level=NONE), aiReasoning=null, labeledCommand=null)
01:54:47.203 [ INFO] maestro.cli.runner.MaestroCommandRunner.runCommands$lambda$11: Assert that id: expat_avs_scenario_result is not visible metadata CommandMetadata(numberOfRuns=null, evaluatedCommand=MaestroCommand(assertConditionCommand=AssertConditionCommand(condition=Condition(platform=null, visible=null, notVisible=ElementSelector(textRegex=null, idRegex=expat_avs_scenario_result, size=null, below=null, above=null, leftOf=null, rightOf=null, containsChild=null, containsDescendants=null, traits=null, index=null, enabled=null, optional=false, selected=null, checked=null, focused=null, childOf=null, css=null), scriptCondition=null, label=null), timeout=null, label=null, optional=false)), logMessages=[], insight=Insight(message=, level=NONE), aiReasoning=null, labeledCommand=null)
01:54:47.288 [ INFO] maestro.cli.runner.MaestroCommandRunner.runCommands$lambda$11: Assert that id: expat_avs_scenario_result is not visible metadata CommandMetadata(numberOfRuns=null, evaluatedCommand=MaestroCommand(assertConditionCommand=AssertConditionCommand(condition=Condition(platform=null, visible=null, notVisible=ElementSelector(textRegex=null, idRegex=expat_avs_scenario_result, size=null, below=null, above=null, leftOf=null, rightOf=null, containsChild=null, containsDescendants=null, traits=null, index=null, enabled=null, optional=false, selected=null, checked=null, focused=null, childOf=null, css=null), scriptCondition=null, label=null), timeout=null, label=null, optional=false)), logMessages=[], insight=Insight(message=, level=NONE), aiReasoning=null, labeledCommand=null)
01:54:47.370 [ INFO] maestro.cli.runner.MaestroCommandRunner.runCommands$lambda$11: Assert that id: expat_avs_scenario_result is not visible metadata CommandMetadata(numberOfRuns=null, evaluatedCommand=MaestroCommand(assertConditionCommand=AssertConditionCommand(condition=Condition(platform=null, visible=null, notVisible=ElementSelector(textRegex=null, idRegex=expat_avs_scenario_result, size=null, below=null, above=null, leftOf=null, rightOf=null, containsChild=null, containsDescendants=null, traits=null, index=null, enabled=null, optional=false, selected=null, checked=null, focused=null, childOf=null, css=null), scriptCondition=null, label=null), timeout=null, label=null, optional=false)), logMessages=[], insight=Insight(message=, level=NONE), aiReasoning=null, labeledCommand=null)
01:54:47.454 [ INFO] maestro.cli.runner.MaestroCommandRunner.runCommands$lambda$11: Assert that id: expat_avs_scenario_result is not visible metadata CommandMetadata(numberOfRuns=null, evaluatedCommand=MaestroCommand(assertConditionCommand=AssertConditionCommand(condition=Condition(platform=null, visible=null, notVisible=ElementSelector(textRegex=null, idRegex=expat_avs_scenario_result, size=null, below=null, above=null, leftOf=null, rightOf=null, containsChild=null, containsDescendants=null, traits=null, index=null, enabled=null, optional=false, selected=null, checked=null, focused=null, childOf=null, css=null), scriptCondition=null, label=null), timeout=null, label=null, optional=false)), logMessages=[], insight=Insight(message=, level=NONE), aiReasoning=null, labeledCommand=null)
01:54:47.534 [ INFO] maestro.cli.runner.MaestroCommandRunner.runCommands$lambda$11: Assert that id: expat_avs_scenario_result is not visible metadata CommandMetadata(numberOfRuns=null, evaluatedCommand=MaestroCommand(assertConditionCommand=AssertConditionCommand(condition=Condition(platform=null, visible=null, notVisible=ElementSelector(textRegex=null, idRegex=expat_avs_scenario_result, size=null, below=null, above=null, leftOf=null, rightOf=null, containsChild=null, containsDescendants=null, traits=null, index=null, enabled=null, optional=false, selected=null, checked=null, focused=null, childOf=null, css=null), scriptCondition=null, label=null), timeout=null, label=null, optional=false)), logMessages=[], insight=Insight(message=, level=NONE), aiReasoning=null, labeledCommand=null)
01:54:47.613 [ INFO] maestro.cli.runner.MaestroCommandRunner.runCommands$lambda$11: Assert that id: expat_avs_scenario_result is not visible metadata CommandMetadata(numberOfRuns=null, evaluatedCommand=MaestroCommand(assertConditionCommand=AssertConditionCommand(condition=Condition(platform=null, visible=null, notVisible=ElementSelector(textRegex=null, idRegex=expat_avs_scenario_result, size=null, below=null, above=null, leftOf=null, rightOf=null, containsChild=null, containsDescendants=null, traits=null, index=null, enabled=null, optional=false, selected=null, checked=null, focused=null, childOf=null, css=null), scriptCondition=null, label=null), timeout=null, label=null, optional=false)), logMessages=[], insight=Insight(message=, level=NONE), aiReasoning=null, labeledCommand=null)
01:54:47.693 [ INFO] maestro.cli.runner.MaestroCommandRunner.runCommands$lambda$11: Assert that id: expat_avs_scenario_result is not visible metadata CommandMetadata(numberOfRuns=null, evaluatedCommand=MaestroCommand(assertConditionCommand=AssertConditionCommand(condition=Condition(platform=null, visible=null, notVisible=ElementSelector(textRegex=null, idRegex=expat_avs_scenario_result, size=null, below=null, above=null, leftOf=null, rightOf=null, containsChild=null, containsDescendants=null, traits=null, index=null, enabled=null, optional=false, selected=null, checked=null, focused=null, childOf=null, css=null), scriptCondition=null, label=null), timeout=null, label=null, optional=false)), logMessages=[], insight=Insight(message=, level=NONE), aiReasoning=null, labeledCommand=null)
01:54:47.774 [ INFO] maestro.cli.runner.MaestroCommandRunner.runCommands$lambda$11: Assert that id: expat_avs_scenario_result is not visible metadata CommandMetadata(numberOfRuns=null, evaluatedCommand=MaestroCommand(assertConditionCommand=AssertConditionCommand(condition=Condition(platform=null, visible=null, notVisible=ElementSelector(textRegex=null, idRegex=expat_avs_scenario_result, size=null, below=null, above=null, leftOf=null, rightOf=null, containsChild=null, containsDescendants=null, traits=null, index=null, enabled=null, optional=false, selected=null, checked=null, focused=null, childOf=null, css=null), scriptCondition=null, label=null), timeout=null, label=null, optional=false)), logMessages=[], insight=Insight(message=, level=NONE), aiReasoning=null, labeledCommand=null)
01:54:47.776 [ INFO] maestro.cli.runner.MaestroCommandRunner.runCommands$lambda$2: Assert that id: expat_avs_scenario_result is not visible COMPLETED
01:54:47.777 [ INFO] maestro.cli.runner.MaestroCommandRunner.runCommands$lambda$0: Tap on id: expat_avs_years_picker RUNNING
01:54:47.777 [ INFO] maestro.cli.runner.MaestroCommandRunner.runCommands$lambda$11: Tap on id: expat_avs_years_picker metadata CommandMetadata(numberOfRuns=null, evaluatedCommand=MaestroCommand(tapOnElementCommand=TapOnElementCommand(selector=ElementSelector(textRegex=null, idRegex=expat_avs_years_picker, size=null, below=null, above=null, leftOf=null, rightOf=null, containsChild=null, containsDescendants=null, traits=null, index=null, enabled=null, optional=false, selected=null, checked=null, focused=null, childOf=null, css=null), retryIfNoChange=false, waitUntilVisible=false, longPress=false, repeat=null, waitToSettleTimeoutMs=null, relativePoint=null, label=null, optional=false)), logMessages=[], insight=Insight(message=, level=NONE), aiReasoning=null, labeledCommand=null)
01:54:47.857 [ INFO] maestro.cli.runner.MaestroCommandRunner.runCommands$lambda$11: Tap on id: expat_avs_years_picker metadata CommandMetadata(numberOfRuns=null, evaluatedCommand=MaestroCommand(tapOnElementCommand=TapOnElementCommand(selector=ElementSelector(textRegex=null, idRegex=expat_avs_years_picker, size=null, below=null, above=null, leftOf=null, rightOf=null, containsChild=null, containsDescendants=null, traits=null, index=null, enabled=null, optional=false, selected=null, checked=null, focused=null, childOf=null, css=null), retryIfNoChange=false, waitUntilVisible=false, longPress=false, repeat=null, waitToSettleTimeoutMs=null, relativePoint=null, label=null, optional=false)), logMessages=[], insight=Insight(message=, level=NONE), aiReasoning=null, labeledCommand=null)
01:54:47.858 [ INFO] maestro.Maestro.tap-HgV9Ck0: Tapping on element:  UiElement(treeNode=TreeNode(attributes={accessibilityText=, title=, value=, text=, hintText=, resource-id=expat_avs_years_picker, bounds=[24,191][378,287], enabled=true, focused=false, selected=false, checked=false}, children=[], clickable=null, enabled=true, focused=false, checked=false, selected=false), bounds=Bounds(x=24, y=191, width=354, height=96))
01:54:47.859 [ INFO] device.IOSDevice.invoke-F9mIFpk: Waiting for animation to end with timeout 3000
01:54:47.979 [ INFO] maestro.Maestro.tap-HgV9Ck0: Refreshed element
01:54:47.979 [ INFO] maestro.Maestro.screenshotBasedTap-ogj28Uc: Try tapping at (201, 239) using hierarchy based logic for wait
01:54:47.979 [TRACE] maestro.utils.ScreenshotUtils.takeScreenshot: Taking screenshot to byte array
01:54:47.979 [TRACE] maestro.utils.ScreenshotUtils.takeScreenshot: Taking screenshot to output sink
01:54:48.404 [ INFO] device.IOSDevice.invoke-F9mIFpk: Waiting for animation to end with timeout 3000
01:54:48.649 [ INFO] maestro.Maestro.screenshotBasedTap-ogj28Uc: Something have changed in the UI judging by view hierarchy. Proceed.
01:54:48.649 [ INFO] maestro.cli.runner.MaestroCommandRunner.runCommands$lambda$2: Tap on id: expat_avs_years_picker COMPLETED
01:54:48.650 [ INFO] maestro.cli.runner.MaestroCommandRunner.runCommands$lambda$0: Tap on "OK" RUNNING
01:54:48.651 [ INFO] maestro.cli.runner.MaestroCommandRunner.runCommands$lambda$11: Tap on "OK" metadata CommandMetadata(numberOfRuns=null, evaluatedCommand=MaestroCommand(tapOnElementCommand=TapOnElementCommand(selector=ElementSelector(textRegex=OK, idRegex=null, size=null, below=null, above=null, leftOf=null, rightOf=null, containsChild=null, containsDescendants=null, traits=null, index=null, enabled=null, optional=false, selected=null, checked=null, focused=null, childOf=null, css=null), retryIfNoChange=false, waitUntilVisible=false, longPress=false, repeat=null, waitToSettleTimeoutMs=null, relativePoint=null, label=null, optional=false)), logMessages=[], insight=Insight(message=, level=NONE), aiReasoning=null, labeledCommand=null)
01:54:48.728 [ INFO] maestro.cli.runner.MaestroCommandRunner.runCommands$lambda$11: Tap on "OK" metadata CommandMetadata(numberOfRuns=null, evaluatedCommand=MaestroCommand(tapOnElementCommand=TapOnElementCommand(selector=ElementSelector(textRegex=OK, idRegex=null, size=null, below=null, above=null, leftOf=null, rightOf=null, containsChild=null, containsDescendants=null, traits=null, index=null, enabled=null, optional=false, selected=null, checked=null, focused=null, childOf=null, css=null), retryIfNoChange=false, waitUntilVisible=false, longPress=false, repeat=null, waitToSettleTimeoutMs=null, relativePoint=null, label=null, optional=false)), logMessages=[], insight=Insight(message=, level=NONE), aiReasoning=null, labeledCommand=null)
01:54:48.729 [ INFO] maestro.Maestro.tap-HgV9Ck0: Tapping on element:  UiElement(treeNode=TreeNode(attributes={accessibilityText=OK, title=, value=, text=, hintText=, resource-id=, bounds=[322,582][386,630], enabled=true, focused=false, selected=false, checked=false}, children=[], clickable=null, enabled=true, focused=false, checked=false, selected=false), bounds=Bounds(x=322, y=582, width=64, height=48))
01:54:48.729 [ INFO] device.IOSDevice.invoke-F9mIFpk: Waiting for animation to end with timeout 3000
01:54:48.846 [ INFO] maestro.Maestro.tap-HgV9Ck0: Refreshed element
01:54:48.847 [ INFO] maestro.Maestro.screenshotBasedTap-ogj28Uc: Try tapping at (354, 606) using hierarchy based logic for wait
01:54:48.847 [TRACE] maestro.utils.ScreenshotUtils.takeScreenshot: Taking screenshot to byte array
01:54:48.847 [TRACE] maestro.utils.ScreenshotUtils.takeScreenshot: Taking screenshot to output sink
01:54:49.283 [ INFO] device.IOSDevice.invoke-F9mIFpk: Waiting for animation to end with timeout 3000
01:54:49.425 [ INFO] maestro.Maestro.screenshotBasedTap-ogj28Uc: Something have changed in the UI judging by view hierarchy. Proceed.
01:54:49.426 [ INFO] maestro.cli.runner.MaestroCommandRunner.runCommands$lambda$2: Tap on "OK" COMPLETED
01:54:49.427 [ INFO] maestro.cli.runner.MaestroCommandRunner.runCommands$lambda$0: Assert that id: expat_avs_start_scenario, enabled is visible RUNNING
01:54:49.428 [ INFO] maestro.cli.runner.MaestroCommandRunner.runCommands$lambda$11: Assert that id: expat_avs_start_scenario, enabled is visible metadata CommandMetadata(numberOfRuns=null, evaluatedCommand=MaestroCommand(assertConditionCommand=AssertConditionCommand(condition=Condition(platform=null, visible=ElementSelector(textRegex=null, idRegex=expat_avs_start_scenario, size=null, below=null, above=null, leftOf=null, rightOf=null, containsChild=null, containsDescendants=null, traits=null, index=null, enabled=true, optional=false, selected=null, checked=null, focused=null, childOf=null, css=null), notVisible=null, scriptCondition=null, label=null), timeout=null, label=null, optional=false)), logMessages=[], insight=Insight(message=, level=NONE), aiReasoning=null, labeledCommand=null)
01:54:49.511 [ INFO] maestro.cli.runner.MaestroCommandRunner.runCommands$lambda$11: Assert that id: expat_avs_start_scenario, enabled is visible metadata CommandMetadata(numberOfRuns=null, evaluatedCommand=MaestroCommand(assertConditionCommand=AssertConditionCommand(condition=Condition(platform=null, visible=ElementSelector(textRegex=null, idRegex=expat_avs_start_scenario, size=null, below=null, above=null, leftOf=null, rightOf=null, containsChild=null, containsDescendants=null, traits=null, index=null, enabled=true, optional=false, selected=null, checked=null, focused=null, childOf=null, css=null), notVisible=null, scriptCondition=null, label=null), timeout=null, label=null, optional=false)), logMessages=[], insight=Insight(message=, level=NONE), aiReasoning=null, labeledCommand=null)
01:54:49.512 [ INFO] maestro.cli.runner.MaestroCommandRunner.runCommands$lambda$2: Assert that id: expat_avs_start_scenario, enabled is visible COMPLETED
01:54:49.512 [ INFO] maestro.cli.runner.MaestroCommandRunner.runCommands$lambda$0: Tap on id: expat_avs_start_scenario RUNNING
01:54:49.512 [ INFO] maestro.cli.runner.MaestroCommandRunner.runCommands$lambda$11: Tap on id: expat_avs_start_scenario metadata CommandMetadata(numberOfRuns=null, evaluatedCommand=MaestroCommand(tapOnElementCommand=TapOnElementCommand(selector=ElementSelector(textRegex=null, idRegex=expat_avs_start_scenario, size=null, below=null, above=null, leftOf=null, rightOf=null, containsChild=null, containsDescendants=null, traits=null, index=null, enabled=null, optional=false, selected=null, checked=null, focused=null, childOf=null, css=null), retryIfNoChange=false, waitUntilVisible=false, longPress=false, repeat=null, waitToSettleTimeoutMs=null, relativePoint=null, label=null, optional=false)), logMessages=[], insight=Insight(message=, level=NONE), aiReasoning=null, labeledCommand=null)
01:54:49.595 [ INFO] maestro.cli.runner.MaestroCommandRunner.runCommands$lambda$11: Tap on id: expat_avs_start_scenario metadata CommandMetadata(numberOfRuns=null, evaluatedCommand=MaestroCommand(tapOnElementCommand=TapOnElementCommand(selector=ElementSelector(textRegex=null, idRegex=expat_avs_start_scenario, size=null, below=null, above=null, leftOf=null, rightOf=null, containsChild=null, containsDescendants=null, traits=null, index=null, enabled=null, optional=false, selected=null, checked=null, focused=null, childOf=null, css=null), retryIfNoChange=false, waitUntilVisible=false, longPress=false, repeat=null, waitToSettleTimeoutMs=null, relativePoint=null, label=null, optional=false)), logMessages=[], insight=Insight(message=, level=NONE), aiReasoning=null, labeledCommand=null)
01:54:49.596 [ INFO] maestro.Maestro.tap-HgV9Ck0: Tapping on element:  UiElement(treeNode=TreeNode(attributes={accessibilityText=Démarrer l’orientation AVS, title=, value=, text=, hintText=, resource-id=expat_avs_start_scenario, bounds=[49,498][332,553], enabled=true, focused=false, selected=false, checked=false}, children=[], clickable=null, enabled=true, focused=false, checked=false, selected=false), bounds=Bounds(x=49, y=498, width=283, height=55))
01:54:49.596 [ INFO] device.IOSDevice.invoke-F9mIFpk: Waiting for animation to end with timeout 3000
01:54:49.714 [ INFO] maestro.Maestro.tap-HgV9Ck0: Refreshed element
01:54:49.714 [ INFO] maestro.Maestro.screenshotBasedTap-ogj28Uc: Try tapping at (190, 525) using hierarchy based logic for wait
01:54:49.715 [TRACE] maestro.utils.ScreenshotUtils.takeScreenshot: Taking screenshot to byte array
01:54:49.715 [TRACE] maestro.utils.ScreenshotUtils.takeScreenshot: Taking screenshot to output sink
01:54:50.197 [ INFO] device.IOSDevice.invoke-F9mIFpk: Waiting for animation to end with timeout 3000
01:54:50.447 [ INFO] maestro.Maestro.screenshotBasedTap-ogj28Uc: Something have changed in the UI judging by view hierarchy. Proceed.
01:54:50.448 [ INFO] maestro.cli.runner.MaestroCommandRunner.runCommands$lambda$2: Tap on id: expat_avs_start_scenario COMPLETED
01:54:50.449 [ INFO] maestro.cli.runner.MaestroCommandRunner.runCommands$lambda$0: Scrolling DOWN until id: expat_avs_scenario_result is visible with speed 5, visibility percentage 50%, timeout 20000 ms, with centering enabled RUNNING
01:54:50.454 [ INFO] maestro.cli.runner.MaestroCommandRunner.runCommands$lambda$11: Scrolling DOWN until id: expat_avs_scenario_result is visible with speed 5, visibility percentage 50%, timeout 20000 ms, with centering enabled metadata CommandMetadata(numberOfRuns=null, evaluatedCommand=MaestroCommand(scrollUntilVisibleCommand=ScrollUntilVisibleCommand(selector=ElementSelector(textRegex=null, idRegex=expat_avs_scenario_result, size=null, below=null, above=null, leftOf=null, rightOf=null, containsChild=null, containsDescendants=null, traits=null, index=null, enabled=null, optional=false, selected=null, checked=null, focused=null, childOf=null, css=null), direction=DOWN, scrollDuration=951, visibilityPercentage=50, timeout=20000, waitToSettleTimeoutMs=null, centerElement=true, originalSpeedValue=5, label=null, optional=false)), logMessages=[], insight=Insight(message=, level=NONE), aiReasoning=null, labeledCommand=null)
01:54:50.543 [ INFO] maestro.cli.runner.MaestroCommandRunner.runCommands$lambda$11: Scrolling DOWN until id: expat_avs_scenario_result is visible with speed 5, visibility percentage 50%, timeout 20000 ms, with centering enabled metadata CommandMetadata(numberOfRuns=null, evaluatedCommand=MaestroCommand(scrollUntilVisibleCommand=ScrollUntilVisibleCommand(selector=ElementSelector(textRegex=null, idRegex=expat_avs_scenario_result, size=null, below=null, above=null, leftOf=null, rightOf=null, containsChild=null, containsDescendants=null, traits=null, index=null, enabled=null, optional=false, selected=null, checked=null, focused=null, childOf=null, css=null), direction=DOWN, scrollDuration=951, visibilityPercentage=50, timeout=20000, waitToSettleTimeoutMs=null, centerElement=true, originalSpeedValue=5, label=null, optional=false)), logMessages=[], insight=Insight(message=, level=NONE), aiReasoning=null, labeledCommand=null)
01:54:50.544 [ INFO] maestro.orchestra.Orchestra.scrollUntilVisible: Scrolling try count: 0, DeviceWidth: 402, DeviceWidth: 874
01:54:50.544 [ INFO] maestro.orchestra.Orchestra.scrollUntilVisible: Element bounds: Bounds(x=24, y=575, width=354, height=299)
01:54:50.544 [ INFO] maestro.orchestra.Orchestra.scrollUntilVisible: Visibility Percent: 1.0
01:54:50.545 [ INFO] maestro.orchestra.Orchestra.scrollUntilVisible: Command centerElement: ScrollUntilVisibleCommand(selector=ElementSelector(textRegex=null, idRegex=expat_avs_scenario_result, size=null, below=null, above=null, leftOf=null, rightOf=null, containsChild=null, containsDescendants=null, traits=null, index=null, enabled=null, optional=false, selected=null, checked=null, focused=null, childOf=null, css=null), direction=DOWN, scrollDuration=951, visibilityPercentage=50, timeout=20000, waitToSettleTimeoutMs=null, centerElement=true, originalSpeedValue=5, label=null, optional=false).centerElement
01:54:50.545 [ INFO] maestro.orchestra.Orchestra.scrollUntilVisible: visibilityPercentageNormalized: 0.0
01:54:50.552 [ INFO] maestro.Maestro.swipeFromCenter: Swiping UP from center
01:54:50.563 [ INFO] device.IOSDevice.invoke-F9mIFpk: Waiting for animation to end with timeout 3000
01:54:51.977 [ INFO] device.IOSDevice.invoke-F9mIFpk: Waiting for animation to end with timeout 3000
01:54:53.794 [ INFO] maestro.cli.runner.MaestroCommandRunner.runCommands$lambda$11: Scrolling DOWN until id: expat_avs_scenario_result is visible with speed 5, visibility percentage 50%, timeout 20000 ms, with centering enabled metadata CommandMetadata(numberOfRuns=null, evaluatedCommand=MaestroCommand(scrollUntilVisibleCommand=ScrollUntilVisibleCommand(selector=ElementSelector(textRegex=null, idRegex=expat_avs_scenario_result, size=null, below=null, above=null, leftOf=null, rightOf=null, containsChild=null, containsDescendants=null, traits=null, index=null, enabled=null, optional=false, selected=null, checked=null, focused=null, childOf=null, css=null), direction=DOWN, scrollDuration=951, visibilityPercentage=50, timeout=20000, waitToSettleTimeoutMs=null, centerElement=true, originalSpeedValue=5, label=null, optional=false)), logMessages=[], insight=Insight(message=, level=NONE), aiReasoning=null, labeledCommand=null)
01:54:53.795 [ INFO] maestro.orchestra.Orchestra.scrollUntilVisible: Scrolling try count: 1, DeviceWidth: 402, DeviceWidth: 874
01:54:53.795 [ INFO] maestro.orchestra.Orchestra.scrollUntilVisible: Element bounds: Bounds(x=24, y=142, width=354, height=731)
01:54:53.795 [ INFO] maestro.orchestra.Orchestra.scrollUntilVisible: Visibility Percent: 1.0
01:54:53.795 [ INFO] maestro.orchestra.Orchestra.scrollUntilVisible: Command centerElement: ScrollUntilVisibleCommand(selector=ElementSelector(textRegex=null, idRegex=expat_avs_scenario_result, size=null, below=null, above=null, leftOf=null, rightOf=null, containsChild=null, containsDescendants=null, traits=null, index=null, enabled=null, optional=false, selected=null, checked=null, focused=null, childOf=null, css=null), direction=DOWN, scrollDuration=951, visibilityPercentage=50, timeout=20000, waitToSettleTimeoutMs=null, centerElement=true, originalSpeedValue=5, label=null, optional=false).centerElement
01:54:53.795 [ INFO] maestro.orchestra.Orchestra.scrollUntilVisible: visibilityPercentageNormalized: 0.0
01:54:53.796 [ INFO] maestro.cli.runner.MaestroCommandRunner.runCommands$lambda$2: Scrolling DOWN until id: expat_avs_scenario_result is visible with speed 5, visibility percentage 50%, timeout 20000 ms, with centering enabled COMPLETED
01:54:53.796 [ INFO] maestro.cli.runner.MaestroCommandRunner.runCommands$lambda$0: Assert that id: expat_avs_scenario_result is visible RUNNING
01:54:53.796 [ INFO] maestro.cli.runner.MaestroCommandRunner.runCommands$lambda$11: Assert that id: expat_avs_scenario_result is visible metadata CommandMetadata(numberOfRuns=null, evaluatedCommand=MaestroCommand(assertConditionCommand=AssertConditionCommand(condition=Condition(platform=null, visible=ElementSelector(textRegex=null, idRegex=expat_avs_scenario_result, size=null, below=null, above=null, leftOf=null, rightOf=null, containsChild=null, containsDescendants=null, traits=null, index=null, enabled=null, optional=false, selected=null, checked=null, focused=null, childOf=null, css=null), notVisible=null, scriptCondition=null, label=null), timeout=null, label=null, optional=false)), logMessages=[], insight=Insight(message=, level=NONE), aiReasoning=null, labeledCommand=null)
01:54:53.878 [ INFO] maestro.cli.runner.MaestroCommandRunner.runCommands$lambda$11: Assert that id: expat_avs_scenario_result is visible metadata CommandMetadata(numberOfRuns=null, evaluatedCommand=MaestroCommand(assertConditionCommand=AssertConditionCommand(condition=Condition(platform=null, visible=ElementSelector(textRegex=null, idRegex=expat_avs_scenario_result, size=null, below=null, above=null, leftOf=null, rightOf=null, containsChild=null, containsDescendants=null, traits=null, index=null, enabled=null, optional=false, selected=null, checked=null, focused=null, childOf=null, css=null), notVisible=null, scriptCondition=null, label=null), timeout=null, label=null, optional=false)), logMessages=[], insight=Insight(message=, level=NONE), aiReasoning=null, labeledCommand=null)
01:54:53.879 [ INFO] maestro.cli.runner.MaestroCommandRunner.runCommands$lambda$2: Assert that id: expat_avs_scenario_result is visible COMPLETED
01:54:53.879 [ INFO] maestro.cli.runner.MaestroCommandRunner.runCommands$lambda$0: Assert that id: expat_avs_gap_unknown is visible RUNNING
01:54:53.879 [ INFO] maestro.cli.runner.MaestroCommandRunner.runCommands$lambda$11: Assert that id: expat_avs_gap_unknown is visible metadata CommandMetadata(numberOfRuns=null, evaluatedCommand=MaestroCommand(assertConditionCommand=AssertConditionCommand(condition=Condition(platform=null, visible=ElementSelector(textRegex=null, idRegex=expat_avs_gap_unknown, size=null, below=null, above=null, leftOf=null, rightOf=null, containsChild=null, containsDescendants=null, traits=null, index=null, enabled=null, optional=false, selected=null, checked=null, focused=null, childOf=null, css=null), notVisible=null, scriptCondition=null, label=null), timeout=null, label=null, optional=false)), logMessages=[], insight=Insight(message=, level=NONE), aiReasoning=null, labeledCommand=null)
01:54:53.964 [ INFO] maestro.cli.runner.MaestroCommandRunner.runCommands$lambda$11: Assert that id: expat_avs_gap_unknown is visible metadata CommandMetadata(numberOfRuns=null, evaluatedCommand=MaestroCommand(assertConditionCommand=AssertConditionCommand(condition=Condition(platform=null, visible=ElementSelector(textRegex=null, idRegex=expat_avs_gap_unknown, size=null, below=null, above=null, leftOf=null, rightOf=null, containsChild=null, containsDescendants=null, traits=null, index=null, enabled=null, optional=false, selected=null, checked=null, focused=null, childOf=null, css=null), notVisible=null, scriptCondition=null, label=null), timeout=null, label=null, optional=false)), logMessages=[], insight=Insight(message=, level=NONE), aiReasoning=null, labeledCommand=null)
01:54:53.964 [ INFO] maestro.cli.runner.MaestroCommandRunner.runCommands$lambda$2: Assert that id: expat_avs_gap_unknown is visible COMPLETED
01:54:53.965 [ INFO] maestro.cli.runner.MaestroCommandRunner.runCommands$lambda$0: Assert that ".*CHF\s*[0-9].*" is not visible RUNNING
01:54:53.965 [ INFO] maestro.cli.runner.MaestroCommandRunner.runCommands$lambda$11: Assert that ".*CHF\s*[0-9].*" is not visible metadata CommandMetadata(numberOfRuns=null, evaluatedCommand=MaestroCommand(assertConditionCommand=AssertConditionCommand(condition=Condition(platform=null, visible=null, notVisible=ElementSelector(textRegex=.*CHF\s*[0-9].*, idRegex=null, size=null, below=null, above=null, leftOf=null, rightOf=null, containsChild=null, containsDescendants=null, traits=null, index=null, enabled=null, optional=false, selected=null, checked=null, focused=null, childOf=null, css=null), scriptCondition=null, label=null), timeout=null, label=null, optional=false)), logMessages=[], insight=Insight(message=, level=NONE), aiReasoning=null, labeledCommand=null)
01:54:54.047 [ INFO] maestro.cli.runner.MaestroCommandRunner.runCommands$lambda$11: Assert that ".*CHF\s*[0-9].*" is not visible metadata CommandMetadata(numberOfRuns=null, evaluatedCommand=MaestroCommand(assertConditionCommand=AssertConditionCommand(condition=Condition(platform=null, visible=null, notVisible=ElementSelector(textRegex=.*CHF\s*[0-9].*, idRegex=null, size=null, below=null, above=null, leftOf=null, rightOf=null, containsChild=null, containsDescendants=null, traits=null, index=null, enabled=null, optional=false, selected=null, checked=null, focused=null, childOf=null, css=null), scriptCondition=null, label=null), timeout=null, label=null, optional=false)), logMessages=[], insight=Insight(message=, level=NONE), aiReasoning=null, labeledCommand=null)
01:54:54.135 [ INFO] maestro.cli.runner.MaestroCommandRunner.runCommands$lambda$11: Assert that ".*CHF\s*[0-9].*" is not visible metadata CommandMetadata(numberOfRuns=null, evaluatedCommand=MaestroCommand(assertConditionCommand=AssertConditionCommand(condition=Condition(platform=null, visible=null, notVisible=ElementSelector(textRegex=.*CHF\s*[0-9].*, idRegex=null, size=null, below=null, above=null, leftOf=null, rightOf=null, containsChild=null, containsDescendants=null, traits=null, index=null, enabled=null, optional=false, selected=null, checked=null, focused=null, childOf=null, css=null), scriptCondition=null, label=null), timeout=null, label=null, optional=false)), logMessages=[], insight=Insight(message=, level=NONE), aiReasoning=null, labeledCommand=null)
01:54:54.217 [ INFO] maestro.cli.runner.MaestroCommandRunner.runCommands$lambda$11: Assert that ".*CHF\s*[0-9].*" is not visible metadata CommandMetadata(numberOfRuns=null, evaluatedCommand=MaestroCommand(assertConditionCommand=AssertConditionCommand(condition=Condition(platform=null, visible=null, notVisible=ElementSelector(textRegex=.*CHF\s*[0-9].*, idRegex=null, size=null, below=null, above=null, leftOf=null, rightOf=null, containsChild=null, containsDescendants=null, traits=null, index=null, enabled=null, optional=false, selected=null, checked=null, focused=null, childOf=null, css=null), scriptCondition=null, label=null), timeout=null, label=null, optional=false)), logMessages=[], insight=Insight(message=, level=NONE), aiReasoning=null, labeledCommand=null)
01:54:54.300 [ INFO] maestro.cli.runner.MaestroCommandRunner.runCommands$lambda$11: Assert that ".*CHF\s*[0-9].*" is not visible metadata CommandMetadata(numberOfRuns=null, evaluatedCommand=MaestroCommand(assertConditionCommand=AssertConditionCommand(condition=Condition(platform=null, visible=null, notVisible=ElementSelector(textRegex=.*CHF\s*[0-9].*, idRegex=null, size=null, below=null, above=null, leftOf=null, rightOf=null, containsChild=null, containsDescendants=null, traits=null, index=null, enabled=null, optional=false, selected=null, checked=null, focused=null, childOf=null, css=null), scriptCondition=null, label=null), timeout=null, label=null, optional=false)), logMessages=[], insight=Insight(message=, level=NONE), aiReasoning=null, labeledCommand=null)
01:54:54.384 [ INFO] maestro.cli.runner.MaestroCommandRunner.runCommands$lambda$11: Assert that ".*CHF\s*[0-9].*" is not visible metadata CommandMetadata(numberOfRuns=null, evaluatedCommand=MaestroCommand(assertConditionCommand=AssertConditionCommand(condition=Condition(platform=null, visible=null, notVisible=ElementSelector(textRegex=.*CHF\s*[0-9].*, idRegex=null, size=null, below=null, above=null, leftOf=null, rightOf=null, containsChild=null, containsDescendants=null, traits=null, index=null, enabled=null, optional=false, selected=null, checked=null, focused=null, childOf=null, css=null), scriptCondition=null, label=null), timeout=null, label=null, optional=false)), logMessages=[], insight=Insight(message=, level=NONE), aiReasoning=null, labeledCommand=null)
01:54:54.466 [ INFO] maestro.cli.runner.MaestroCommandRunner.runCommands$lambda$11: Assert that ".*CHF\s*[0-9].*" is not visible metadata CommandMetadata(numberOfRuns=null, evaluatedCommand=MaestroCommand(assertConditionCommand=AssertConditionCommand(condition=Condition(platform=null, visible=null, notVisible=ElementSelector(textRegex=.*CHF\s*[0-9].*, idRegex=null, size=null, below=null, above=null, leftOf=null, rightOf=null, containsChild=null, containsDescendants=null, traits=null, index=null, enabled=null, optional=false, selected=null, checked=null, focused=null, childOf=null, css=null), scriptCondition=null, label=null), timeout=null, label=null, optional=false)), logMessages=[], insight=Insight(message=, level=NONE), aiReasoning=null, labeledCommand=null)
01:54:54.546 [ INFO] maestro.cli.runner.MaestroCommandRunner.runCommands$lambda$11: Assert that ".*CHF\s*[0-9].*" is not visible metadata CommandMetadata(numberOfRuns=null, evaluatedCommand=MaestroCommand(assertConditionCommand=AssertConditionCommand(condition=Condition(platform=null, visible=null, notVisible=ElementSelector(textRegex=.*CHF\s*[0-9].*, idRegex=null, size=null, below=null, above=null, leftOf=null, rightOf=null, containsChild=null, containsDescendants=null, traits=null, index=null, enabled=null, optional=false, selected=null, checked=null, focused=null, childOf=null, css=null), scriptCondition=null, label=null), timeout=null, label=null, optional=false)), logMessages=[], insight=Insight(message=, level=NONE), aiReasoning=null, labeledCommand=null)
01:54:54.546 [ INFO] maestro.cli.runner.MaestroCommandRunner.runCommands$lambda$2: Assert that ".*CHF\s*[0-9].*" is not visible COMPLETED
01:54:54.546 [ INFO] maestro.cli.runner.MaestroCommandRunner.runCommands$lambda$0: Scrolling DOWN until id: expat_avs_verification_guide_cta is visible with speed 5, visibility percentage 80%, timeout 20000 ms, with centering enabled RUNNING
01:54:54.547 [ INFO] maestro.cli.runner.MaestroCommandRunner.runCommands$lambda$11: Scrolling DOWN until id: expat_avs_verification_guide_cta is visible with speed 5, visibility percentage 80%, timeout 20000 ms, with centering enabled metadata CommandMetadata(numberOfRuns=null, evaluatedCommand=MaestroCommand(scrollUntilVisibleCommand=ScrollUntilVisibleCommand(selector=ElementSelector(textRegex=null, idRegex=expat_avs_verification_guide_cta, size=null, below=null, above=null, leftOf=null, rightOf=null, containsChild=null, containsDescendants=null, traits=null, index=null, enabled=null, optional=false, selected=null, checked=null, focused=null, childOf=null, css=null), direction=DOWN, scrollDuration=951, visibilityPercentage=80, timeout=20000, waitToSettleTimeoutMs=null, centerElement=true, originalSpeedValue=5, label=null, optional=false)), logMessages=[], insight=Insight(message=, level=NONE), aiReasoning=null, labeledCommand=null)
01:54:54.632 [ INFO] maestro.cli.runner.MaestroCommandRunner.runCommands$lambda$11: Scrolling DOWN until id: expat_avs_verification_guide_cta is visible with speed 5, visibility percentage 80%, timeout 20000 ms, with centering enabled metadata CommandMetadata(numberOfRuns=null, evaluatedCommand=MaestroCommand(scrollUntilVisibleCommand=ScrollUntilVisibleCommand(selector=ElementSelector(textRegex=null, idRegex=expat_avs_verification_guide_cta, size=null, below=null, above=null, leftOf=null, rightOf=null, containsChild=null, containsDescendants=null, traits=null, index=null, enabled=null, optional=false, selected=null, checked=null, focused=null, childOf=null, css=null), direction=DOWN, scrollDuration=951, visibilityPercentage=80, timeout=20000, waitToSettleTimeoutMs=null, centerElement=true, originalSpeedValue=5, label=null, optional=false)), logMessages=[], insight=Insight(message=, level=NONE), aiReasoning=null, labeledCommand=null)
01:54:54.713 [ INFO] maestro.cli.runner.MaestroCommandRunner.runCommands$lambda$11: Scrolling DOWN until id: expat_avs_verification_guide_cta is visible with speed 5, visibility percentage 80%, timeout 20000 ms, with centering enabled metadata CommandMetadata(numberOfRuns=null, evaluatedCommand=MaestroCommand(scrollUntilVisibleCommand=ScrollUntilVisibleCommand(selector=ElementSelector(textRegex=null, idRegex=expat_avs_verification_guide_cta, size=null, below=null, above=null, leftOf=null, rightOf=null, containsChild=null, containsDescendants=null, traits=null, index=null, enabled=null, optional=false, selected=null, checked=null, focused=null, childOf=null, css=null), direction=DOWN, scrollDuration=951, visibilityPercentage=80, timeout=20000, waitToSettleTimeoutMs=null, centerElement=true, originalSpeedValue=5, label=null, optional=false)), logMessages=[], insight=Insight(message=, level=NONE), aiReasoning=null, labeledCommand=null)
01:54:54.798 [ INFO] maestro.cli.runner.MaestroCommandRunner.runCommands$lambda$11: Scrolling DOWN until id: expat_avs_verification_guide_cta is visible with speed 5, visibility percentage 80%, timeout 20000 ms, with centering enabled metadata CommandMetadata(numberOfRuns=null, evaluatedCommand=MaestroCommand(scrollUntilVisibleCommand=ScrollUntilVisibleCommand(selector=ElementSelector(textRegex=null, idRegex=expat_avs_verification_guide_cta, size=null, below=null, above=null, leftOf=null, rightOf=null, containsChild=null, containsDescendants=null, traits=null, index=null, enabled=null, optional=false, selected=null, checked=null, focused=null, childOf=null, css=null), direction=DOWN, scrollDuration=951, visibilityPercentage=80, timeout=20000, waitToSettleTimeoutMs=null, centerElement=true, originalSpeedValue=5, label=null, optional=false)), logMessages=[], insight=Insight(message=, level=NONE), aiReasoning=null, labeledCommand=null)
01:54:54.880 [ INFO] maestro.cli.runner.MaestroCommandRunner.runCommands$lambda$11: Scrolling DOWN until id: expat_avs_verification_guide_cta is visible with speed 5, visibility percentage 80%, timeout 20000 ms, with centering enabled metadata CommandMetadata(numberOfRuns=null, evaluatedCommand=MaestroCommand(scrollUntilVisibleCommand=ScrollUntilVisibleCommand(selector=ElementSelector(textRegex=null, idRegex=expat_avs_verification_guide_cta, size=null, below=null, above=null, leftOf=null, rightOf=null, containsChild=null, containsDescendants=null, traits=null, index=null, enabled=null, optional=false, selected=null, checked=null, focused=null, childOf=null, css=null), direction=DOWN, scrollDuration=951, visibilityPercentage=80, timeout=20000, waitToSettleTimeoutMs=null, centerElement=true, originalSpeedValue=5, label=null, optional=false)), logMessages=[], insight=Insight(message=, level=NONE), aiReasoning=null, labeledCommand=null)
01:54:54.960 [ INFO] maestro.cli.runner.MaestroCommandRunner.runCommands$lambda$11: Scrolling DOWN until id: expat_avs_verification_guide_cta is visible with speed 5, visibility percentage 80%, timeout 20000 ms, with centering enabled metadata CommandMetadata(numberOfRuns=null, evaluatedCommand=MaestroCommand(scrollUntilVisibleCommand=ScrollUntilVisibleCommand(selector=ElementSelector(textRegex=null, idRegex=expat_avs_verification_guide_cta, size=null, below=null, above=null, leftOf=null, rightOf=null, containsChild=null, containsDescendants=null, traits=null, index=null, enabled=null, optional=false, selected=null, checked=null, focused=null, childOf=null, css=null), direction=DOWN, scrollDuration=951, visibilityPercentage=80, timeout=20000, waitToSettleTimeoutMs=null, centerElement=true, originalSpeedValue=5, label=null, optional=false)), logMessages=[], insight=Insight(message=, level=NONE), aiReasoning=null, labeledCommand=null)
01:54:55.043 [ INFO] maestro.cli.runner.MaestroCommandRunner.runCommands$lambda$11: Scrolling DOWN until id: expat_avs_verification_guide_cta is visible with speed 5, visibility percentage 80%, timeout 20000 ms, with centering enabled metadata CommandMetadata(numberOfRuns=null, evaluatedCommand=MaestroCommand(scrollUntilVisibleCommand=ScrollUntilVisibleCommand(selector=ElementSelector(textRegex=null, idRegex=expat_avs_verification_guide_cta, size=null, below=null, above=null, leftOf=null, rightOf=null, containsChild=null, containsDescendants=null, traits=null, index=null, enabled=null, optional=false, selected=null, checked=null, focused=null, childOf=null, css=null), direction=DOWN, scrollDuration=951, visibilityPercentage=80, timeout=20000, waitToSettleTimeoutMs=null, centerElement=true, originalSpeedValue=5, label=null, optional=false)), logMessages=[], insight=Insight(message=, level=NONE), aiReasoning=null, labeledCommand=null)
01:54:55.123 [ INFO] maestro.cli.runner.MaestroCommandRunner.runCommands$lambda$11: Scrolling DOWN until id: expat_avs_verification_guide_cta is visible with speed 5, visibility percentage 80%, timeout 20000 ms, with centering enabled metadata CommandMetadata(numberOfRuns=null, evaluatedCommand=MaestroCommand(scrollUntilVisibleCommand=ScrollUntilVisibleCommand(selector=ElementSelector(textRegex=null, idRegex=expat_avs_verification_guide_cta, size=null, below=null, above=null, leftOf=null, rightOf=null, containsChild=null, containsDescendants=null, traits=null, index=null, enabled=null, optional=false, selected=null, checked=null, focused=null, childOf=null, css=null), direction=DOWN, scrollDuration=951, visibilityPercentage=80, timeout=20000, waitToSettleTimeoutMs=null, centerElement=true, originalSpeedValue=5, label=null, optional=false)), logMessages=[], insight=Insight(message=, level=NONE), aiReasoning=null, labeledCommand=null)
01:54:55.204 [ INFO] maestro.cli.runner.MaestroCommandRunner.runCommands$lambda$11: Scrolling DOWN until id: expat_avs_verification_guide_cta is visible with speed 5, visibility percentage 80%, timeout 20000 ms, with centering enabled metadata CommandMetadata(numberOfRuns=null, evaluatedCommand=MaestroCommand(scrollUntilVisibleCommand=ScrollUntilVisibleCommand(selector=ElementSelector(textRegex=null, idRegex=expat_avs_verification_guide_cta, size=null, below=null, above=null, leftOf=null, rightOf=null, containsChild=null, containsDescendants=null, traits=null, index=null, enabled=null, optional=false, selected=null, checked=null, focused=null, childOf=null, css=null), direction=DOWN, scrollDuration=951, visibilityPercentage=80, timeout=20000, waitToSettleTimeoutMs=null, centerElement=true, originalSpeedValue=5, label=null, optional=false)), logMessages=[], insight=Insight(message=, level=NONE), aiReasoning=null, labeledCommand=null)
01:54:55.204 [ WARN] maestro.orchestra.Orchestra.scrollUntilVisible: Error: maestro.MaestroException$ElementNotFound: Element not found: Id matching regex: expat_avs_verification_guide_cta
01:54:55.209 [ INFO] maestro.Maestro.swipeFromCenter: Swiping UP from center
01:54:55.218 [ INFO] device.IOSDevice.invoke-F9mIFpk: Waiting for animation to end with timeout 3000
01:54:56.631 [ INFO] device.IOSDevice.invoke-F9mIFpk: Waiting for animation to end with timeout 3000
01:54:58.548 [ INFO] maestro.cli.runner.MaestroCommandRunner.runCommands$lambda$11: Scrolling DOWN until id: expat_avs_verification_guide_cta is visible with speed 5, visibility percentage 80%, timeout 20000 ms, with centering enabled metadata CommandMetadata(numberOfRuns=null, evaluatedCommand=MaestroCommand(scrollUntilVisibleCommand=ScrollUntilVisibleCommand(selector=ElementSelector(textRegex=null, idRegex=expat_avs_verification_guide_cta, size=null, below=null, above=null, leftOf=null, rightOf=null, containsChild=null, containsDescendants=null, traits=null, index=null, enabled=null, optional=false, selected=null, checked=null, focused=null, childOf=null, css=null), direction=DOWN, scrollDuration=951, visibilityPercentage=80, timeout=20000, waitToSettleTimeoutMs=null, centerElement=true, originalSpeedValue=5, label=null, optional=false)), logMessages=[], insight=Insight(message=, level=NONE), aiReasoning=null, labeledCommand=null)
01:54:58.557 [ INFO] maestro.orchestra.Orchestra.scrollUntilVisible: Scrolling try count: 0, DeviceWidth: 402, DeviceWidth: 874
01:54:58.557 [ INFO] maestro.orchestra.Orchestra.scrollUntilVisible: Element bounds: Bounds(x=49, y=507, width=304, height=74)
01:54:58.557 [ INFO] maestro.orchestra.Orchestra.scrollUntilVisible: Visibility Percent: 1.0
01:54:58.557 [ INFO] maestro.orchestra.Orchestra.scrollUntilVisible: Command centerElement: ScrollUntilVisibleCommand(selector=ElementSelector(textRegex=null, idRegex=expat_avs_verification_guide_cta, size=null, below=null, above=null, leftOf=null, rightOf=null, containsChild=null, containsDescendants=null, traits=null, index=null, enabled=null, optional=false, selected=null, checked=null, focused=null, childOf=null, css=null), direction=DOWN, scrollDuration=951, visibilityPercentage=80, timeout=20000, waitToSettleTimeoutMs=null, centerElement=true, originalSpeedValue=5, label=null, optional=false).centerElement
01:54:58.557 [ INFO] maestro.orchestra.Orchestra.scrollUntilVisible: visibilityPercentageNormalized: 0.0
01:54:58.557 [ INFO] maestro.cli.runner.MaestroCommandRunner.runCommands$lambda$2: Scrolling DOWN until id: expat_avs_verification_guide_cta is visible with speed 5, visibility percentage 80%, timeout 20000 ms, with centering enabled COMPLETED
01:54:58.557 [ INFO] maestro.cli.runner.MaestroCommandRunner.runCommands$lambda$0: Tap on id: expat_avs_verification_guide_cta RUNNING
01:54:58.558 [ INFO] maestro.cli.runner.MaestroCommandRunner.runCommands$lambda$11: Tap on id: expat_avs_verification_guide_cta metadata CommandMetadata(numberOfRuns=null, evaluatedCommand=MaestroCommand(tapOnElementCommand=TapOnElementCommand(selector=ElementSelector(textRegex=null, idRegex=expat_avs_verification_guide_cta, size=null, below=null, above=null, leftOf=null, rightOf=null, containsChild=null, containsDescendants=null, traits=null, index=null, enabled=null, optional=false, selected=null, checked=null, focused=null, childOf=null, css=null), retryIfNoChange=false, waitUntilVisible=false, longPress=false, repeat=null, waitToSettleTimeoutMs=null, relativePoint=null, label=null, optional=false)), logMessages=[], insight=Insight(message=, level=NONE), aiReasoning=null, labeledCommand=null)
01:54:58.637 [ INFO] maestro.cli.runner.MaestroCommandRunner.runCommands$lambda$11: Tap on id: expat_avs_verification_guide_cta metadata CommandMetadata(numberOfRuns=null, evaluatedCommand=MaestroCommand(tapOnElementCommand=TapOnElementCommand(selector=ElementSelector(textRegex=null, idRegex=expat_avs_verification_guide_cta, size=null, below=null, above=null, leftOf=null, rightOf=null, containsChild=null, containsDescendants=null, traits=null, index=null, enabled=null, optional=false, selected=null, checked=null, focused=null, childOf=null, css=null), retryIfNoChange=false, waitUntilVisible=false, longPress=false, repeat=null, waitToSettleTimeoutMs=null, relativePoint=null, label=null, optional=false)), logMessages=[], insight=Insight(message=, level=NONE), aiReasoning=null, labeledCommand=null)
01:54:58.637 [ INFO] maestro.Maestro.tap-HgV9Ck0: Tapping on element:  UiElement(treeNode=TreeNode(attributes={accessibilityText=, title=, value=, text=, hintText=, resource-id=expat_avs_verification_guide_cta, bounds=[49,507][353,581], enabled=true, focused=false, selected=false, checked=false}, children=[], clickable=null, enabled=true, focused=false, checked=false, selected=false), bounds=Bounds(x=49, y=507, width=304, height=74))
01:54:58.638 [ INFO] device.IOSDevice.invoke-F9mIFpk: Waiting for animation to end with timeout 3000
01:54:58.758 [ INFO] maestro.Maestro.tap-HgV9Ck0: Refreshed element
01:54:58.759 [ INFO] maestro.Maestro.screenshotBasedTap-ogj28Uc: Try tapping at (201, 544) using hierarchy based logic for wait
01:54:58.759 [TRACE] maestro.utils.ScreenshotUtils.takeScreenshot: Taking screenshot to byte array
01:54:58.759 [TRACE] maestro.utils.ScreenshotUtils.takeScreenshot: Taking screenshot to output sink
01:54:59.187 [ INFO] device.IOSDevice.invoke-F9mIFpk: Waiting for animation to end with timeout 3000
01:54:59.667 [ INFO] maestro.Maestro.screenshotBasedTap-ogj28Uc: Something have changed in the UI judging by view hierarchy. Proceed.
01:54:59.668 [ INFO] maestro.cli.runner.MaestroCommandRunner.runCommands$lambda$2: Tap on id: expat_avs_verification_guide_cta COMPLETED
01:54:59.668 [ INFO] maestro.cli.runner.MaestroCommandRunner.runCommands$lambda$0: Scrolling DOWN until id: avs_official_ci_request_cta is visible with speed 5, visibility percentage 80%, timeout 20000 ms, with centering enabled RUNNING
01:54:59.669 [ INFO] maestro.cli.runner.MaestroCommandRunner.runCommands$lambda$11: Scrolling DOWN until id: avs_official_ci_request_cta is visible with speed 5, visibility percentage 80%, timeout 20000 ms, with centering enabled metadata CommandMetadata(numberOfRuns=null, evaluatedCommand=MaestroCommand(scrollUntilVisibleCommand=ScrollUntilVisibleCommand(selector=ElementSelector(textRegex=null, idRegex=avs_official_ci_request_cta, size=null, below=null, above=null, leftOf=null, rightOf=null, containsChild=null, containsDescendants=null, traits=null, index=null, enabled=null, optional=false, selected=null, checked=null, focused=null, childOf=null, css=null), direction=DOWN, scrollDuration=951, visibilityPercentage=80, timeout=20000, waitToSettleTimeoutMs=null, centerElement=true, originalSpeedValue=5, label=null, optional=false)), logMessages=[], insight=Insight(message=, level=NONE), aiReasoning=null, labeledCommand=null)
01:54:59.758 [ INFO] maestro.cli.runner.MaestroCommandRunner.runCommands$lambda$11: Scrolling DOWN until id: avs_official_ci_request_cta is visible with speed 5, visibility percentage 80%, timeout 20000 ms, with centering enabled metadata CommandMetadata(numberOfRuns=null, evaluatedCommand=MaestroCommand(scrollUntilVisibleCommand=ScrollUntilVisibleCommand(selector=ElementSelector(textRegex=null, idRegex=avs_official_ci_request_cta, size=null, below=null, above=null, leftOf=null, rightOf=null, containsChild=null, containsDescendants=null, traits=null, index=null, enabled=null, optional=false, selected=null, checked=null, focused=null, childOf=null, css=null), direction=DOWN, scrollDuration=951, visibilityPercentage=80, timeout=20000, waitToSettleTimeoutMs=null, centerElement=true, originalSpeedValue=5, label=null, optional=false)), logMessages=[], insight=Insight(message=, level=NONE), aiReasoning=null, labeledCommand=null)
01:54:59.759 [ INFO] maestro.orchestra.Orchestra.scrollUntilVisible: Scrolling try count: 0, DeviceWidth: 402, DeviceWidth: 874
01:54:59.759 [ INFO] maestro.orchestra.Orchestra.scrollUntilVisible: Element bounds: Bounds(x=40, y=610, width=322, height=52)
01:54:59.759 [ INFO] maestro.orchestra.Orchestra.scrollUntilVisible: Visibility Percent: 1.0
01:54:59.759 [ INFO] maestro.orchestra.Orchestra.scrollUntilVisible: Command centerElement: ScrollUntilVisibleCommand(selector=ElementSelector(textRegex=null, idRegex=avs_official_ci_request_cta, size=null, below=null, above=null, leftOf=null, rightOf=null, containsChild=null, containsDescendants=null, traits=null, index=null, enabled=null, optional=false, selected=null, checked=null, focused=null, childOf=null, css=null), direction=DOWN, scrollDuration=951, visibilityPercentage=80, timeout=20000, waitToSettleTimeoutMs=null, centerElement=true, originalSpeedValue=5, label=null, optional=false).centerElement
01:54:59.759 [ INFO] maestro.orchestra.Orchestra.scrollUntilVisible: visibilityPercentageNormalized: 0.0
01:54:59.764 [ INFO] maestro.Maestro.swipeFromCenter: Swiping UP from center
01:54:59.773 [ INFO] device.IOSDevice.invoke-F9mIFpk: Waiting for animation to end with timeout 3000
01:55:01.175 [ INFO] device.IOSDevice.invoke-F9mIFpk: Waiting for animation to end with timeout 3000
01:55:03.065 [ INFO] maestro.cli.runner.MaestroCommandRunner.runCommands$lambda$11: Scrolling DOWN until id: avs_official_ci_request_cta is visible with speed 5, visibility percentage 80%, timeout 20000 ms, with centering enabled metadata CommandMetadata(numberOfRuns=null, evaluatedCommand=MaestroCommand(scrollUntilVisibleCommand=ScrollUntilVisibleCommand(selector=ElementSelector(textRegex=null, idRegex=avs_official_ci_request_cta, size=null, below=null, above=null, leftOf=null, rightOf=null, containsChild=null, containsDescendants=null, traits=null, index=null, enabled=null, optional=false, selected=null, checked=null, focused=null, childOf=null, css=null), direction=DOWN, scrollDuration=951, visibilityPercentage=80, timeout=20000, waitToSettleTimeoutMs=null, centerElement=true, originalSpeedValue=5, label=null, optional=false)), logMessages=[], insight=Insight(message=, level=NONE), aiReasoning=null, labeledCommand=null)
01:55:03.066 [ INFO] maestro.orchestra.Orchestra.scrollUntilVisible: Scrolling try count: 1, DeviceWidth: 402, DeviceWidth: 874
01:55:03.067 [ INFO] maestro.orchestra.Orchestra.scrollUntilVisible: Element bounds: Bounds(x=40, y=157, width=322, height=52)
01:55:03.067 [ INFO] maestro.orchestra.Orchestra.scrollUntilVisible: Visibility Percent: 1.0
01:55:03.067 [ INFO] maestro.orchestra.Orchestra.scrollUntilVisible: Command centerElement: ScrollUntilVisibleCommand(selector=ElementSelector(textRegex=null, idRegex=avs_official_ci_request_cta, size=null, below=null, above=null, leftOf=null, rightOf=null, containsChild=null, containsDescendants=null, traits=null, index=null, enabled=null, optional=false, selected=null, checked=null, focused=null, childOf=null, css=null), direction=DOWN, scrollDuration=951, visibilityPercentage=80, timeout=20000, waitToSettleTimeoutMs=null, centerElement=true, originalSpeedValue=5, label=null, optional=false).centerElement
01:55:03.067 [ INFO] maestro.orchestra.Orchestra.scrollUntilVisible: visibilityPercentageNormalized: 0.0
01:55:03.067 [ INFO] maestro.cli.runner.MaestroCommandRunner.runCommands$lambda$2: Scrolling DOWN until id: avs_official_ci_request_cta is visible with speed 5, visibility percentage 80%, timeout 20000 ms, with centering enabled COMPLETED
01:55:03.067 [ INFO] maestro.cli.runner.MaestroCommandRunner.runCommands$lambda$0: Assert that id: avs_official_ci_request_cta is visible RUNNING
01:55:03.068 [ INFO] maestro.cli.runner.MaestroCommandRunner.runCommands$lambda$11: Assert that id: avs_official_ci_request_cta is visible metadata CommandMetadata(numberOfRuns=null, evaluatedCommand=MaestroCommand(assertConditionCommand=AssertConditionCommand(condition=Condition(platform=null, visible=ElementSelector(textRegex=null, idRegex=avs_official_ci_request_cta, size=null, below=null, above=null, leftOf=null, rightOf=null, containsChild=null, containsDescendants=null, traits=null, index=null, enabled=null, optional=false, selected=null, checked=null, focused=null, childOf=null, css=null), notVisible=null, scriptCondition=null, label=null), timeout=null, label=null, optional=false)), logMessages=[], insight=Insight(message=, level=NONE), aiReasoning=null, labeledCommand=null)
01:55:03.147 [ INFO] maestro.cli.runner.MaestroCommandRunner.runCommands$lambda$11: Assert that id: avs_official_ci_request_cta is visible metadata CommandMetadata(numberOfRuns=null, evaluatedCommand=MaestroCommand(assertConditionCommand=AssertConditionCommand(condition=Condition(platform=null, visible=ElementSelector(textRegex=null, idRegex=avs_official_ci_request_cta, size=null, below=null, above=null, leftOf=null, rightOf=null, containsChild=null, containsDescendants=null, traits=null, index=null, enabled=null, optional=false, selected=null, checked=null, focused=null, childOf=null, css=null), notVisible=null, scriptCondition=null, label=null), timeout=null, label=null, optional=false)), logMessages=[], insight=Insight(message=, level=NONE), aiReasoning=null, labeledCommand=null)
01:55:03.147 [ INFO] maestro.cli.runner.MaestroCommandRunner.runCommands$lambda$2: Assert that id: avs_official_ci_request_cta is visible COMPLETED
01:55:03.147 [ INFO] maestro.cli.runner.MaestroCommandRunner.runCommands$lambda$0: Scrolling DOWN until id: avs_official_form_cta is visible with speed 5, visibility percentage 80%, timeout 20000 ms, with centering enabled RUNNING
01:55:03.148 [ INFO] maestro.cli.runner.MaestroCommandRunner.runCommands$lambda$11: Scrolling DOWN until id: avs_official_form_cta is visible with speed 5, visibility percentage 80%, timeout 20000 ms, with centering enabled metadata CommandMetadata(numberOfRuns=null, evaluatedCommand=MaestroCommand(scrollUntilVisibleCommand=ScrollUntilVisibleCommand(selector=ElementSelector(textRegex=null, idRegex=avs_official_form_cta, size=null, below=null, above=null, leftOf=null, rightOf=null, containsChild=null, containsDescendants=null, traits=null, index=null, enabled=null, optional=false, selected=null, checked=null, focused=null, childOf=null, css=null), direction=DOWN, scrollDuration=951, visibilityPercentage=80, timeout=20000, waitToSettleTimeoutMs=null, centerElement=true, originalSpeedValue=5, label=null, optional=false)), logMessages=[], insight=Insight(message=, level=NONE), aiReasoning=null, labeledCommand=null)
01:55:03.235 [ INFO] maestro.cli.runner.MaestroCommandRunner.runCommands$lambda$11: Scrolling DOWN until id: avs_official_form_cta is visible with speed 5, visibility percentage 80%, timeout 20000 ms, with centering enabled metadata CommandMetadata(numberOfRuns=null, evaluatedCommand=MaestroCommand(scrollUntilVisibleCommand=ScrollUntilVisibleCommand(selector=ElementSelector(textRegex=null, idRegex=avs_official_form_cta, size=null, below=null, above=null, leftOf=null, rightOf=null, containsChild=null, containsDescendants=null, traits=null, index=null, enabled=null, optional=false, selected=null, checked=null, focused=null, childOf=null, css=null), direction=DOWN, scrollDuration=951, visibilityPercentage=80, timeout=20000, waitToSettleTimeoutMs=null, centerElement=true, originalSpeedValue=5, label=null, optional=false)), logMessages=[], insight=Insight(message=, level=NONE), aiReasoning=null, labeledCommand=null)
01:55:03.235 [ INFO] maestro.orchestra.Orchestra.scrollUntilVisible: Scrolling try count: 0, DeviceWidth: 402, DeviceWidth: 874
01:55:03.235 [ INFO] maestro.orchestra.Orchestra.scrollUntilVisible: Element bounds: Bounds(x=40, y=503, width=322, height=56)
01:55:03.235 [ INFO] maestro.orchestra.Orchestra.scrollUntilVisible: Visibility Percent: 1.0
01:55:03.236 [ INFO] maestro.orchestra.Orchestra.scrollUntilVisible: Command centerElement: ScrollUntilVisibleCommand(selector=ElementSelector(textRegex=null, idRegex=avs_official_form_cta, size=null, below=null, above=null, leftOf=null, rightOf=null, containsChild=null, containsDescendants=null, traits=null, index=null, enabled=null, optional=false, selected=null, checked=null, focused=null, childOf=null, css=null), direction=DOWN, scrollDuration=951, visibilityPercentage=80, timeout=20000, waitToSettleTimeoutMs=null, centerElement=true, originalSpeedValue=5, label=null, optional=false).centerElement
01:55:03.236 [ INFO] maestro.orchestra.Orchestra.scrollUntilVisible: visibilityPercentageNormalized: 0.0
01:55:03.236 [ INFO] maestro.cli.runner.MaestroCommandRunner.runCommands$lambda$2: Scrolling DOWN until id: avs_official_form_cta is visible with speed 5, visibility percentage 80%, timeout 20000 ms, with centering enabled COMPLETED
01:55:03.236 [ INFO] maestro.cli.runner.MaestroCommandRunner.runCommands$lambda$0: Assert that id: avs_official_form_cta is visible RUNNING
01:55:03.236 [ INFO] maestro.cli.runner.MaestroCommandRunner.runCommands$lambda$11: Assert that id: avs_official_form_cta is visible metadata CommandMetadata(numberOfRuns=null, evaluatedCommand=MaestroCommand(assertConditionCommand=AssertConditionCommand(condition=Condition(platform=null, visible=ElementSelector(textRegex=null, idRegex=avs_official_form_cta, size=null, below=null, above=null, leftOf=null, rightOf=null, containsChild=null, containsDescendants=null, traits=null, index=null, enabled=null, optional=false, selected=null, checked=null, focused=null, childOf=null, css=null), notVisible=null, scriptCondition=null, label=null), timeout=null, label=null, optional=false)), logMessages=[], insight=Insight(message=, level=NONE), aiReasoning=null, labeledCommand=null)
01:55:03.318 [ INFO] maestro.cli.runner.MaestroCommandRunner.runCommands$lambda$11: Assert that id: avs_official_form_cta is visible metadata CommandMetadata(numberOfRuns=null, evaluatedCommand=MaestroCommand(assertConditionCommand=AssertConditionCommand(condition=Condition(platform=null, visible=ElementSelector(textRegex=null, idRegex=avs_official_form_cta, size=null, below=null, above=null, leftOf=null, rightOf=null, containsChild=null, containsDescendants=null, traits=null, index=null, enabled=null, optional=false, selected=null, checked=null, focused=null, childOf=null, css=null), notVisible=null, scriptCondition=null, label=null), timeout=null, label=null, optional=false)), logMessages=[], insight=Insight(message=, level=NONE), aiReasoning=null, labeledCommand=null)
01:55:03.319 [ INFO] maestro.cli.runner.MaestroCommandRunner.runCommands$lambda$2: Assert that id: avs_official_form_cta is visible COMPLETED
01:55:03.319 [ INFO] maestro.cli.runner.MaestroCommandRunner.runCommands$lambda$0: Take screenshot expat_avs_verification_guide RUNNING
01:55:03.319 [ INFO] maestro.cli.runner.MaestroCommandRunner.runCommands$lambda$11: Take screenshot expat_avs_verification_guide metadata CommandMetadata(numberOfRuns=null, evaluatedCommand=MaestroCommand(takeScreenshotCommand=TakeScreenshotCommand(path=expat_avs_verification_guide, cropOn=null, label=null, optional=false)), logMessages=[], insight=Insight(message=, level=NONE), aiReasoning=null, labeledCommand=null)
01:55:03.320 [ INFO] maestro.Maestro.takeScreenshot: Taking screenshot
01:55:03.320 [TRACE] maestro.utils.ScreenshotUtils.takeScreenshot: Taking screenshot to output sink
01:55:03.379 [ INFO] maestro.cli.runner.MaestroCommandRunner.runCommands$lambda$2: Take screenshot expat_avs_verification_guide COMPLETED
