Verbose mode enabled. More logs will be printed.

Update available! 4.4.0 → 4.5.1

Check the compatibility table at: https://patrol.leancode.co/documentation/compatibility-table


Received 1 test target(s)
Received test target: <REPO>/apps/mobile/test/patrol/g1_front01_frontier_jurisdiction_runtime_test.dart
Generated entrypoint <REPO>/apps/mobile/test/patrol/test_bundle.dart with 1 bundled test(s)
Received 9 --dart-define(s) (1 custom, 8 internal)
Received custom --dart-define: MINT_PATROL_CLI
Received internal --dart-define: PATROL_WAIT=0
Received internal --dart-define: PATROL_APP_BUNDLE_ID=ch.mint.app
Received internal --dart-define: PATROL_IOS_APP_NAME=Mint
Received internal --dart-define: PATROL_TEST_LABEL_ENABLED=true
Received internal --dart-define: PATROL_TEST_DIRECTORY=test/patrol
Received internal --dart-define: INTEGRATION_TEST_SHOULD_REPORT_RESULTS_TO_NATIVE=false
Received internal --dart-define: PATROL_TEST_SERVER_PORT=8081
Received internal --dart-define: PATROL_APP_SERVER_PORT=8082
• Building app with entrypoint test_bundle.dart for iOS simulator (debug)...
$ flutter build ios --no-version-check --suppress-analytics --config-only --no-codesign --debug --simulator --target <REPO>/apps/mobile/test/patrol/test_bundle.dart --dart-define MINT_PATROL_CLI=true --dart-define PATROL_WAIT=0 --dart-define PATROL_APP_BUNDLE_ID=ch.mint.app --dart-define PATROL_IOS_APP_NAME=Mint --dart-define PATROL_TEST_LABEL_ENABLED=true --dart-define PATROL_TEST_DIRECTORY=test/patrol --dart-define INTEGRATION_TEST_SHOULD_REPORT_RESULTS_TO_NATIVE=false --dart-define PATROL_TEST_SERVER_PORT=8081 --dart-define PATROL_APP_SERVER_PORT=8082
	Building ch.mint.app for simulator (ios)...
	Running pod install...                                           1,682ms
$ xcodebuild build-for-testing -workspace Runner.xcworkspace -scheme Runner -configuration Debug -sdk iphonesimulator -destination generic/platform=iOS Simulator -quiet -derivedDataPath ../build/ios_integ OTHER_SWIFT_FLAGS=$(inherited) -D PATROL_ENABLED OTHER_CFLAGS=$(inherited) -D FULL_ISOLATION=0 -D CLEAR_PERMISSIONS=0
	<HOME>/.pub-cache/hosted/pub.dev/flutter_tts-4.2.5/ios/Classes/SwiftFlutterTtsPlugin.swift:10:7: warning: stored property 'synthesizer' of 'Sendable'-conforming class 'SwiftFlutterTtsPlugin' has non-Sendable type 'AVSpeechSynthesizer'
	  let synthesizer = AVSpeechSynthesizer()
	      ^
	/Applications/Xcode.app/Contents/Developer/Platforms/iPhoneSimulator.platform/Developer/SDKs/iPhoneSimulator26.2.sdk/System/Library/Frameworks/AVFAudio.framework/Headers/AVSpeechSynthesis.h:227:12: note: class 'AVSpeechSynthesizer' does not conform to the 'Sendable' protocol
	@interface AVSpeechSynthesizer : NSObject
	           ^
	<HOME>/.pub-cache/hosted/pub.dev/flutter_tts-4.2.5/ios/Classes/SwiftFlutterTtsPlugin.swift:10:7: warning: stored property 'synthesizer' of 'Sendable'-conforming class 'SwiftFlutterTtsPlugin' has non-Sendable type 'AVSpeechSynthesizer'
	  let synthesizer = AVSpeechSynthesizer()
	      ^
	/Applications/Xcode.app/Contents/Developer/Platforms/iPhoneSimulator.platform/Developer/SDKs/iPhoneSimulator26.2.sdk/System/Library/Frameworks/AVFAudio.framework/Headers/AVSpeechSynthesis.h:227:12: note: class 'AVSpeechSynthesizer' does not conform to the 'Sendable' protocol
	@interface AVSpeechSynthesizer : NSObject
	           ^
	<HOME>/.pub-cache/hosted/pub.dev/printing-5.14.2/ios/Classes/PrintJob.swift:269:70: warning: 'keyWindow' was deprecated in iOS 13.0: Should not be used for applications that support multiple scenes as it returns a key window across all connected scenes
	            let controller: UIViewController? = UIApplication.shared.keyWindow?.rootViewController
	                                                                     ^
	<HOME>/.pub-cache/hosted/pub.dev/printing-5.14.2/ios/Classes/PrintJob.swift:273:30: warning: 'keyWindow' was deprecated in iOS 13.0: Should not be used for applications that support multiple scenes as it returns a key window across all connected scenes
	        UIApplication.shared.keyWindow?.rootViewController?.present(activityViewController, animated: true)
	                             ^
	<HOME>/.pub-cache/hosted/pub.dev/printing-5.14.2/ios/Classes/PrintJob.swift:356:74: warning: 'keyWindow' was deprecated in iOS 13.0: Should not be used for applications that support multiple scenes as it returns a key window across all connected scenes
	            let viewController: UIViewController? = UIApplication.shared.keyWindow?.rootViewController
	                                                                         ^
	<HOME>/.pub-cache/hosted/pub.dev/printing-5.14.2/ios/Classes/PrintJob.swift:269:70: warning: 'keyWindow' was deprecated in iOS 13.0: Should not be used for applications that support multiple scenes as it returns a key window across all connected scenes
	            let controller: UIViewController? = UIApplication.shared.keyWindow?.rootViewController
	                                                                     ^
	<HOME>/.pub-cache/hosted/pub.dev/printing-5.14.2/ios/Classes/PrintJob.swift:273:30: warning: 'keyWindow' was deprecated in iOS 13.0: Should not be used for applications that support multiple scenes as it returns a key window across all connected scenes
	        UIApplication.shared.keyWindow?.rootViewController?.present(activityViewController, animated: true)
	                             ^
	<HOME>/.pub-cache/hosted/pub.dev/printing-5.14.2/ios/Classes/PrintJob.swift:356:74: warning: 'keyWindow' was deprecated in iOS 13.0: Should not be used for applications that support multiple scenes as it returns a key window across all connected scenes
	            let viewController: UIViewController? = UIApplication.shared.keyWindow?.rootViewController
	                                                                         ^
	<module-includes>:1:9: note: in file included from <module-includes>:1:
	1 | #import "Headers/in_app_purchase_storekit-umbrella.h"
	  |         `- note: in file included from <module-includes>:1:
	2 |

	<REPO>/apps/mobile/ios/Pods/Target Support Files/in_app_purchase_storekit/in_app_purchase_storekit-umbrella.h:13:9: note: in file included from <REPO>/apps/mobile/ios/Pods/Target Support Files/in_app_purchase_storekit/in_app_purchase_storekit-umbrella.h:13:
	11 | #endif
	12 |
	13 | #import "FIAObjectTranslator.h"
	   |         `- note: in file included from <REPO>/apps/mobile/ios/Pods/Target Support Files/in_app_purchase_storekit/in_app_purchase_storekit-umbrella.h:13:
	14 | #import "FIAPaymentQueueHandler.h"
	15 | #import "FIAPPaymentQueueDelegate.h"

	<HOME>/.pub-cache/hosted/pub.dev/in_app_purchase_storekit-0.4.4/darwin/in_app_purchase_storekit/Sources/in_app_purchase_storekit_objc/include/in_app_purchase_storekit_objc/FIAObjectTranslator.h:14:40: warning: 'SKProduct' is deprecated: first deprecated in iOS 18.0 - Use Product.
	12 |
	13 | // Converts an instance of SKProduct into a dictionary.
	14 | + (NSDictionary *)getMapFromSKProduct:(SKProduct *)product;
	   |                                        `- warning: 'SKProduct' is deprecated: first deprecated in iOS 18.0 - Use Product.
	15 |
	16 | // Converts an instance of SKProductSubscriptionPeriod into a dictionary.

	/Applications/Xcode.app/Contents/Developer/Platforms/iPhoneSimulator.platform/Developer/SDKs/iPhoneSimulator26.2.sdk/System/Library/Frameworks/StoreKit.framework/Headers/SKProduct.h:41:12: note: 'SKProduct' has been explicitly marked deprecated here
	39 | API_DEPRECATED("Use Product.", ios(3.0, 18.0), macos(10.7, 15.0), watchos(6.2, 11.0), visionos(1.0, 2.0))
	40 | NS_SWIFT_SENDABLE
	41 | @interface SKProduct : NSObject {
	   |            `- note: 'SKProduct' has been explicitly marked deprecated here
	42 | @private
	43 |     id _internal;

	<module-includes>:1:9: note: in file included from <module-includes>:1:
	1 | #import "Headers/in_app_purchase_storekit-umbrella.h"
	  |         `- note: in file included from <module-includes>:1:
	2 |

	<REPO>/apps/mobile/ios/Pods/Target Support Files/in_app_purchase_storekit/in_app_purchase_storekit-umbrella.h:13:9: note: in file included from <REPO>/apps/mobile/ios/Pods/Target Support Files/in_app_purchase_storekit/in_app_purchase_storekit-umbrella.h:13:
	11 | #endif
	12 |
	13 | #import "FIAObjectTranslator.h"
	   |         `- note: in file included from <REPO>/apps/mobile/ios/Pods/Target Support Files/in_app_purchase_storekit/in_app_purchase_storekit-umbrella.h:13:
	14 | #import "FIAPaymentQueueHandler.h"
	15 | #import "FIAPPaymentQueueDelegate.h"

	<HOME>/.pub-cache/hosted/pub.dev/in_app_purchase_storekit-0.4.4/darwin/in_app_purchase_storekit/Sources/in_app_purchase_storekit_objc/include/in_app_purchase_storekit_objc/FIAObjectTranslator.h:17:58: warning: 'SKProductSubscriptionPeriod' is deprecated: first deprecated in iOS 18.0 - Use Product.SubscriptionPeriod.
	15 |
	16 | // Converts an instance of SKProductSubscriptionPeriod into a dictionary.
	17 | + (NSDictionary *)getMapFromSKProductSubscriptionPeriod:(SKProductSubscriptionPeriod *)period
	   |                                                          `- warning: 'SKProductSubscriptionPeriod' is deprecated: first deprecated in iOS 18.0 - Use Product.SubscriptionPeriod.
	18 |     API_AVAILABLE(ios(11.2));
	19 |

	/Applications/Xcode.app/Contents/Developer/Platforms/iPhoneSimulator.platform/Developer/SDKs/iPhoneSimulator26.2.sdk/System/Library/Frameworks/StoreKit.framework/Headers/SKProduct.h:27:12: note: 'SKProductSubscriptionPeriod' has been explicitly marked deprecated here
	25 | API_DEPRECATED("Use Product.SubscriptionPeriod.", ios(11.2, 18.0), macos(10.13.2, 15.0), watchos(6.2, 11.0), visionos(1.0, 2.0))
	26 | NS_SWIFT_SENDABLE
	27 | @interface SKProductSubscriptionPeriod : NSObject {
	   |            `- note: 'SKProductSubscriptionPeriod' has been explicitly marked deprecated here
	28 | @private
	29 |     id _internal;

	<module-includes>:1:9: note: in file included from <module-includes>:1:
	1 | #import "Headers/in_app_purchase_storekit-umbrella.h"
	  |         `- note: in file included from <module-includes>:1:
	2 |

	<REPO>/apps/mobile/ios/Pods/Target Support Files/in_app_purchase_storekit/in_app_purchase_storekit-umbrella.h:13:9: note: in file included from <REPO>/apps/mobile/ios/Pods/Target Support Files/in_app_purchase_storekit/in_app_purchase_storekit-umbrella.h:13:
	11 | #endif
	12 |
	13 | #import "FIAObjectTranslator.h"
	   |         `- note: in file included from <REPO>/apps/mobile/ios/Pods/Target Support Files/in_app_purchase_storekit/in_app_purchase_storekit-umbrella.h:13:
	14 | #import "FIAPaymentQueueHandler.h"
	15 | #import "FIAPPaymentQueueDelegate.h"

	<HOME>/.pub-cache/hosted/pub.dev/in_app_purchase_storekit-0.4.4/darwin/in_app_purchase_storekit/Sources/in_app_purchase_storekit_objc/include/in_app_purchase_storekit_objc/FIAObjectTranslator.h:21:48: warning: 'SKProductDiscount' is deprecated: first deprecated in iOS 18.0 - Use Product.SubscriptionOffer.
	19 |
	20 | // Converts an instance of SKProductDiscount into a dictionary.
	21 | + (NSDictionary *)getMapFromSKProductDiscount:(SKProductDiscount *)discount
	   |                                                `- warning: 'SKProductDiscount' is deprecated: first deprecated in iOS 18.0 - Use Product.SubscriptionOffer.
	22 |     API_AVAILABLE(ios(11.2));
	23 |

	/Applications/Xcode.app/Contents/Developer/Platforms/iPhoneSimulator.platform/Developer/SDKs/iPhoneSimulator26.2.sdk/System/Library/Frameworks/StoreKit.framework/Headers/SKProductDiscount.h:33:12: note: 'SKProductDiscount' has been explicitly marked deprecated here
	31 | API_DEPRECATED("Use Product.SubscriptionOffer.", ios(11.2, 18.0), macos(10.13.2, 15.0), watchos(6.2, 11.0), visionos(1.0, 2.0))
	32 | NS_SWIFT_SENDABLE
	33 | @interface SKProductDiscount : NSObject {
	   |            `- note: 'SKProductDiscount' has been explicitly marked deprecated here
	34 | @private
	35 |     id _internal;

	<module-includes>:1:9: note: in file included from <module-includes>:1:
	1 | #import "Headers/in_app_purchase_storekit-umbrella.h"
	  |         `- note: in file included from <module-includes>:1:
	2 |

	<REPO>/apps/mobile/ios/Pods/Target Support Files/in_app_purchase_storekit/in_app_purchase_storekit-umbrella.h:13:9: note: in file included from <REPO>/apps/mobile/ios/Pods/Target Support Files/in_app_purchase_storekit/in_app_purchase_storekit-umbrella.h:13:
	11 | #endif
	12 |
	13 | #import "FIAObjectTranslator.h"
	   |         `- note: in file included from <REPO>/apps/mobile/ios/Pods/Target Support Files/in_app_purchase_storekit/in_app_purchase_storekit-umbrella.h:13:
	14 | #import "FIAPaymentQueueHandler.h"
	15 | #import "FIAPPaymentQueueDelegate.h"

	<HOME>/.pub-cache/hosted/pub.dev/in_app_purchase_storekit-0.4.4/darwin/in_app_purchase_storekit/Sources/in_app_purchase_storekit_objc/include/in_app_purchase_storekit_objc/FIAObjectTranslator.h:26:22: warning: 'SKProductDiscount' is deprecated: first deprecated in iOS 18.0 - Use Product.SubscriptionOffer.
	24 | // Converts an array of SKProductDiscount instances into an array of dictionaries.
	25 | + (nonnull NSArray *)getMapArrayFromSKProductDiscounts:
	26 |     (nonnull NSArray<SKProductDiscount *> *)productDiscounts API_AVAILABLE(ios(12.2));
	   |                      `- warning: 'SKProductDiscount' is deprecated: first deprecated in iOS 18.0 - Use Product.SubscriptionOffer.
	27 |
	28 | // Converts an instance of SKProductsResponse into a dictionary.

	/Applications/Xcode.app/Contents/Developer/Platforms/iPhoneSimulator.platform/Developer/SDKs/iPhoneSimulator26.2.sdk/System/Library/Frameworks/StoreKit.framework/Headers/SKProductDiscount.h:33:12: note: 'SKProductDiscount' has been explicitly marked deprecated here
	31 | API_DEPRECATED("Use Product.SubscriptionOffer.", ios(11.2, 18.0), macos(10.13.2, 15.0), watchos(6.2, 11.0), visionos(1.0, 2.0))
	32 | NS_SWIFT_SENDABLE
	33 | @interface SKProductDiscount : NSObject {
	   |            `- note: 'SKProductDiscount' has been explicitly marked deprecated here
	34 | @private
	35 |     id _internal;

	<module-includes>:1:9: note: in file included from <module-includes>:1:
	1 | #import "Headers/in_app_purchase_storekit-umbrella.h"
	  |         `- note: in file included from <module-includes>:1:
	2 |

	<REPO>/apps/mobile/ios/Pods/Target Support Files/in_app_purchase_storekit/in_app_purchase_storekit-umbrella.h:13:9: note: in file included from <REPO>/apps/mobile/ios/Pods/Target Support Files/in_app_purchase_storekit/in_app_purchase_storekit-umbrella.h:13:
	11 | #endif
	12 |
	13 | #import "FIAObjectTranslator.h"
	   |         `- note: in file included from <REPO>/apps/mobile/ios/Pods/Target Support Files/in_app_purchase_storekit/in_app_purchase_storekit-umbrella.h:13:
	14 | #import "FIAPaymentQueueHandler.h"
	15 | #import "FIAPPaymentQueueDelegate.h"

	<HOME>/.pub-cache/hosted/pub.dev/in_app_purchase_storekit-0.4.4/darwin/in_app_purchase_storekit/Sources/in_app_purchase_storekit_objc/include/in_app_purchase_storekit_objc/FIAObjectTranslator.h:29:49: warning: 'SKProductsResponse' is deprecated: first deprecated in iOS 18.0 - Get products using Product.products(for:).
	27 |
	28 | // Converts an instance of SKProductsResponse into a dictionary.
	29 | + (NSDictionary *)getMapFromSKProductsResponse:(SKProductsResponse *)productResponse;
	   |                                                 `- warning: 'SKProductsResponse' is deprecated: first deprecated in iOS 18.0 - Get products using Product.products(for:).
	30 |
	31 | // Converts an instance of SKPayment into a dictionary.

	/Applications/Xcode.app/Contents/Developer/Platforms/iPhoneSimulator.platform/Developer/SDKs/iPhoneSimulator26.2.sdk/System/Library/Frameworks/StoreKit.framework/Headers/SKProductsRequest.h:44:12: note: 'SKProductsResponse' has been explicitly marked deprecated here
	42 | API_DEPRECATED("Get products using Product.products(for:).", ios(3.0, 18.0), macos(10.7, 15.0), watchos(6.2, 11.0), visionos(1.0, 2.0))
	43 | NS_SWIFT_SENDABLE
	44 | @interface SKProductsResponse : NSObject {
	   |            `- note: 'SKProductsResponse' has been explicitly marked deprecated here
	45 | @private
	46 |     id _internal;

	<module-includes>:1:9: note: in file included from <module-includes>:1:
	1 | #import "Headers/in_app_purchase_storekit-umbrella.h"
	  |         `- note: in file included from <module-includes>:1:
	2 |

	<REPO>/apps/mobile/ios/Pods/Target Support Files/in_app_purchase_storekit/in_app_purchase_storekit-umbrella.h:13:9: note: in file included from <REPO>/apps/mobile/ios/Pods/Target Support Files/in_app_purchase_storekit/in_app_purchase_storekit-umbrella.h:13:
	11 | #endif
	12 |
	13 | #import "FIAObjectTranslator.h"
	   |         `- note: in file included from <REPO>/apps/mobile/ios/Pods/Target Support Files/in_app_purchase_storekit/in_app_purchase_storekit-umbrella.h:13:
	14 | #import "FIAPaymentQueueHandler.h"
	15 | #import "FIAPPaymentQueueDelegate.h"

	<HOME>/.pub-cache/hosted/pub.dev/in_app_purchase_storekit-0.4.4/darwin/in_app_purchase_storekit/Sources/in_app_purchase_storekit_objc/include/in_app_purchase_storekit_objc/FIAObjectTranslator.h:32:40: warning: 'SKPayment' is deprecated: first deprecated in iOS 18.0 - Use Product.purchase(confirmIn:options:).
	30 |
	31 | // Converts an instance of SKPayment into a dictionary.
	32 | + (NSDictionary *)getMapFromSKPayment:(SKPayment *)payment;
	   |                                        `- warning: 'SKPayment' is deprecated: first deprecated in iOS 18.0 - Use Product.purchase(confirmIn:options:).
	33 |
	34 | // Converts an instance of NSLocale into a dictionary.

	/Applications/Xcode.app/Contents/Developer/Platforms/iPhoneSimulator.platform/Developer/SDKs/iPhoneSimulator26.2.sdk/System/Library/Frameworks/StoreKit.framework/Headers/SKPayment.h:19:12: note: 'SKPayment' has been explicitly marked deprecated here
	17 | API_DEPRECATED("Use Product.purchase(confirmIn:options:).", ios(3.0, 18.0), macos(10.7, 15.0), watchos(6.2, 11.0), visionos(1.0, 2.0))
	18 | NS_SWIFT_NONSENDABLE
	19 | @interface SKPayment : NSObject <NSCopying, NSMutableCopying> {
	   |            `- note: 'SKPayment' has been explicitly marked deprecated here
	20 | @private
	21 |     id _internal;

	<module-includes>:1:9: note: in file included from <module-includes>:1:
	1 | #import "Headers/in_app_purchase_storekit-umbrella.h"
	  |         `- note: in file included from <module-includes>:1:
	2 |

	<REPO>/apps/mobile/ios/Pods/Target Support Files/in_app_purchase_storekit/in_app_purchase_storekit-umbrella.h:13:9: note: in file included from <REPO>/apps/mobile/ios/Pods/Target Support Files/in_app_purchase_storekit/in_app_purchase_storekit-umbrella.h:13:
	11 | #endif
	12 |
	13 | #import "FIAObjectTranslator.h"
	   |         `- note: in file included from <REPO>/apps/mobile/ios/Pods/Target Support Files/in_app_purchase_storekit/in_app_purchase_storekit-umbrella.h:13:
	14 | #import "FIAPaymentQueueHandler.h"
	15 | #import "FIAPPaymentQueueDelegate.h"

	<HOME>/.pub-cache/hosted/pub.dev/in_app_purchase_storekit-0.4.4/darwin/in_app_purchase_storekit/Sources/in_app_purchase_storekit_objc/include/in_app_purchase_storekit_objc/FIAObjectTranslator.h:38:4: warning: 'SKMutablePayment' is deprecated: first deprecated in iOS 18.0 - Use Product.purchase(confirmIn:options:).
	36 |
	37 | // Creates an instance of the SKMutablePayment class based on the supplied dictionary.
	38 | + (SKMutablePayment *)getSKMutablePaymentFromMap:(NSDictionary *)map;
	   |    `- warning: 'SKMutablePayment' is deprecated: first deprecated in iOS 18.0 - Use Product.purchase(confirmIn:options:).
	39 |
	40 | // Converts an instance of SKPaymentTransaction into a dictionary.

	/Applications/Xcode.app/Contents/Developer/Platforms/iPhoneSimulator.platform/Developer/SDKs/iPhoneSimulator26.2.sdk/System/Library/Frameworks/StoreKit.framework/Headers/SKPayment.h:52:12: note: 'SKMutablePayment' has been explicitly marked deprecated here
	50 | API_DEPRECATED("Use Product.purchase(confirmIn:options:).", ios(3.0, 18.0), macos(10.7, 15.0), watchos(6.2, 11.0), visionos(1.0, 2.0))
	51 | NS_SWIFT_NONSENDABLE
	52 | @interface SKMutablePayment : SKPayment
	   |            `- note: 'SKMutablePayment' has been explicitly marked deprecated here
	53 |
	54 | @property(nonatomic, copy, readwrite, nullable) NSString *applicationUsername API_DEPRECATED("Create a Product.PurchaseOption.appAccountToken to use in Product.purchase(confirmIn:options:).", ios(7.0, 18.0), macos(10.9, 15.0), watchos(6.2, 11.0), visionos(1.0, 2.0));

	<module-includes>:1:9: note: in file included from <module-includes>:1:
	1 | #import "Headers/in_app_purchase_storekit-umbrella.h"
	  |         `- note: in file included from <module-includes>:1:
	2 |

	<REPO>/apps/mobile/ios/Pods/Target Support Files/in_app_purchase_storekit/in_app_purchase_storekit-umbrella.h:13:9: note: in file included from <REPO>/apps/mobile/ios/Pods/Target Support Files/in_app_purchase_storekit/in_app_purchase_storekit-umbrella.h:13:
	11 | #endif
	12 |
	13 | #import "FIAObjectTranslator.h"
	   |         `- note: in file included from <REPO>/apps/mobile/ios/Pods/Target Support Files/in_app_purchase_storekit/in_app_purchase_storekit-umbrella.h:13:
	14 | #import "FIAPaymentQueueHandler.h"
	15 | #import "FIAPPaymentQueueDelegate.h"

	<HOME>/.pub-cache/hosted/pub.dev/in_app_purchase_storekit-0.4.4/darwin/in_app_purchase_storekit/Sources/in_app_purchase_storekit_objc/include/in_app_purchase_storekit_objc/FIAObjectTranslator.h:41:51: warning: 'SKPaymentTransaction' is deprecated: first deprecated in iOS 18.0 - Use PurchaseResult from Product.purchase(confirmIn:options:).
	39 |
	40 | // Converts an instance of SKPaymentTransaction into a dictionary.
	41 | + (NSDictionary *)getMapFromSKPaymentTransaction:(SKPaymentTransaction *)transaction;
	   |                                                   `- warning: 'SKPaymentTransaction' is deprecated: first deprecated in iOS 18.0 - Use PurchaseResult from Product.purchase(confirmIn:options:).
	42 |
	43 | // Converts an instance of NSError into a dictionary.

	/Applications/Xcode.app/Contents/Developer/Platforms/iPhoneSimulator.platform/Developer/SDKs/iPhoneSimulator26.2.sdk/System/Library/Frameworks/StoreKit.framework/Headers/SKPaymentTransaction.h:27:12: note: 'SKPaymentTransaction' has been explicitly marked deprecated here
	25 | API_DEPRECATED("Use PurchaseResult from Product.purchase(confirmIn:options:).",ios(3.0, 18.0), macos(10.7, 15.0), watchos(6.2, 11.0), visionos(1.0, 2.0))
	26 | NS_SWIFT_SENDABLE
	27 | @interface SKPaymentTransaction : NSObject {
	   |            `- note: 'SKPaymentTransaction' has been explicitly marked deprecated here
	28 | @private
	29 |     id _internal;

	<module-includes>:1:9: note: in file included from <module-includes>:1:
	1 | #import "Headers/in_app_purchase_storekit-umbrella.h"
	  |         `- note: in file included from <module-includes>:1:
	2 |

	<REPO>/apps/mobile/ios/Pods/Target Support Files/in_app_purchase_storekit/in_app_purchase_storekit-umbrella.h:13:9: note: in file included from <REPO>/apps/mobile/ios/Pods/Target Support Files/in_app_purchase_storekit/in_app_purchase_storekit-umbrella.h:13:
	11 | #endif
	12 |
	13 | #import "FIAObjectTranslator.h"
	   |         `- note: in file included from <REPO>/apps/mobile/ios/Pods/Target Support Files/in_app_purchase_storekit/in_app_purchase_storekit-umbrella.h:13:
	14 | #import "FIAPaymentQueueHandler.h"
	15 | #import "FIAPPaymentQueueDelegate.h"

	<HOME>/.pub-cache/hosted/pub.dev/in_app_purchase_storekit-0.4.4/darwin/in_app_purchase_storekit/Sources/in_app_purchase_storekit_objc/include/in_app_purchase_storekit_objc/FIAObjectTranslator.h:47:43: warning: 'SKStorefront' is deprecated: first deprecated in iOS 18.0 - Use Storefront.
	45 |
	46 | // Converts an instance of SKStorefront into a dictionary.
	47 | + (NSDictionary *)getMapFromSKStorefront:(SKStorefront *)storefront
	   |                                           `- warning: 'SKStorefront' is deprecated: first deprecated in iOS 18.0 - Use Storefront.
	48 |     API_AVAILABLE(ios(13), macos(10.15), watchos(6.2));
	49 |

	/Applications/Xcode.app/Contents/Developer/Platforms/iPhoneSimulator.platform/Developer/SDKs/iPhoneSimulator26.2.sdk/System/Library/Frameworks/StoreKit.framework/Headers/SKStorefront.h:16:12: note: 'SKStorefront' has been explicitly marked deprecated here
	14 | API_DEPRECATED("Use Storefront.", ios(13.0, 18.0), macos(10.15, 15.0), watchos(6.2, 11.0), visionos(1.0, 2.0))
	15 | NS_SWIFT_SENDABLE
	16 | @interface SKStorefront : NSObject
	   |            `- note: 'SKStorefront' has been explicitly marked deprecated here
	17 |
	18 | /* The three letter country code for the current storefront */

	<module-includes>:1:9: note: in file included from <module-includes>:1:
	1 | #import "Headers/in_app_purchase_storekit-umbrella.h"
	  |         `- note: in file included from <module-includes>:1:
	2 |

	<REPO>/apps/mobile/ios/Pods/Target Support Files/in_app_purchase_storekit/in_app_purchase_storekit-umbrella.h:13:9: note: in file included from <REPO>/apps/mobile/ios/Pods/Target Support Files/in_app_purchase_storekit/in_app_purchase_storekit-umbrella.h:13:
	11 | #endif
	12 |
	13 | #import "FIAObjectTranslator.h"
	   |         `- note: in file included from <REPO>/apps/mobile/ios/Pods/Target Support Files/in_app_purchase_storekit/in_app_purchase_storekit-umbrella.h:13:
	14 | #import "FIAPaymentQueueHandler.h"
	15 | #import "FIAPPaymentQueueDelegate.h"

	<HOME>/.pub-cache/hosted/pub.dev/in_app_purchase_storekit-0.4.4/darwin/in_app_purchase_storekit/Sources/in_app_purchase_storekit_objc/include/in_app_purchase_storekit_objc/FIAObjectTranslator.h:51:43: warning: 'SKStorefront' is deprecated: first deprecated in iOS 18.0 - Use Storefront.
	49 |
	50 | // Converts the supplied instances of SKStorefront and SKPaymentTransaction into a dictionary.
	51 | + (NSDictionary *)getMapFromSKStorefront:(SKStorefront *)storefront
	   |                                           `- warning: 'SKStorefront' is deprecated: first deprecated in iOS 18.0 - Use Storefront.
	52 |                  andSKPaymentTransaction:(SKPaymentTransaction *)transaction
	53 |     API_AVAILABLE(ios(13), macos(10.15), watchos(6.2));

	/Applications/Xcode.app/Contents/Developer/Platforms/iPhoneSimulator.platform/Developer/SDKs/iPhoneSimulator26.2.sdk/System/Library/Frameworks/StoreKit.framework/Headers/SKStorefront.h:16:12: note: 'SKStorefront' has been explicitly marked deprecated here
	14 | API_DEPRECATED("Use Storefront.", ios(13.0, 18.0), macos(10.15, 15.0), watchos(6.2, 11.0), visionos(1.0, 2.0))
	15 | NS_SWIFT_SENDABLE
	16 | @interface SKStorefront : NSObject
	   |            `- note: 'SKStorefront' has been explicitly marked deprecated here
	17 |
	18 | /* The three letter country code for the current storefront */

	<module-includes>:1:9: note: in file included from <module-includes>:1:
	1 | #import "Headers/in_app_purchase_storekit-umbrella.h"
	  |         `- note: in file included from <module-includes>:1:
	2 |

	<REPO>/apps/mobile/ios/Pods/Target Support Files/in_app_purchase_storekit/in_app_purchase_storekit-umbrella.h:13:9: note: in file included from <REPO>/apps/mobile/ios/Pods/Target Support Files/in_app_purchase_storekit/in_app_purchase_storekit-umbrella.h:13:
	11 | #endif
	12 |
	13 | #import "FIAObjectTranslator.h"
	   |         `- note: in file included from <REPO>/apps/mobile/ios/Pods/Target Support Files/in_app_purchase_storekit/in_app_purchase_storekit-umbrella.h:13:
	14 | #import "FIAPaymentQueueHandler.h"
	15 | #import "FIAPPaymentQueueDelegate.h"

	<HOME>/.pub-cache/hosted/pub.dev/in_app_purchase_storekit-0.4.4/darwin/in_app_purchase_storekit/Sources/in_app_purchase_storekit_objc/include/in_app_purchase_storekit_objc/FIAObjectTranslator.h:52:43: warning: 'SKPaymentTransaction' is deprecated: first deprecated in iOS 18.0 - Use PurchaseResult from Product.purchase(confirmIn:options:).
	50 | // Converts the supplied instances of SKStorefront and SKPaymentTransaction into a dictionary.
	51 | + (NSDictionary *)getMapFromSKStorefront:(SKStorefront *)storefront
	52 |                  andSKPaymentTransaction:(SKPaymentTransaction *)transaction
	   |                                           `- warning: 'SKPaymentTransaction' is deprecated: first deprecated in iOS 18.0 - Use PurchaseResult from Product.purchase(confirmIn:options:).
	53 |     API_AVAILABLE(ios(13), macos(10.15), watchos(6.2));
	54 |

	/Applications/Xcode.app/Contents/Developer/Platforms/iPhoneSimulator.platform/Developer/SDKs/iPhoneSimulator26.2.sdk/System/Library/Frameworks/StoreKit.framework/Headers/SKPaymentTransaction.h:27:12: note: 'SKPaymentTransaction' has been explicitly marked deprecated here
	25 | API_DEPRECATED("Use PurchaseResult from Product.purchase(confirmIn:options:).",ios(3.0, 18.0), macos(10.7, 15.0), watchos(6.2, 11.0), visionos(1.0, 2.0))
	26 | NS_SWIFT_SENDABLE
	27 | @interface SKPaymentTransaction : NSObject {
	   |            `- note: 'SKPaymentTransaction' has been explicitly marked deprecated here
	28 | @private
	29 |     id _internal;

	<module-includes>:1:9: note: in file included from <module-includes>:1:
	1 | #import "Headers/in_app_purchase_storekit-umbrella.h"
	  |         `- note: in file included from <module-includes>:1:
	2 |

	<REPO>/apps/mobile/ios/Pods/Target Support Files/in_app_purchase_storekit/in_app_purchase_storekit-umbrella.h:13:9: note: in file included from <REPO>/apps/mobile/ios/Pods/Target Support Files/in_app_purchase_storekit/in_app_purchase_storekit-umbrella.h:13:
	11 | #endif
	12 |
	13 | #import "FIAObjectTranslator.h"
	   |         `- note: in file included from <REPO>/apps/mobile/ios/Pods/Target Support Files/in_app_purchase_storekit/in_app_purchase_storekit-umbrella.h:13:
	14 | #import "FIAPaymentQueueHandler.h"
	15 | #import "FIAPPaymentQueueDelegate.h"

	<HOME>/.pub-cache/hosted/pub.dev/in_app_purchase_storekit-0.4.4/darwin/in_app_purchase_storekit/Sources/in_app_purchase_storekit_objc/include/in_app_purchase_storekit_objc/FIAObjectTranslator.h:56:13: warning: 'SKPaymentDiscount' is deprecated: first deprecated in iOS 18.0 - Create a Product.PurchaseOption.promotionalOffer to use in Product.purchase(confirmIn:options:).
	54 |
	55 | // Creates an instance of the SKPaymentDiscount class based on the supplied dictionary.
	56 | + (nullable SKPaymentDiscount *)getSKPaymentDiscountFromMap:(NSDictionary *)map
	   |             `- warning: 'SKPaymentDiscount' is deprecated: first deprecated in iOS 18.0 - Create a Product.PurchaseOption.promotionalOffer to use in Product.purchase(confirmIn:options:).
	57 |                                                   withError:(NSString *_Nullable *_Nullable)error
	58 |     API_AVAILABLE(ios(12.2));

	/Applications/Xcode.app/Contents/Developer/Platforms/iPhoneSimulator.platform/Developer/SDKs/iPhoneSimulator26.2.sdk/System/Library/Frameworks/StoreKit.framework/Headers/SKPaymentDiscount.h:16:12: note: 'SKPaymentDiscount' has been explicitly marked deprecated here
	14 | API_DEPRECATED("Create a Product.PurchaseOption.promotionalOffer to use in Product.purchase(confirmIn:options:).", ios(12.2, 18.0), tvos(12.2, 18.0), macos(10.14.4, 15.0), watchos(6.2, 11.0), visionos(1.0, 2.0))
	15 | NS_SWIFT_SENDABLE
	16 | @interface SKPaymentDiscount : NSObject {
	   |            `- note: 'SKPaymentDiscount' has been explicitly marked deprecated here
	17 | @private
	18 |     id _internal;

	<module-includes>:1:9: note: in file included from <module-includes>:1:
	1 | #import "Headers/in_app_purchase_storekit-umbrella.h"
	  |         `- note: in file included from <module-includes>:1:
	2 |

	<REPO>/apps/mobile/ios/Pods/Target Support Files/in_app_purchase_storekit/in_app_purchase_storekit-umbrella.h:13:9: note: in file included from <REPO>/apps/mobile/ios/Pods/Target Support Files/in_app_purchase_storekit/in_app_purchase_storekit-umbrella.h:13:
	11 | #endif
	12 |
	13 | #import "FIAObjectTranslator.h"
	   |         `- note: in file included from <REPO>/apps/mobile/ios/Pods/Target Support Files/in_app_purchase_storekit/in_app_purchase_storekit-umbrella.h:13:
	14 | #import "FIAPaymentQueueHandler.h"
	15 | #import "FIAPPaymentQueueDelegate.h"

	<HOME>/.pub-cache/hosted/pub.dev/in_app_purchase_storekit-0.4.4/darwin/in_app_purchase_storekit/Sources/in_app_purchase_storekit_objc/include/in_app_purchase_storekit_objc/FIAObjectTranslator.h:61:15: warning: 'SKPaymentTransaction' is deprecated: first deprecated in iOS 18.0 - Use PurchaseResult from Product.purchase(confirmIn:options:).
	59 |
	60 | + (nullable FIASKPaymentTransactionMessage *)convertTransactionToPigeon:
	61 |     (nullable SKPaymentTransaction *)transaction;
	   |               `- warning: 'SKPaymentTransaction' is deprecated: first deprecated in iOS 18.0 - Use PurchaseResult from Product.purchase(confirmIn:options:).
	62 |
	63 | + (nullable FIASKStorefrontMessage *)convertStorefrontToPigeon:(nullable SKStorefront *)storefront

	/Applications/Xcode.app/Contents/Developer/Platforms/iPhoneSimulator.platform/Developer/SDKs/iPhoneSimulator26.2.sdk/System/Library/Frameworks/StoreKit.framework/Headers/SKPaymentTransaction.h:27:12: note: 'SKPaymentTransaction' has been explicitly marked deprecated here
	25 | API_DEPRECATED("Use PurchaseResult from Product.purchase(confirmIn:options:).",ios(3.0, 18.0), macos(10.7, 15.0), watchos(6.2, 11.0), visionos(1.0, 2.0))
	26 | NS_SWIFT_SENDABLE
	27 | @interface SKPaymentTransaction : NSObject {
	   |            `- note: 'SKPaymentTransaction' has been explicitly marked deprecated here
	28 | @private
	29 |     id _internal;

	<module-includes>:1:9: note: in file included from <module-includes>:1:
	1 | #import "Headers/in_app_purchase_storekit-umbrella.h"
	  |         `- note: in file included from <module-includes>:1:
	2 |

	<REPO>/apps/mobile/ios/Pods/Target Support Files/in_app_purchase_storekit/in_app_purchase_storekit-umbrella.h:13:9: note: in file included from <REPO>/apps/mobile/ios/Pods/Target Support Files/in_app_purchase_storekit/in_app_purchase_storekit-umbrella.h:13:
	11 | #endif
	12 |
	13 | #import "FIAObjectTranslator.h"
	   |         `- note: in file included from <REPO>/apps/mobile/ios/Pods/Target Support Files/in_app_purchase_storekit/in_app_purchase_storekit-umbrella.h:13:
	14 | #import "FIAPaymentQueueHandler.h"
	15 | #import "FIAPPaymentQueueDelegate.h"

	<HOME>/.pub-cache/hosted/pub.dev/in_app_purchase_storekit-0.4.4/darwin/in_app_purchase_storekit/Sources/in_app_purchase_storekit_objc/include/in_app_purchase_storekit_objc/FIAObjectTranslator.h:63:74: warning: 'SKStorefront' is deprecated: first deprecated in iOS 18.0 - Use Storefront.
	61 |     (nullable SKPaymentTransaction *)transaction;
	62 |
	63 | + (nullable FIASKStorefrontMessage *)convertStorefrontToPigeon:(nullable SKStorefront *)storefront
	   |                                                                          `- warning: 'SKStorefront' is deprecated: first deprecated in iOS 18.0 - Use Storefront.
	64 |     API_AVAILABLE(ios(13.0));
	65 |

	/Applications/Xcode.app/Contents/Developer/Platforms/iPhoneSimulator.platform/Developer/SDKs/iPhoneSimulator26.2.sdk/System/Library/Frameworks/StoreKit.framework/Headers/SKStorefront.h:16:12: note: 'SKStorefront' has been explicitly marked deprecated here
	14 | API_DEPRECATED("Use Storefront.", ios(13.0, 18.0), macos(10.15, 15.0), watchos(6.2, 11.0), visionos(1.0, 2.0))
	15 | NS_SWIFT_SENDABLE
	16 | @interface SKStorefront : NSObject
	   |            `- note: 'SKStorefront' has been explicitly marked deprecated here
	17 |
	18 | /* The three letter country code for the current storefront */

	<module-includes>:1:9: note: in file included from <module-includes>:1:
	1 | #import "Headers/in_app_purchase_storekit-umbrella.h"
	  |         `- note: in file included from <module-includes>:1:
	2 |

	<REPO>/apps/mobile/ios/Pods/Target Support Files/in_app_purchase_storekit/in_app_purchase_storekit-umbrella.h:13:9: note: in file included from <REPO>/apps/mobile/ios/Pods/Target Support Files/in_app_purchase_storekit/in_app_purchase_storekit-umbrella.h:13:
	11 | #endif
	12 |
	13 | #import "FIAObjectTranslator.h"
	   |         `- note: in file included from <REPO>/apps/mobile/ios/Pods/Target Support Files/in_app_purchase_storekit/in_app_purchase_storekit-umbrella.h:13:
	14 | #import "FIAPaymentQueueHandler.h"
	15 | #import "FIAPPaymentQueueDelegate.h"

	<HOME>/.pub-cache/hosted/pub.dev/in_app_purchase_storekit-0.4.4/darwin/in_app_purchase_storekit/Sources/in_app_purchase_storekit_objc/include/in_app_purchase_storekit_objc/FIAObjectTranslator.h:67:15: warning: 'SKPaymentDiscount' is deprecated: first deprecated in iOS 18.0 - Create a Product.PurchaseOption.promotionalOffer to use in Product.purchase(confirmIn:options:).
	65 |
	66 | + (nullable FIASKPaymentDiscountMessage *)convertPaymentDiscountToPigeon:
	67 |     (nullable SKPaymentDiscount *)discount API_AVAILABLE(ios(12.2));
	   |               `- warning: 'SKPaymentDiscount' is deprecated: first deprecated in iOS 18.0 - Create a Product.PurchaseOption.promotionalOffer to use in Product.purchase(confirmIn:options:).
	68 |
	69 | + (nullable FIASKPaymentMessage *)convertPaymentToPigeon:(nullable SKPayment *)payment

	/Applications/Xcode.app/Contents/Developer/Platforms/iPhoneSimulator.platform/Developer/SDKs/iPhoneSimulator26.2.sdk/System/Library/Frameworks/StoreKit.framework/Headers/SKPaymentDiscount.h:16:12: note: 'SKPaymentDiscount' has been explicitly marked deprecated here
	14 | API_DEPRECATED("Create a Product.PurchaseOption.promotionalOffer to use in Product.purchase(confirmIn:options:).", ios(12.2, 18.0), tvos(12.2, 18.0), macos(10.14.4, 15.0), watchos(6.2, 11.0), visionos(1.0, 2.0))
	15 | NS_SWIFT_SENDABLE
	16 | @interface SKPaymentDiscount : NSObject {
	   |            `- note: 'SKPaymentDiscount' has been explicitly marked deprecated here
	17 | @private
	18 |     id _internal;

	<module-includes>:1:9: note: in file included from <module-includes>:1:
	1 | #import "Headers/in_app_purchase_storekit-umbrella.h"
	  |         `- note: in file included from <module-includes>:1:
	2 |

	<REPO>/apps/mobile/ios/Pods/Target Support Files/in_app_purchase_storekit/in_app_purchase_storekit-umbrella.h:13:9: note: in file included from <REPO>/apps/mobile/ios/Pods/Target Support Files/in_app_purchase_storekit/in_app_purchase_storekit-umbrella.h:13:
	11 | #endif
	12 |
	13 | #import "FIAObjectTranslator.h"
	   |         `- note: in file included from <REPO>/apps/mobile/ios/Pods/Target Support Files/in_app_purchase_storekit/in_app_purchase_storekit-umbrella.h:13:
	14 | #import "FIAPaymentQueueHandler.h"
	15 | #import "FIAPPaymentQueueDelegate.h"

	<HOME>/.pub-cache/hosted/pub.dev/in_app_purchase_storekit-0.4.4/darwin/in_app_purchase_storekit/Sources/in_app_purchase_storekit_objc/include/in_app_purchase_storekit_objc/FIAObjectTranslator.h:69:68: warning: 'SKPayment' is deprecated: first deprecated in iOS 18.0 - Use Product.purchase(confirmIn:options:).
	67 |     (nullable SKPaymentDiscount *)discount API_AVAILABLE(ios(12.2));
	68 |
	69 | + (nullable FIASKPaymentMessage *)convertPaymentToPigeon:(nullable SKPayment *)payment
	   |                                                                    `- warning: 'SKPayment' is deprecated: first deprecated in iOS 18.0 - Use Product.purchase(confirmIn:options:).
	70 |     API_AVAILABLE(ios(12.2));
	71 |

	/Applications/Xcode.app/Contents/Developer/Platforms/iPhoneSimulator.platform/Developer/SDKs/iPhoneSimulator26.2.sdk/System/Library/Frameworks/StoreKit.framework/Headers/SKPayment.h:19:12: note: 'SKPayment' has been explicitly marked deprecated here
	17 | API_DEPRECATED("Use Product.purchase(confirmIn:options:).", ios(3.0, 18.0), macos(10.7, 15.0), watchos(6.2, 11.0), visionos(1.0, 2.0))
	18 | NS_SWIFT_NONSENDABLE
	19 | @interface SKPayment : NSObject <NSCopying, NSMutableCopying> {
	   |            `- note: 'SKPayment' has been explicitly marked deprecated here
	20 | @private
	21 |     id _internal;

	<module-includes>:1:9: note: in file included from <module-includes>:1:
	1 | #import "Headers/in_app_purchase_storekit-umbrella.h"
	  |         `- note: in file included from <module-includes>:1:
	2 |

	<REPO>/apps/mobile/ios/Pods/Target Support Files/in_app_purchase_storekit/in_app_purchase_storekit-umbrella.h:13:9: note: in file included from <REPO>/apps/mobile/ios/Pods/Target Support Files/in_app_purchase_storekit/in_app_purchase_storekit-umbrella.h:13:
	11 | #endif
	12 |
	13 | #import "FIAObjectTranslator.h"
	   |         `- note: in file included from <REPO>/apps/mobile/ios/Pods/Target Support Files/in_app_purchase_storekit/in_app_purchase_storekit-umbrella.h:13:
	14 | #import "FIAPaymentQueueHandler.h"
	15 | #import "FIAPPaymentQueueDelegate.h"

	<HOME>/.pub-cache/hosted/pub.dev/in_app_purchase_storekit-0.4.4/darwin/in_app_purchase_storekit/Sources/in_app_purchase_storekit_objc/include/in_app_purchase_storekit_objc/FIAObjectTranslator.h:75:15: warning: 'SKProductsResponse' is deprecated: first deprecated in iOS 18.0 - Get products using Product.products(for:).
	73 |
	74 | + (nullable FIASKProductsResponseMessage *)convertProductsResponseToPigeon:
	75 |     (nullable SKProductsResponse *)payment;
	   |               `- warning: 'SKProductsResponse' is deprecated: first deprecated in iOS 18.0 - Get products using Product.products(for:).
	76 |
	77 | + (nullable FIASKProductMessage *)convertProductToPigeon:(nullable SKProduct *)product

	/Applications/Xcode.app/Contents/Developer/Platforms/iPhoneSimulator.platform/Developer/SDKs/iPhoneSimulator26.2.sdk/System/Library/Frameworks/StoreKit.framework/Headers/SKProductsRequest.h:44:12: note: 'SKProductsResponse' has been explicitly marked deprecated here
	42 | API_DEPRECATED("Get products using Product.products(for:).", ios(3.0, 18.0), macos(10.7, 15.0), watchos(6.2, 11.0), visionos(1.0, 2.0))
	43 | NS_SWIFT_SENDABLE
	44 | @interface SKProductsResponse : NSObject {
	   |            `- note: 'SKProductsResponse' has been explicitly marked deprecated here
	45 | @private
	46 |     id _internal;

	<module-includes>:1:9: note: in file included from <module-includes>:1:
	1 | #import "Headers/in_app_purchase_storekit-umbrella.h"
	  |         `- note: in file included from <module-includes>:1:
	2 |

	<REPO>/apps/mobile/ios/Pods/Target Support Files/in_app_purchase_storekit/in_app_purchase_storekit-umbrella.h:13:9: note: in file included from <REPO>/apps/mobile/ios/Pods/Target Support Files/in_app_purchase_storekit/in_app_purchase_storekit-umbrella.h:13:
	11 | #endif
	12 |
	13 | #import "FIAObjectTranslator.h"
	   |         `- note: in file included from <REPO>/apps/mobile/ios/Pods/Target Support Files/in_app_purchase_storekit/in_app_purchase_storekit-umbrella.h:13:
	14 | #import "FIAPaymentQueueHandler.h"
	15 | #import "FIAPPaymentQueueDelegate.h"

	<HOME>/.pub-cache/hosted/pub.dev/in_app_purchase_storekit-0.4.4/darwin/in_app_purchase_storekit/Sources/in_app_purchase_storekit_objc/include/in_app_purchase_storekit_objc/FIAObjectTranslator.h:77:68: warning: 'SKProduct' is deprecated: first deprecated in iOS 18.0 - Use Product.
	75 |     (nullable SKProductsResponse *)payment;
	76 |
	77 | + (nullable FIASKProductMessage *)convertProductToPigeon:(nullable SKProduct *)product
	   |                                                                    `- warning: 'SKProduct' is deprecated: first deprecated in iOS 18.0 - Use Product.
	78 |     API_AVAILABLE(ios(12.2));
	79 |

	/Applications/Xcode.app/Contents/Developer/Platforms/iPhoneSimulator.platform/Developer/SDKs/iPhoneSimulator26.2.sdk/System/Library/Frameworks/StoreKit.framework/Headers/SKProduct.h:41:12: note: 'SKProduct' has been explicitly marked deprecated here
	39 | API_DEPRECATED("Use Product.", ios(3.0, 18.0), macos(10.7, 15.0), watchos(6.2, 11.0), visionos(1.0, 2.0))
	40 | NS_SWIFT_SENDABLE
	41 | @interface SKProduct : NSObject {
	   |            `- note: 'SKProduct' has been explicitly marked deprecated here
	42 | @private
	43 |     id _internal;

	<module-includes>:1:9: note: in file included from <module-includes>:1:
	1 | #import "Headers/in_app_purchase_storekit-umbrella.h"
	  |         `- note: in file included from <module-includes>:1:
	2 |

	<REPO>/apps/mobile/ios/Pods/Target Support Files/in_app_purchase_storekit/in_app_purchase_storekit-umbrella.h:13:9: note: in file included from <REPO>/apps/mobile/ios/Pods/Target Support Files/in_app_purchase_storekit/in_app_purchase_storekit-umbrella.h:13:
	11 | #endif
	12 |
	13 | #import "FIAObjectTranslator.h"
	   |         `- note: in file included from <REPO>/apps/mobile/ios/Pods/Target Support Files/in_app_purchase_storekit/in_app_purchase_storekit-umbrella.h:13:
	14 | #import "FIAPaymentQueueHandler.h"
	15 | #import "FIAPPaymentQueueDelegate.h"

	<HOME>/.pub-cache/hosted/pub.dev/in_app_purchase_storekit-0.4.4/darwin/in_app_purchase_storekit/Sources/in_app_purchase_storekit_objc/include/in_app_purchase_storekit_objc/FIAObjectTranslator.h:81:15: warning: 'SKProductDiscount' is deprecated: first deprecated in iOS 18.0 - Use Product.SubscriptionOffer.
	79 |
	80 | + (nullable FIASKProductDiscountMessage *)convertProductDiscountToPigeon:
	81 |     (nullable SKProductDiscount *)productDiscount API_AVAILABLE(ios(12.2));
	   |               `- warning: 'SKProductDiscount' is deprecated: first deprecated in iOS 18.0 - Use Product.SubscriptionOffer.
	82 |
	83 | + (nullable FIASKPriceLocaleMessage *)convertNSLocaleToPigeon:(nullable NSLocale *)locale

	/Applications/Xcode.app/Contents/Developer/Platforms/iPhoneSimulator.platform/Developer/SDKs/iPhoneSimulator26.2.sdk/System/Library/Frameworks/StoreKit.framework/Headers/SKProductDiscount.h:33:12: note: 'SKProductDiscount' has been explicitly marked deprecated here
	31 | API_DEPRECATED("Use Product.SubscriptionOffer.", ios(11.2, 18.0), macos(10.13.2, 15.0), watchos(6.2, 11.0), visionos(1.0, 2.0))
	32 | NS_SWIFT_SENDABLE
	33 | @interface SKProductDiscount : NSObject {
	   |            `- note: 'SKProductDiscount' has been explicitly marked deprecated here
	34 | @private
	35 |     id _internal;

	<module-includes>:1:9: note: in file included from <module-includes>:1:
	1 | #import "Headers/in_app_purchase_storekit-umbrella.h"
	  |         `- note: in file included from <module-includes>:1:
	2 |

	<REPO>/apps/mobile/ios/Pods/Target Support Files/in_app_purchase_storekit/in_app_purchase_storekit-umbrella.h:13:9: note: in file included from <REPO>/apps/mobile/ios/Pods/Target Support Files/in_app_purchase_storekit/in_app_purchase_storekit-umbrella.h:13:
	11 | #endif
	12 |
	13 | #import "FIAObjectTranslator.h"
	   |         `- note: in file included from <REPO>/apps/mobile/ios/Pods/Target Support Files/in_app_purchase_storekit/in_app_purchase_storekit-umbrella.h:13:
	14 | #import "FIAPaymentQueueHandler.h"
	15 | #import "FIAPPaymentQueueDelegate.h"

	<HOME>/.pub-cache/hosted/pub.dev/in_app_purchase_storekit-0.4.4/darwin/in_app_purchase_storekit/Sources/in_app_purchase_storekit_objc/include/in_app_purchase_storekit_objc/FIAObjectTranslator.h:87:15: warning: 'SKProductSubscriptionPeriod' is deprecated: first deprecated in iOS 18.0 - Use Product.SubscriptionPeriod.
	85 |
	86 | + (nullable FIASKProductSubscriptionPeriodMessage *)convertSKProductSubscriptionPeriodToPigeon:
	87 |     (nullable SKProductSubscriptionPeriod *)period API_AVAILABLE(ios(12.2));
	   |               `- warning: 'SKProductSubscriptionPeriod' is deprecated: first deprecated in iOS 18.0 - Use Product.SubscriptionPeriod.
	88 | @end
	89 |

	/Applications/Xcode.app/Contents/Developer/Platforms/iPhoneSimulator.platform/Developer/SDKs/iPhoneSimulator26.2.sdk/System/Library/Frameworks/StoreKit.framework/Headers/SKProduct.h:27:12: note: 'SKProductSubscriptionPeriod' has been explicitly marked deprecated here
	25 | API_DEPRECATED("Use Product.SubscriptionPeriod.", ios(11.2, 18.0), macos(10.13.2, 15.0), watchos(6.2, 11.0), visionos(1.0, 2.0))
	26 | NS_SWIFT_SENDABLE
	27 | @interface SKProductSubscriptionPeriod : NSObject {
	   |            `- note: 'SKProductSubscriptionPeriod' has been explicitly marked deprecated here
	28 | @private
	29 |     id _internal;

	<module-includes>:1:9: note: in file included from <module-includes>:1:
	1 | #import "Headers/in_app_purchase_storekit-umbrella.h"
	  |         `- note: in file included from <module-includes>:1:
	2 |

	<REPO>/apps/mobile/ios/Pods/Target Support Files/in_app_purchase_storekit/in_app_purchase_storekit-umbrella.h:14:9: note: in file included from <REPO>/apps/mobile/ios/Pods/Target Support Files/in_app_purchase_storekit/in_app_purchase_storekit-umbrella.h:14:
	12 |
	13 | #import "FIAObjectTranslator.h"
	14 | #import "FIAPaymentQueueHandler.h"
	   |         `- note: in file included from <REPO>/apps/mobile/ios/Pods/Target Support Files/in_app_purchase_storekit/in_app_purchase_storekit-umbrella.h:14:
	15 | #import "FIAPPaymentQueueDelegate.h"
	16 | #import "FIAPReceiptManager.h"

	<HOME>/.pub-cache/hosted/pub.dev/in_app_purchase_storekit-0.4.4/darwin/in_app_purchase_storekit/Sources/in_app_purchase_storekit_objc/include/in_app_purchase_storekit_objc/FIAPaymentQueueHandler.h:8:9: note: in file included from <HOME>/.pub-cache/hosted/pub.dev/in_app_purchase_storekit-0.4.4/darwin/in_app_purchase_storekit/Sources/in_app_purchase_storekit_objc/include/in_app_purchase_storekit_objc/FIAPaymentQueueHandler.h:8:
	 6 | #import <StoreKit/StoreKit.h>
	 7 | #import "FIATransactionCache.h"
	 8 | #import "FLTPaymentQueueHandlerProtocol.h"
	   |         `- note: in file included from <HOME>/.pub-cache/hosted/pub.dev/in_app_purchase_storekit-0.4.4/darwin/in_app_purchase_storekit/Sources/in_app_purchase_storekit_objc/include/in_app_purchase_storekit_objc/FIAPaymentQueueHandler.h:8:
	 9 | #import "FLTPaymentQueueProtocol.h"
	10 | #import "FLTTransactionCacheProtocol.h"

	<HOME>/.pub-cache/hosted/pub.dev/in_app_purchase_storekit-0.4.4/darwin/in_app_purchase_storekit/Sources/in_app_purchase_storekit_objc/include/in_app_purchase_storekit_objc/FLTPaymentQueueHandlerProtocol.h:7:9: note: in file included from <HOME>/.pub-cache/hosted/pub.dev/in_app_purchase_storekit-0.4.4/darwin/in_app_purchase_storekit/Sources/in_app_purchase_storekit_objc/include/in_app_purchase_storekit_objc/FLTPaymentQueueHandlerProtocol.h:7:
	  5 | #import <StoreKit/StoreKit.h>
	  6 | #import "FIATransactionCache.h"
	  7 | #import "FLTPaymentQueueProtocol.h"
	    |         `- note: in file included from <HOME>/.pub-cache/hosted/pub.dev/in_app_purchase_storekit-0.4.4/darwin/in_app_purchase_storekit/Sources/in_app_purchase_storekit_objc/include/in_app_purchase_storekit_objc/FLTPaymentQueueHandlerProtocol.h:7:
	  8 | #import "FLTTransactionCacheProtocol.h"
	  9 |

	<HOME>/.pub-cache/hosted/pub.dev/in_app_purchase_storekit-0.4.4/darwin/in_app_purchase_storekit/Sources/in_app_purchase_storekit_objc/include/in_app_purchase_storekit_objc/FLTPaymentQueueProtocol.h:13:30: warning: 'SKStorefront' is deprecated: first deprecated in iOS 18.0 - Use Storefront.
	11 |
	12 | /// An object containing the location and unique identifier of an Apple App Store storefront.
	13 | @property(nonatomic, strong) SKStorefront *storefront API_AVAILABLE(ios(13.0));
	   |                              `- warning: 'SKStorefront' is deprecated: first deprecated in iOS 18.0 - Use Storefront.
	14 |
	15 | /// A list of SKPaymentTransactions, which each represents a single transaction

	/Applications/Xcode.app/Contents/Developer/Platforms/iPhoneSimulator.platform/Developer/SDKs/iPhoneSimulator26.2.sdk/System/Library/Frameworks/StoreKit.framework/Headers/SKStorefront.h:16:12: note: 'SKStorefront' has been explicitly marked deprecated here
	14 | API_DEPRECATED("Use Storefront.", ios(13.0, 18.0), macos(10.15, 15.0), watchos(6.2, 11.0), visionos(1.0, 2.0))
	15 | NS_SWIFT_SENDABLE
	16 | @interface SKStorefront : NSObject
	   |            `- note: 'SKStorefront' has been explicitly marked deprecated here
	17 |
	18 | /* The three letter country code for the current storefront */

	<module-includes>:1:9: note: in file included from <module-includes>:1:
	1 | #import "Headers/in_app_purchase_storekit-umbrella.h"
	  |         `- note: in file included from <module-includes>:1:
	2 |

	<REPO>/apps/mobile/ios/Pods/Target Support Files/in_app_purchase_storekit/in_app_purchase_storekit-umbrella.h:14:9: note: in file included from <REPO>/apps/mobile/ios/Pods/Target Support Files/in_app_purchase_storekit/in_app_purchase_storekit-umbrella.h:14:
	12 |
	13 | #import "FIAObjectTranslator.h"
	14 | #import "FIAPaymentQueueHandler.h"
	   |         `- note: in file included from <REPO>/apps/mobile/ios/Pods/Target Support Files/in_app_purchase_storekit/in_app_purchase_storekit-umbrella.h:14:
	15 | #import "FIAPPaymentQueueDelegate.h"
	16 | #import "FIAPReceiptManager.h"

	<HOME>/.pub-cache/hosted/pub.dev/in_app_purchase_storekit-0.4.4/darwin/in_app_purchase_storekit/Sources/in_app_purchase_storekit_objc/include/in_app_purchase_storekit_objc/FIAPaymentQueueHandler.h:8:9: note: in file included from <HOME>/.pub-cache/hosted/pub.dev/in_app_purchase_storekit-0.4.4/darwin/in_app_purchase_storekit/Sources/in_app_purchase_storekit_objc/include/in_app_purchase_storekit_objc/FIAPaymentQueueHandler.h:8:
	 6 | #import <StoreKit/StoreKit.h>
	 7 | #import "FIATransactionCache.h"
	 8 | #import "FLTPaymentQueueHandlerProtocol.h"
	   |         `- note: in file included from <HOME>/.pub-cache/hosted/pub.dev/in_app_purchase_storekit-0.4.4/darwin/in_app_purchase_storekit/Sources/in_app_purchase_storekit_objc/include/in_app_purchase_storekit_objc/FIAPaymentQueueHandler.h:8:
	 9 | #import "FLTPaymentQueueProtocol.h"
	10 | #import "FLTTransactionCacheProtocol.h"

	<HOME>/.pub-cache/hosted/pub.dev/in_app_purchase_storekit-0.4.4/darwin/in_app_purchase_storekit/Sources/in_app_purchase_storekit_objc/include/in_app_purchase_storekit_objc/FLTPaymentQueueHandlerProtocol.h:7:9: note: in file included from <HOME>/.pub-cache/hosted/pub.dev/in_app_purchase_storekit-0.4.4/darwin/in_app_purchase_storekit/Sources/in_app_purchase_storekit_objc/include/in_app_purchase_storekit_objc/FLTPaymentQueueHandlerProtocol.h:7:
	  5 | #import <StoreKit/StoreKit.h>
	  6 | #import "FIATransactionCache.h"
	  7 | #import "FLTPaymentQueueProtocol.h"
	    |         `- note: in file included from <HOME>/.pub-cache/hosted/pub.dev/in_app_purchase_storekit-0.4.4/darwin/in_app_purchase_storekit/Sources/in_app_purchase_storekit_objc/include/in_app_purchase_storekit_objc/FLTPaymentQueueHandlerProtocol.h:7:
	  8 | #import "FLTTransactionCacheProtocol.h"
	  9 |

	<HOME>/.pub-cache/hosted/pub.dev/in_app_purchase_storekit-0.4.4/darwin/in_app_purchase_storekit/Sources/in_app_purchase_storekit_objc/include/in_app_purchase_storekit_objc/FLTPaymentQueueProtocol.h:16:38: warning: 'SKPaymentTransaction' is deprecated: first deprecated in iOS 18.0 - Use PurchaseResult from Product.purchase(confirmIn:options:).
	14 |
	15 | /// A list of SKPaymentTransactions, which each represents a single transaction
	16 | @property(nonatomic, strong) NSArray<SKPaymentTransaction *> *transactions API_AVAILABLE(
	   |                                      `- warning: 'SKPaymentTransaction' is deprecated: first deprecated in iOS 18.0 - Use PurchaseResult from Product.purchase(confirmIn:options:).
	17 |     ios(3.0), macos(10.7), watchos(6.2));
	18 |

	/Applications/Xcode.app/Contents/Developer/Platforms/iPhoneSimulator.platform/Developer/SDKs/iPhoneSimulator26.2.sdk/System/Library/Frameworks/StoreKit.framework/Headers/SKPaymentTransaction.h:27:12: note: 'SKPaymentTransaction' has been explicitly marked deprecated here
	25 | API_DEPRECATED("Use PurchaseResult from Product.purchase(confirmIn:options:).",ios(3.0, 18.0), macos(10.7, 15.0), watchos(6.2, 11.0), visionos(1.0, 2.0))
	26 | NS_SWIFT_SENDABLE
	27 | @interface SKPaymentTransaction : NSObject {
	   |            `- note: 'SKPaymentTransaction' has been explicitly marked deprecated here
	28 | @private
	29 |     id _internal;

	<module-includes>:1:9: note: in file included from <module-includes>:1:
	1 | #import "Headers/in_app_purchase_storekit-umbrella.h"
	  |         `- note: in file included from <module-includes>:1:
	2 |

	<REPO>/apps/mobile/ios/Pods/Target Support Files/in_app_purchase_storekit/in_app_purchase_storekit-umbrella.h:14:9: note: in file included from <REPO>/apps/mobile/ios/Pods/Target Support Files/in_app_purchase_storekit/in_app_purchase_storekit-umbrella.h:14:
	12 |
	13 | #import "FIAObjectTranslator.h"
	14 | #import "FIAPaymentQueueHandler.h"
	   |         `- note: in file included from <REPO>/apps/mobile/ios/Pods/Target Support Files/in_app_purchase_storekit/in_app_purchase_storekit-umbrella.h:14:
	15 | #import "FIAPPaymentQueueDelegate.h"
	16 | #import "FIAPReceiptManager.h"

	<HOME>/.pub-cache/hosted/pub.dev/in_app_purchase_storekit-0.4.4/darwin/in_app_purchase_storekit/Sources/in_app_purchase_storekit_objc/include/in_app_purchase_storekit_objc/FIAPaymentQueueHandler.h:8:9: note: in file included from <HOME>/.pub-cache/hosted/pub.dev/in_app_purchase_storekit-0.4.4/darwin/in_app_purchase_storekit/Sources/in_app_purchase_storekit_objc/include/in_app_purchase_storekit_objc/FIAPaymentQueueHandler.h:8:
	 6 | #import <StoreKit/StoreKit.h>
	 7 | #import "FIATransactionCache.h"
	 8 | #import "FLTPaymentQueueHandlerProtocol.h"
	   |         `- note: in file included from <HOME>/.pub-cache/hosted/pub.dev/in_app_purchase_storekit-0.4.4/darwin/in_app_purchase_storekit/Sources/in_app_purchase_storekit_objc/include/in_app_purchase_storekit_objc/FIAPaymentQueueHandler.h:8:
	 9 | #import "FLTPaymentQueueProtocol.h"
	10 | #import "FLTTransactionCacheProtocol.h"

	<HOME>/.pub-cache/hosted/pub.dev/in_app_purchase_storekit-0.4.4/darwin/in_app_purchase_storekit/Sources/in_app_purchase_storekit_objc/include/in_app_purchase_storekit_objc/FLTPaymentQueueHandlerProtocol.h:7:9: note: in file included from <HOME>/.pub-cache/hosted/pub.dev/in_app_purchase_storekit-0.4.4/darwin/in_app_purchase_storekit/Sources/in_app_purchase_storekit_objc/include/in_app_purchase_storekit_objc/FLTPaymentQueueHandlerProtocol.h:7:
	  5 | #import <StoreKit/StoreKit.h>
	  6 | #import "FIATransactionCache.h"
	  7 | #import "FLTPaymentQueueProtocol.h"
	    |         `- note: in file included from <HOME>/.pub-cache/hosted/pub.dev/in_app_purchase_storekit-0.4.4/darwin/in_app_purchase_storekit/Sources/in_app_purchase_storekit_objc/include/in_app_purchase_storekit_objc/FLTPaymentQueueHandlerProtocol.h:7:
	  8 | #import "FLTTransactionCacheProtocol.h"
	  9 |

	<HOME>/.pub-cache/hosted/pub.dev/in_app_purchase_storekit-0.4.4/darwin/in_app_purchase_storekit/Sources/in_app_purchase_storekit_objc/include/in_app_purchase_storekit_objc/FLTPaymentQueueProtocol.h:20:41: warning: 'SKPaymentQueueDelegate' is deprecated: first deprecated in iOS 18.0 - No longer supported.
	18 |
	19 | /// An object that provides information needed to complete transactions.
	20 | @property(nonatomic, weak, nullable) id<SKPaymentQueueDelegate> delegate API_AVAILABLE(
	   |                                         `- warning: 'SKPaymentQueueDelegate' is deprecated: first deprecated in iOS 18.0 - No longer supported.
	21 |     ios(13.0), macos(10.15), watchos(6.2));
	22 |

	/Applications/Xcode.app/Contents/Developer/Platforms/iPhoneSimulator.platform/Developer/SDKs/iPhoneSimulator26.2.sdk/System/Library/Frameworks/StoreKit.framework/Headers/SKPaymentQueue.h:78:11: note: 'SKPaymentQueueDelegate' has been explicitly marked deprecated here
	 76 |
	 77 | API_DEPRECATED("No longer supported.", ios(13.0, 18.0), tvos(13.0, 18.0), macos(10.15, 15.0), watchos(6.2, 11.0), visionos(1.0, 2.0))
	 78 | @protocol SKPaymentQueueDelegate <NSObject>
	    |           `- note: 'SKPaymentQueueDelegate' has been explicitly marked deprecated here
	 79 | @optional
	 80 | // Sent when the storefront changes while a payment is processing.

	<module-includes>:1:9: note: in file included from <module-includes>:1:
	1 | #import "Headers/in_app_purchase_storekit-umbrella.h"
	  |         `- note: in file included from <module-includes>:1:
	2 |

	<REPO>/apps/mobile/ios/Pods/Target Support Files/in_app_purchase_storekit/in_app_purchase_storekit-umbrella.h:14:9: note: in file included from <REPO>/apps/mobile/ios/Pods/Target Support Files/in_app_purchase_storekit/in_app_purchase_storekit-umbrella.h:14:
	12 |
	13 | #import "FIAObjectTranslator.h"
	14 | #import "FIAPaymentQueueHandler.h"
	   |         `- note: in file included from <REPO>/apps/mobile/ios/Pods/Target Support Files/in_app_purchase_storekit/in_app_purchase_storekit-umbrella.h:14:
	15 | #import "FIAPPaymentQueueDelegate.h"
	16 | #import "FIAPReceiptManager.h"

	<HOME>/.pub-cache/hosted/pub.dev/in_app_purchase_storekit-0.4.4/darwin/in_app_purchase_storekit/Sources/in_app_purchase_storekit_objc/include/in_app_purchase_storekit_objc/FIAPaymentQueueHandler.h:8:9: note: in file included from <HOME>/.pub-cache/hosted/pub.dev/in_app_purchase_storekit-0.4.4/darwin/in_app_purchase_storekit/Sources/in_app_purchase_storekit_objc/include/in_app_purchase_storekit_objc/FIAPaymentQueueHandler.h:8:
	 6 | #import <StoreKit/StoreKit.h>
	 7 | #import "FIATransactionCache.h"
	 8 | #import "FLTPaymentQueueHandlerProtocol.h"
	   |         `- note: in file included from <HOME>/.pub-cache/hosted/pub.dev/in_app_purchase_storekit-0.4.4/darwin/in_app_purchase_storekit/Sources/in_app_purchase_storekit_objc/include/in_app_purchase_storekit_objc/FIAPaymentQueueHandler.h:8:
	 9 | #import "FLTPaymentQueueProtocol.h"
	10 | #import "FLTTransactionCacheProtocol.h"

	<HOME>/.pub-cache/hosted/pub.dev/in_app_purchase_storekit-0.4.4/darwin/in_app_purchase_storekit/Sources/in_app_purchase_storekit_objc/include/in_app_purchase_storekit_objc/FLTPaymentQueueHandlerProtocol.h:7:9: note: in file included from <HOME>/.pub-cache/hosted/pub.dev/in_app_purchase_storekit-0.4.4/darwin/in_app_purchase_storekit/Sources/in_app_purchase_storekit_objc/include/in_app_purchase_storekit_objc/FLTPaymentQueueHandlerProtocol.h:7:
	  5 | #import <StoreKit/StoreKit.h>
	  6 | #import "FIATransactionCache.h"
	  7 | #import "FLTPaymentQueueProtocol.h"
	    |         `- note: in file included from <HOME>/.pub-cache/hosted/pub.dev/in_app_purchase_storekit-0.4.4/darwin/in_app_purchase_storekit/Sources/in_app_purchase_storekit_objc/include/in_app_purchase_storekit_objc/FLTPaymentQueueHandlerProtocol.h:7:
	  8 | #import "FLTTransactionCacheProtocol.h"
	  9 |

	<HOME>/.pub-cache/hosted/pub.dev/in_app_purchase_storekit-0.4.4/darwin/in_app_purchase_storekit/Sources/in_app_purchase_storekit_objc/include/in_app_purchase_storekit_objc/FLTPaymentQueueProtocol.h:25:36: warning: 'SKPaymentTransaction' is deprecated: first deprecated in iOS 18.0 - Use PurchaseResult from Product.purchase(confirmIn:options:).
	23 | /// Remove a finished (i.e. failed or completed) transaction from the queue.  Attempting to finish a
	24 | /// purchasing transaction will throw an exception.
	25 | - (void)finishTransaction:(nonnull SKPaymentTransaction *)transaction;
	   |                                    `- warning: 'SKPaymentTransaction' is deprecated: first deprecated in iOS 18.0 - Use PurchaseResult from Product.purchase(confirmIn:options:).
	26 |
	27 | /// Observers are not retained.  The transactions array will only be synchronized with the server

	/Applications/Xcode.app/Contents/Developer/Platforms/iPhoneSimulator.platform/Developer/SDKs/iPhoneSimulator26.2.sdk/System/Library/Frameworks/StoreKit.framework/Headers/SKPaymentTransaction.h:27:12: note: 'SKPaymentTransaction' has been explicitly marked deprecated here
	25 | API_DEPRECATED("Use PurchaseResult from Product.purchase(confirmIn:options:).",ios(3.0, 18.0), macos(10.7, 15.0), watchos(6.2, 11.0), visionos(1.0, 2.0))
	26 | NS_SWIFT_SENDABLE
	27 | @interface SKPaymentTransaction : NSObject {
	   |            `- note: 'SKPaymentTransaction' has been explicitly marked deprecated here
	28 | @private
	29 |     id _internal;

	<module-includes>:1:9: note: in file included from <module-includes>:1:
	1 | #import "Headers/in_app_purchase_storekit-umbrella.h"
	  |         `- note: in file included from <module-includes>:1:
	2 |

	<REPO>/apps/mobile/ios/Pods/Target Support Files/in_app_purchase_storekit/in_app_purchase_storekit-umbrella.h:14:9: note: in file included from <REPO>/apps/mobile/ios/Pods/Target Support Files/in_app_purchase_storekit/in_app_purchase_storekit-umbrella.h:14:
	12 |
	13 | #import "FIAObjectTranslator.h"
	14 | #import "FIAPaymentQueueHandler.h"
	   |         `- note: in file included from <REPO>/apps/mobile/ios/Pods/Target Support Files/in_app_purchase_storekit/in_app_purchase_storekit-umbrella.h:14:
	15 | #import "FIAPPaymentQueueDelegate.h"
	16 | #import "FIAPReceiptManager.h"

	<HOME>/.pub-cache/hosted/pub.dev/in_app_purchase_storekit-0.4.4/darwin/in_app_purchase_storekit/Sources/in_app_purchase_storekit_objc/include/in_app_purchase_storekit_objc/FIAPaymentQueueHandler.h:8:9: note: in file included from <HOME>/.pub-cache/hosted/pub.dev/in_app_purchase_storekit-0.4.4/darwin/in_app_purchase_storekit/Sources/in_app_purchase_storekit_objc/include/in_app_purchase_storekit_objc/FIAPaymentQueueHandler.h:8:
	 6 | #import <StoreKit/StoreKit.h>
	 7 | #import "FIATransactionCache.h"
	 8 | #import "FLTPaymentQueueHandlerProtocol.h"
	   |         `- note: in file included from <HOME>/.pub-cache/hosted/pub.dev/in_app_purchase_storekit-0.4.4/darwin/in_app_purchase_storekit/Sources/in_app_purchase_storekit_objc/include/in_app_purchase_storekit_objc/FIAPaymentQueueHandler.h:8:
	 9 | #import "FLTPaymentQueueProtocol.h"
	10 | #import "FLTTransactionCacheProtocol.h"

	<HOME>/.pub-cache/hosted/pub.dev/in_app_purchase_storekit-0.4.4/darwin/in_app_purchase_storekit/Sources/in_app_purchase_storekit_objc/include/in_app_purchase_storekit_objc/FLTPaymentQueueHandlerProtocol.h:7:9: note: in file included from <HOME>/.pub-cache/hosted/pub.dev/in_app_purchase_storekit-0.4.4/darwin/in_app_purchase_storekit/Sources/in_app_purchase_storekit_objc/include/in_app_purchase_storekit_objc/FLTPaymentQueueHandlerProtocol.h:7:
	  5 | #import <StoreKit/StoreKit.h>
	  6 | #import "FIATransactionCache.h"
	  7 | #import "FLTPaymentQueueProtocol.h"
	    |         `- note: in file included from <HOME>/.pub-cache/hosted/pub.dev/in_app_purchase_storekit-0.4.4/darwin/in_app_purchase_storekit/Sources/in_app_purchase_storekit_objc/include/in_app_purchase_storekit_objc/FLTPaymentQueueHandlerProtocol.h:7:
	  8 | #import "FLTTransactionCacheProtocol.h"
	  9 |

	<HOME>/.pub-cache/hosted/pub.dev/in_app_purchase_storekit-0.4.4/darwin/in_app_purchase_storekit/Sources/in_app_purchase_storekit_objc/include/in_app_purchase_storekit_objc/FLTPaymentQueueProtocol.h:29:36: warning: 'SKPaymentTransactionObserver' is deprecated: first deprecated in iOS 18.0 - Use StoreKit 2 Transaction APIs.
	27 | /// Observers are not retained.  The transactions array will only be synchronized with the server
	28 | /// while the queue has observers.  This may require that the user authenticate.
	29 | - (void)addTransactionObserver:(id<SKPaymentTransactionObserver>)observer;
	   |                                    `- warning: 'SKPaymentTransactionObserver' is deprecated: first deprecated in iOS 18.0 - Use StoreKit 2 Transaction APIs.
	30 |
	31 | /// Add a payment to the server queue.  The payment is copied to add an SKPaymentTransaction to the

	/Applications/Xcode.app/Contents/Developer/Platforms/iPhoneSimulator.platform/Developer/SDKs/iPhoneSimulator26.2.sdk/System/Library/Frameworks/StoreKit.framework/Headers/SKPaymentQueue.h:91:11: note: 'SKPaymentTransactionObserver' has been explicitly marked deprecated here
	 89 |
	 90 | API_DEPRECATED("Use StoreKit 2 Transaction APIs.", ios(3.0, 18.0), tvos(9.0, 18.0), macos(10.7, 15.0), watchos(6.2, 11.0), visionos(1.0, 2.0))
	 91 | @protocol SKPaymentTransactionObserver <NSObject>
	    |           `- note: 'SKPaymentTransactionObserver' has been explicitly marked deprecated here
	 92 | @required
	 93 | // Sent when the transaction array has changed (additions or state changes).  Client should check state of transactions and finish as appropriate.

	<module-includes>:1:9: note: in file included from <module-includes>:1:
	1 | #import "Headers/in_app_purchase_storekit-umbrella.h"
	  |         `- note: in file included from <module-includes>:1:
	2 |

	<REPO>/apps/mobile/ios/Pods/Target Support Files/in_app_purchase_storekit/in_app_purchase_storekit-umbrella.h:14:9: note: in file included from <REPO>/apps/mobile/ios/Pods/Target Support Files/in_app_purchase_storekit/in_app_purchase_storekit-umbrella.h:14:
	12 |
	13 | #import "FIAObjectTranslator.h"
	14 | #import "FIAPaymentQueueHandler.h"
	   |         `- note: in file included from <REPO>/apps/mobile/ios/Pods/Target Support Files/in_app_purchase_storekit/in_app_purchase_storekit-umbrella.h:14:
	15 | #import "FIAPPaymentQueueDelegate.h"
	16 | #import "FIAPReceiptManager.h"

	<HOME>/.pub-cache/hosted/pub.dev/in_app_purchase_storekit-0.4.4/darwin/in_app_purchase_storekit/Sources/in_app_purchase_storekit_objc/include/in_app_purchase_storekit_objc/FIAPaymentQueueHandler.h:8:9: note: in file included from <HOME>/.pub-cache/hosted/pub.dev/in_app_purchase_storekit-0.4.4/darwin/in_app_purchase_storekit/Sources/in_app_purchase_storekit_objc/include/in_app_purchase_storekit_objc/FIAPaymentQueueHandler.h:8:
	 6 | #import <StoreKit/StoreKit.h>
	 7 | #import "FIATransactionCache.h"
	 8 | #import "FLTPaymentQueueHandlerProtocol.h"
	   |         `- note: in file included from <HOME>/.pub-cache/hosted/pub.dev/in_app_purchase_storekit-0.4.4/darwin/in_app_purchase_storekit/Sources/in_app_purchase_storekit_objc/include/in_app_purchase_storekit_objc/FIAPaymentQueueHandler.h:8:
	 9 | #import "FLTPaymentQueueProtocol.h"
	10 | #import "FLTTransactionCacheProtocol.h"

	<HOME>/.pub-cache/hosted/pub.dev/in_app_purchase_storekit-0.4.4/darwin/in_app_purchase_storekit/Sources/in_app_purchase_storekit_objc/include/in_app_purchase_storekit_objc/FLTPaymentQueueHandlerProtocol.h:7:9: note: in file included from <HOME>/.pub-cache/hosted/pub.dev/in_app_purchase_storekit-0.4.4/darwin/in_app_purchase_storekit/Sources/in_app_purchase_storekit_objc/include/in_app_purchase_storekit_objc/FLTPaymentQueueHandlerProtocol.h:7:
	  5 | #import <StoreKit/StoreKit.h>
	  6 | #import "FIATransactionCache.h"
	  7 | #import "FLTPaymentQueueProtocol.h"
	    |         `- note: in file included from <HOME>/.pub-cache/hosted/pub.dev/in_app_purchase_storekit-0.4.4/darwin/in_app_purchase_storekit/Sources/in_app_purchase_storekit_objc/include/in_app_purchase_storekit_objc/FLTPaymentQueueHandlerProtocol.h:7:
	  8 | #import "FLTTransactionCacheProtocol.h"
	  9 |

	<HOME>/.pub-cache/hosted/pub.dev/in_app_purchase_storekit-0.4.4/darwin/in_app_purchase_storekit/Sources/in_app_purchase_storekit_objc/include/in_app_purchase_storekit_objc/FLTPaymentQueueProtocol.h:34:21: warning: 'SKPayment' is deprecated: first deprecated in iOS 18.0 - Use Product.purchase(confirmIn:options:).
	32 | /// transactions array.  The same payment can be added multiple times to create multiple
	33 | /// transactions.
	34 | - (void)addPayment:(SKPayment *_Nonnull)payment;
	   |                     `- warning: 'SKPayment' is deprecated: first deprecated in iOS 18.0 - Use Product.purchase(confirmIn:options:).
	35 |
	36 | /// Will add completed transactions for the current user back to the queue to be re-completed.

	/Applications/Xcode.app/Contents/Developer/Platforms/iPhoneSimulator.platform/Developer/SDKs/iPhoneSimulator26.2.sdk/System/Library/Frameworks/StoreKit.framework/Headers/SKPayment.h:19:12: note: 'SKPayment' has been explicitly marked deprecated here
	17 | API_DEPRECATED("Use Product.purchase(confirmIn:options:).", ios(3.0, 18.0), macos(10.7, 15.0), watchos(6.2, 11.0), visionos(1.0, 2.0))
	18 | NS_SWIFT_NONSENDABLE
	19 | @interface SKPayment : NSObject <NSCopying, NSMutableCopying> {
	   |            `- note: 'SKPayment' has been explicitly marked deprecated here
	20 | @private
	21 |     id _internal;

	<module-includes>:1:9: note: in file included from <module-includes>:1:
	1 | #import "Headers/in_app_purchase_storekit-umbrella.h"
	  |         `- note: in file included from <module-includes>:1:
	2 |

	<REPO>/apps/mobile/ios/Pods/Target Support Files/in_app_purchase_storekit/in_app_purchase_storekit-umbrella.h:14:9: note: in file included from <REPO>/apps/mobile/ios/Pods/Target Support Files/in_app_purchase_storekit/in_app_purchase_storekit-umbrella.h:14:
	12 |
	13 | #import "FIAObjectTranslator.h"
	14 | #import "FIAPaymentQueueHandler.h"
	   |         `- note: in file included from <REPO>/apps/mobile/ios/Pods/Target Support Files/in_app_purchase_storekit/in_app_purchase_storekit-umbrella.h:14:
	15 | #import "FIAPPaymentQueueDelegate.h"
	16 | #import "FIAPReceiptManager.h"

	<HOME>/.pub-cache/hosted/pub.dev/in_app_purchase_storekit-0.4.4/darwin/in_app_purchase_storekit/Sources/in_app_purchase_storekit_objc/include/in_app_purchase_storekit_objc/FIAPaymentQueueHandler.h:8:9: note: in file included from <HOME>/.pub-cache/hosted/pub.dev/in_app_purchase_storekit-0.4.4/darwin/in_app_purchase_storekit/Sources/in_app_purchase_storekit_objc/include/in_app_purchase_storekit_objc/FIAPaymentQueueHandler.h:8:
	 6 | #import <StoreKit/StoreKit.h>
	 7 | #import "FIATransactionCache.h"
	 8 | #import "FLTPaymentQueueHandlerProtocol.h"
	   |         `- note: in file included from <HOME>/.pub-cache/hosted/pub.dev/in_app_purchase_storekit-0.4.4/darwin/in_app_purchase_storekit/Sources/in_app_purchase_storekit_objc/include/in_app_purchase_storekit_objc/FIAPaymentQueueHandler.h:8:
	 9 | #import "FLTPaymentQueueProtocol.h"
	10 | #import "FLTTransactionCacheProtocol.h"

	<HOME>/.pub-cache/hosted/pub.dev/in_app_purchase_storekit-0.4.4/darwin/in_app_purchase_storekit/Sources/in_app_purchase_storekit_objc/include/in_app_purchase_storekit_objc/FLTPaymentQueueHandlerProtocol.h:7:9: note: in file included from <HOME>/.pub-cache/hosted/pub.dev/in_app_purchase_storekit-0.4.4/darwin/in_app_purchase_storekit/Sources/in_app_purchase_storekit_objc/include/in_app_purchase_storekit_objc/FLTPaymentQueueHandlerProtocol.h:7:
	  5 | #import <StoreKit/StoreKit.h>
	  6 | #import "FIATransactionCache.h"
	  7 | #import "FLTPaymentQueueProtocol.h"
	    |         `- note: in file included from <HOME>/.pub-cache/hosted/pub.dev/in_app_purchase_storekit-0.4.4/darwin/in_app_purchase_storekit/Sources/in_app_purchase_storekit_objc/include/in_app_purchase_storekit_objc/FLTPaymentQueueHandlerProtocol.h:7:
	  8 | #import "FLTTransactionCacheProtocol.h"
	  9 |

	<HOME>/.pub-cache/hosted/pub.dev/in_app_purchase_storekit-0.4.4/darwin/in_app_purchase_storekit/Sources/in_app_purchase_storekit_objc/include/in_app_purchase_storekit_objc/FLTPaymentQueueProtocol.h:61:32: warning: 'SKPaymentQueue' is deprecated: first deprecated in iOS 18.0 - No longer supported.
	59 |
	60 | /// Initialize this wrapper with an SKPaymentQueue
	61 | - (instancetype)initWithQueue:(SKPaymentQueue *)queue NS_DESIGNATED_INITIALIZER;
	   |                                `- warning: 'SKPaymentQueue' is deprecated: first deprecated in iOS 18.0 - No longer supported.
	62 |
	63 | /// The default initializer is unavailable, as it this must be initlai

	/Applications/Xcode.app/Contents/Developer/Platforms/iPhoneSimulator.platform/Developer/SDKs/iPhoneSimulator26.2.sdk/System/Library/Frameworks/StoreKit.framework/Headers/SKPaymentQueue.h:25:12: note: 'SKPaymentQueue' has been explicitly marked deprecated here
	 23 | API_DEPRECATED("No longer supported.", ios(3.0, 18.0), tvos(9.0, 18.0), macos(10.7, 15.0), watchos(6.2, 11.0), visionos(1.0, 2.0))
	 24 | NS_SWIFT_SENDABLE
	 25 | @interface SKPaymentQueue : NSObject {
	    |            `- note: 'SKPaymentQueue' has been explicitly marked deprecated here
	 26 | @private
	 27 |     id _internal;

	<module-includes>:1:9: note: in file included from <module-includes>:1:
	1 | #import "Headers/in_app_purchase_storekit-umbrella.h"
	  |         `- note: in file included from <module-includes>:1:
	2 |

	<REPO>/apps/mobile/ios/Pods/Target Support Files/in_app_purchase_storekit/in_app_purchase_storekit-umbrella.h:14:9: note: in file included from <REPO>/apps/mobile/ios/Pods/Target Support Files/in_app_purchase_storekit/in_app_purchase_storekit-umbrella.h:14:
	12 |
	13 | #import "FIAObjectTranslator.h"
	14 | #import "FIAPaymentQueueHandler.h"
	   |         `- note: in file included from <REPO>/apps/mobile/ios/Pods/Target Support Files/in_app_purchase_storekit/in_app_purchase_storekit-umbrella.h:14:
	15 | #import "FIAPPaymentQueueDelegate.h"
	16 | #import "FIAPReceiptManager.h"

	<HOME>/.pub-cache/hosted/pub.dev/in_app_purchase_storekit-0.4.4/darwin/in_app_purchase_storekit/Sources/in_app_purchase_storekit_objc/include/in_app_purchase_storekit_objc/FIAPaymentQueueHandler.h:8:9: note: in file included from <HOME>/.pub-cache/hosted/pub.dev/in_app_purchase_storekit-0.4.4/darwin/in_app_purchase_storekit/Sources/in_app_purchase_storekit_objc/include/in_app_purchase_storekit_objc/FIAPaymentQueueHandler.h:8:
	 6 | #import <StoreKit/StoreKit.h>
	 7 | #import "FIATransactionCache.h"
	 8 | #import "FLTPaymentQueueHandlerProtocol.h"
	   |         `- note: in file included from <HOME>/.pub-cache/hosted/pub.dev/in_app_purchase_storekit-0.4.4/darwin/in_app_purchase_storekit/Sources/in_app_purchase_storekit_objc/include/in_app_purchase_storekit_objc/FIAPaymentQueueHandler.h:8:
	 9 | #import "FLTPaymentQueueProtocol.h"
	10 | #import "FLTTransactionCacheProtocol.h"

	<HOME>/.pub-cache/hosted/pub.dev/in_app_purchase_storekit-0.4.4/darwin/in_app_purchase_storekit/Sources/in_app_purchase_storekit_objc/include/in_app_purchase_storekit_objc/FLTPaymentQueueHandlerProtocol.h:11:45: warning: 'SKPaymentTransaction' is deprecated: first deprecated in iOS 18.0 - Use PurchaseResult from Product.purchase(confirmIn:options:).
	  9 |
	 10 | NS_ASSUME_NONNULL_BEGIN
	 11 | typedef void (^TransactionsUpdated)(NSArray<SKPaymentTransaction *> *transactions);
	    |                                             `- warning: 'SKPaymentTransaction' is deprecated: first deprecated in iOS 18.0 - Use PurchaseResult from Product.purchase(confirmIn:options:).
	 12 | typedef void (^TransactionsRemoved)(NSArray<SKPaymentTransaction *> *transactions);
	 13 | typedef void (^RestoreTransactionFailed)(NSError *error);

	/Applications/Xcode.app/Contents/Developer/Platforms/iPhoneSimulator.platform/Developer/SDKs/iPhoneSimulator26.2.sdk/System/Library/Frameworks/StoreKit.framework/Headers/SKPaymentTransaction.h:27:12: note: 'SKPaymentTransaction' has been explicitly marked deprecated here
	25 | API_DEPRECATED("Use PurchaseResult from Product.purchase(confirmIn:options:).",ios(3.0, 18.0), macos(10.7, 15.0), watchos(6.2, 11.0), visionos(1.0, 2.0))
	26 | NS_SWIFT_SENDABLE
	27 | @interface SKPaymentTransaction : NSObject {
	   |            `- note: 'SKPaymentTransaction' has been explicitly marked deprecated here
	28 | @private
	29 |     id _internal;

	<module-includes>:1:9: note: in file included from <module-includes>:1:
	1 | #import "Headers/in_app_purchase_storekit-umbrella.h"
	  |         `- note: in file included from <module-includes>:1:
	2 |

	<REPO>/apps/mobile/ios/Pods/Target Support Files/in_app_purchase_storekit/in_app_purchase_storekit-umbrella.h:14:9: note: in file included from <REPO>/apps/mobile/ios/Pods/Target Support Files/in_app_purchase_storekit/in_app_purchase_storekit-umbrella.h:14:
	12 |
	13 | #import "FIAObjectTranslator.h"
	14 | #import "FIAPaymentQueueHandler.h"
	   |         `- note: in file included from <REPO>/apps/mobile/ios/Pods/Target Support Files/in_app_purchase_storekit/in_app_purchase_storekit-umbrella.h:14:
	15 | #import "FIAPPaymentQueueDelegate.h"
	16 | #import "FIAPReceiptManager.h"

	<HOME>/.pub-cache/hosted/pub.dev/in_app_purchase_storekit-0.4.4/darwin/in_app_purchase_storekit/Sources/in_app_purchase_storekit_objc/include/in_app_purchase_storekit_objc/FIAPaymentQueueHandler.h:8:9: note: in file included from <HOME>/.pub-cache/hosted/pub.dev/in_app_purchase_storekit-0.4.4/darwin/in_app_purchase_storekit/Sources/in_app_purchase_storekit_objc/include/in_app_purchase_storekit_objc/FIAPaymentQueueHandler.h:8:
	 6 | #import <StoreKit/StoreKit.h>
	 7 | #import "FIATransactionCache.h"
	 8 | #import "FLTPaymentQueueHandlerProtocol.h"
	   |         `- note: in file included from <HOME>/.pub-cache/hosted/pub.dev/in_app_purchase_storekit-0.4.4/darwin/in_app_purchase_storekit/Sources/in_app_purchase_storekit_objc/include/in_app_purchase_storekit_objc/FIAPaymentQueueHandler.h:8:
	 9 | #import "FLTPaymentQueueProtocol.h"
	10 | #import "FLTTransactionCacheProtocol.h"

	<HOME>/.pub-cache/hosted/pub.dev/in_app_purchase_storekit-0.4.4/darwin/in_app_purchase_storekit/Sources/in_app_purchase_storekit_objc/include/in_app_purchase_storekit_objc/FLTPaymentQueueHandlerProtocol.h:12:45: warning: 'SKPaymentTransaction' is deprecated: first deprecated in iOS 18.0 - Use PurchaseResult from Product.purchase(confirmIn:options:).
	 10 | NS_ASSUME_NONNULL_BEGIN
	 11 | typedef void (^TransactionsUpdated)(NSArray<SKPaymentTransaction *> *transactions);
	 12 | typedef void (^TransactionsRemoved)(NSArray<SKPaymentTransaction *> *transactions);
	    |                                             `- warning: 'SKPaymentTransaction' is deprecated: first deprecated in iOS 18.0 - Use PurchaseResult from Product.purchase(confirmIn:options:).
	 13 | typedef void (^RestoreTransactionFailed)(NSError *error);
	 14 | typedef void (^RestoreCompletedTransactionsFinished)(void);

	/Applications/Xcode.app/Contents/Developer/Platforms/iPhoneSimulator.platform/Developer/SDKs/iPhoneSimulator26.2.sdk/System/Library/Frameworks/StoreKit.framework/Headers/SKPaymentTransaction.h:27:12: note: 'SKPaymentTransaction' has been explicitly marked deprecated here
	25 | API_DEPRECATED("Use PurchaseResult from Product.purchase(confirmIn:options:).",ios(3.0, 18.0), macos(10.7, 15.0), watchos(6.2, 11.0), visionos(1.0, 2.0))
	26 | NS_SWIFT_SENDABLE
	27 | @interface SKPaymentTransaction : NSObject {
	   |            `- note: 'SKPaymentTransaction' has been explicitly marked deprecated here
	28 | @private
	29 |     id _internal;

	<module-includes>:1:9: note: in file included from <module-includes>:1:
	1 | #import "Headers/in_app_purchase_storekit-umbrella.h"
	  |         `- note: in file included from <module-includes>:1:
	2 |

	<REPO>/apps/mobile/ios/Pods/Target Support Files/in_app_purchase_storekit/in_app_purchase_storekit-umbrella.h:14:9: note: in file included from <REPO>/apps/mobile/ios/Pods/Target Support Files/in_app_purchase_storekit/in_app_purchase_storekit-umbrella.h:14:
	12 |
	13 | #import "FIAObjectTranslator.h"
	14 | #import "FIAPaymentQueueHandler.h"
	   |         `- note: in file included from <REPO>/apps/mobile/ios/Pods/Target Support Files/in_app_purchase_storekit/in_app_purchase_storekit-umbrella.h:14:
	15 | #import "FIAPPaymentQueueDelegate.h"
	16 | #import "FIAPReceiptManager.h"

	<HOME>/.pub-cache/hosted/pub.dev/in_app_purchase_storekit-0.4.4/darwin/in_app_purchase_storekit/Sources/in_app_purchase_storekit_objc/include/in_app_purchase_storekit_objc/FIAPaymentQueueHandler.h:8:9: note: in file included from <HOME>/.pub-cache/hosted/pub.dev/in_app_purchase_storekit-0.4.4/darwin/in_app_purchase_storekit/Sources/in_app_purchase_storekit_objc/include/in_app_purchase_storekit_objc/FIAPaymentQueueHandler.h:8:
	 6 | #import <StoreKit/StoreKit.h>
	 7 | #import "FIATransactionCache.h"
	 8 | #import "FLTPaymentQueueHandlerProtocol.h"
	   |         `- note: in file included from <HOME>/.pub-cache/hosted/pub.dev/in_app_purchase_storekit-0.4.4/darwin/in_app_purchase_storekit/Sources/in_app_purchase_storekit_objc/include/in_app_purchase_storekit_objc/FIAPaymentQueueHandler.h:8:
	 9 | #import "FLTPaymentQueueProtocol.h"
	10 | #import "FLTTransactionCacheProtocol.h"

	<HOME>/.pub-cache/hosted/pub.dev/in_app_purchase_storekit-0.4.4/darwin/in_app_purchase_storekit/Sources/in_app_purchase_storekit_objc/include/in_app_purchase_storekit_objc/FLTPaymentQueueHandlerProtocol.h:15:39: warning: 'SKPayment' is deprecated: first deprecated in iOS 18.0 - Use Product.purchase(confirmIn:options:).
	 13 | typedef void (^RestoreTransactionFailed)(NSError *error);
	 14 | typedef void (^RestoreCompletedTransactionsFinished)(void);
	 15 | typedef BOOL (^ShouldAddStorePayment)(SKPayment *payment, SKProduct *product);
	    |                                       `- warning: 'SKPayment' is deprecated: first deprecated in iOS 18.0 - Use Product.purchase(confirmIn:options:).
	 16 | typedef void (^UpdatedDownloads)(NSArray<SKDownload *> *downloads);
	 17 |

	/Applications/Xcode.app/Contents/Developer/Platforms/iPhoneSimulator.platform/Developer/SDKs/iPhoneSimulator26.2.sdk/System/Library/Frameworks/StoreKit.framework/Headers/SKPayment.h:19:12: note: 'SKPayment' has been explicitly marked deprecated here
	17 | API_DEPRECATED("Use Product.purchase(confirmIn:options:).", ios(3.0, 18.0), macos(10.7, 15.0), watchos(6.2, 11.0), visionos(1.0, 2.0))
	18 | NS_SWIFT_NONSENDABLE
	19 | @interface SKPayment : NSObject <NSCopying, NSMutableCopying> {
	   |            `- note: 'SKPayment' has been explicitly marked deprecated here
	20 | @private
	21 |     id _internal;

	<module-includes>:1:9: note: in file included from <module-includes>:1:
	1 | #import "Headers/in_app_purchase_storekit-umbrella.h"
	  |         `- note: in file included from <module-includes>:1:
	2 |

	<REPO>/apps/mobile/ios/Pods/Target Support Files/in_app_purchase_storekit/in_app_purchase_storekit-umbrella.h:14:9: note: in file included from <REPO>/apps/mobile/ios/Pods/Target Support Files/in_app_purchase_storekit/in_app_purchase_storekit-umbrella.h:14:
	12 |
	13 | #import "FIAObjectTranslator.h"
	14 | #import "FIAPaymentQueueHandler.h"
	   |         `- note: in file included from <REPO>/apps/mobile/ios/Pods/Target Support Files/in_app_purchase_storekit/in_app_purchase_storekit-umbrella.h:14:
	15 | #import "FIAPPaymentQueueDelegate.h"
	16 | #import "FIAPReceiptManager.h"

	<HOME>/.pub-cache/hosted/pub.dev/in_app_purchase_storekit-0.4.4/darwin/in_app_purchase_storekit/Sources/in_app_purchase_storekit_objc/include/in_app_purchase_storekit_objc/FIAPaymentQueueHandler.h:8:9: note: in file included from <HOME>/.pub-cache/hosted/pub.dev/in_app_purchase_storekit-0.4.4/darwin/in_app_purchase_storekit/Sources/in_app_purchase_storekit_objc/include/in_app_purchase_storekit_objc/FIAPaymentQueueHandler.h:8:
	 6 | #import <StoreKit/StoreKit.h>
	 7 | #import "FIATransactionCache.h"
	 8 | #import "FLTPaymentQueueHandlerProtocol.h"
	   |         `- note: in file included from <HOME>/.pub-cache/hosted/pub.dev/in_app_purchase_storekit-0.4.4/darwin/in_app_purchase_storekit/Sources/in_app_purchase_storekit_objc/include/in_app_purchase_storekit_objc/FIAPaymentQueueHandler.h:8:
	 9 | #import "FLTPaymentQueueProtocol.h"
	10 | #import "FLTTransactionCacheProtocol.h"

	<HOME>/.pub-cache/hosted/pub.dev/in_app_purchase_storekit-0.4.4/darwin/in_app_purchase_storekit/Sources/in_app_purchase_storekit_objc/include/in_app_purchase_storekit_objc/FLTPaymentQueueHandlerProtocol.h:15:59: warning: 'SKProduct' is deprecated: first deprecated in iOS 18.0 - Use Product.
	 13 | typedef void (^RestoreTransactionFailed)(NSError *error);
	 14 | typedef void (^RestoreCompletedTransactionsFinished)(void);
	 15 | typedef BOOL (^ShouldAddStorePayment)(SKPayment *payment, SKProduct *product);
	    |                                                           `- warning: 'SKProduct' is deprecated: first deprecated in iOS 18.0 - Use Product.
	 16 | typedef void (^UpdatedDownloads)(NSArray<SKDownload *> *downloads);
	 17 |

	/Applications/Xcode.app/Contents/Developer/Platforms/iPhoneSimulator.platform/Developer/SDKs/iPhoneSimulator26.2.sdk/System/Library/Frameworks/StoreKit.framework/Headers/SKProduct.h:41:12: note: 'SKProduct' has been explicitly marked deprecated here
	39 | API_DEPRECATED("Use Product.", ios(3.0, 18.0), macos(10.7, 15.0), watchos(6.2, 11.0), visionos(1.0, 2.0))
	40 | NS_SWIFT_SENDABLE
	41 | @interface SKProduct : NSObject {
	   |            `- note: 'SKProduct' has been explicitly marked deprecated here
	42 | @private
	43 |     id _internal;

	<module-includes>:1:9: note: in file included from <module-includes>:1:
	1 | #import "Headers/in_app_purchase_storekit-umbrella.h"
	  |         `- note: in file included from <module-includes>:1:
	2 |

	<REPO>/apps/mobile/ios/Pods/Target Support Files/in_app_purchase_storekit/in_app_purchase_storekit-umbrella.h:14:9: note: in file included from <REPO>/apps/mobile/ios/Pods/Target Support Files/in_app_purchase_storekit/in_app_purchase_storekit-umbrella.h:14:
	12 |
	13 | #import "FIAObjectTranslator.h"
	14 | #import "FIAPaymentQueueHandler.h"
	   |         `- note: in file included from <REPO>/apps/mobile/ios/Pods/Target Support Files/in_app_purchase_storekit/in_app_purchase_storekit-umbrella.h:14:
	15 | #import "FIAPPaymentQueueDelegate.h"
	16 | #import "FIAPReceiptManager.h"

	<HOME>/.pub-cache/hosted/pub.dev/in_app_purchase_storekit-0.4.4/darwin/in_app_purchase_storekit/Sources/in_app_purchase_storekit_objc/include/in_app_purchase_storekit_objc/FIAPaymentQueueHandler.h:8:9: note: in file included from <HOME>/.pub-cache/hosted/pub.dev/in_app_purchase_storekit-0.4.4/darwin/in_app_purchase_storekit/Sources/in_app_purchase_storekit_objc/include/in_app_purchase_storekit_objc/FIAPaymentQueueHandler.h:8:
	 6 | #import <StoreKit/StoreKit.h>
	 7 | #import "FIATransactionCache.h"
	 8 | #import "FLTPaymentQueueHandlerProtocol.h"
	   |         `- note: in file included from <HOME>/.pub-cache/hosted/pub.dev/in_app_purchase_storekit-0.4.4/darwin/in_app_purchase_storekit/Sources/in_app_purchase_storekit_objc/include/in_app_purchase_storekit_objc/FIAPaymentQueueHandler.h:8:
	 9 | #import "FLTPaymentQueueProtocol.h"
	10 | #import "FLTTransactionCacheProtocol.h"

	<HOME>/.pub-cache/hosted/pub.dev/in_app_purchase_storekit-0.4.4/darwin/in_app_purchase_storekit/Sources/in_app_purchase_storekit_objc/include/in_app_purchase_storekit_objc/FLTPaymentQueueHandlerProtocol.h:16:42: warning: 'SKDownload' is deprecated: first deprecated in iOS 16.0 - Hosted content is no longer supported.
	 14 | typedef void (^RestoreCompletedTransactionsFinished)(void);
	 15 | typedef BOOL (^ShouldAddStorePayment)(SKPayment *payment, SKProduct *product);
	 16 | typedef void (^UpdatedDownloads)(NSArray<SKDownload *> *downloads);
	    |                                          `- warning: 'SKDownload' is deprecated: first deprecated in iOS 16.0 - Hosted content is no longer supported.
	 17 |
	 18 | /// A protocol that conforms to SKPaymentTransactionObserver and handles SKPaymentQueue methods

	/Applications/Xcode.app/Contents/Developer/Platforms/iPhoneSimulator.platform/Developer/SDKs/iPhoneSimulator26.2.sdk/System/Library/Frameworks/StoreKit.framework/Headers/SKDownload.h:26:182: note: 'SKDownload' has been explicitly marked deprecated here
	24 | SK_EXTERN NSTimeInterval SKDownloadTimeRemainingUnknown API_DEPRECATED("Hosted content is no longer supported.", ios(6.0, 16.0), macos(10.14, 13.0), tvos(9.0, 16.0), watchos(6.2, 9.0)) API_UNAVAILABLE(visionos);
	25 |
	26 | SK_EXTERN_CLASS API_DEPRECATED("Hosted content is no longer supported.", ios(6.0, 16.0), macos(10.8, 13.0), tvos(9.0, 16.0), watchos(6.2, 9.0)) API_UNAVAILABLE(visionos) @interface SKDownload : NSObject {
	   |                                                                                                                                                                                      `- note: 'SKDownload' has been explicitly marked deprecated here
	27 | @private
	28 |     id _internal;

	<module-includes>:1:9: note: in file included from <module-includes>:1:
	1 | #import "Headers/in_app_purchase_storekit-umbrella.h"
	  |         `- note: in file included from <module-includes>:1:
	2 |

	<REPO>/apps/mobile/ios/Pods/Target Support Files/in_app_purchase_storekit/in_app_purchase_storekit-umbrella.h:14:9: note: in file included from <REPO>/apps/mobile/ios/Pods/Target Support Files/in_app_purchase_storekit/in_app_purchase_storekit-umbrella.h:14:
	12 |
	13 | #import "FIAObjectTranslator.h"
	14 | #import "FIAPaymentQueueHandler.h"
	   |         `- note: in file included from <REPO>/apps/mobile/ios/Pods/Target Support Files/in_app_purchase_storekit/in_app_purchase_storekit-umbrella.h:14:
	15 | #import "FIAPPaymentQueueDelegate.h"
	16 | #import "FIAPReceiptManager.h"

	<HOME>/.pub-cache/hosted/pub.dev/in_app_purchase_storekit-0.4.4/darwin/in_app_purchase_storekit/Sources/in_app_purchase_storekit_objc/include/in_app_purchase_storekit_objc/FIAPaymentQueueHandler.h:8:9: note: in file included from <HOME>/.pub-cache/hosted/pub.dev/in_app_purchase_storekit-0.4.4/darwin/in_app_purchase_storekit/Sources/in_app_purchase_storekit_objc/include/in_app_purchase_storekit_objc/FIAPaymentQueueHandler.h:8:
	 6 | #import <StoreKit/StoreKit.h>
	 7 | #import "FIATransactionCache.h"
	 8 | #import "FLTPaymentQueueHandlerProtocol.h"
	   |         `- note: in file included from <HOME>/.pub-cache/hosted/pub.dev/in_app_purchase_storekit-0.4.4/darwin/in_app_purchase_storekit/Sources/in_app_purchase_storekit_objc/include/in_app_purchase_storekit_objc/FIAPaymentQueueHandler.h:8:
	 9 | #import "FLTPaymentQueueProtocol.h"
	10 | #import "FLTTransactionCacheProtocol.h"

	<HOME>/.pub-cache/hosted/pub.dev/in_app_purchase_storekit-0.4.4/darwin/in_app_purchase_storekit/Sources/in_app_purchase_storekit_objc/include/in_app_purchase_storekit_objc/FLTPaymentQueueHandlerProtocol.h:19:53: warning: 'SKPaymentTransactionObserver' is deprecated: first deprecated in iOS 18.0 - Use StoreKit 2 Transaction APIs.
	 17 |
	 18 | /// A protocol that conforms to SKPaymentTransactionObserver and handles SKPaymentQueue methods
	 19 | @protocol FLTPaymentQueueHandlerProtocol <NSObject, SKPaymentTransactionObserver>
	    |                                                     `- warning: 'SKPaymentTransactionObserver' is deprecated: first deprecated in iOS 18.0 - Use StoreKit 2 Transaction APIs.
	 20 | /// An object that provides information needed to complete transactions.
	 21 | @property(nonatomic, weak, nullable) id<SKPaymentQueueDelegate> delegate API_AVAILABLE(

	/Applications/Xcode.app/Contents/Developer/Platforms/iPhoneSimulator.platform/Developer/SDKs/iPhoneSimulator26.2.sdk/System/Library/Frameworks/StoreKit.framework/Headers/SKPaymentQueue.h:91:11: note: 'SKPaymentTransactionObserver' has been explicitly marked deprecated here
	 89 |
	 90 | API_DEPRECATED("Use StoreKit 2 Transaction APIs.", ios(3.0, 18.0), tvos(9.0, 18.0), macos(10.7, 15.0), watchos(6.2, 11.0), visionos(1.0, 2.0))
	 91 | @protocol SKPaymentTransactionObserver <NSObject>
	    |           `- note: 'SKPaymentTransactionObserver' has been explicitly marked deprecated here
	 92 | @required
	 93 | // Sent when the transaction array has changed (additions or state changes).  Client should check state of transactions and finish as appropriate.

	<module-includes>:1:9: note: in file included from <module-includes>:1:
	1 | #import "Headers/in_app_purchase_storekit-umbrella.h"
	  |         `- note: in file included from <module-includes>:1:
	2 |

	<REPO>/apps/mobile/ios/Pods/Target Support Files/in_app_purchase_storekit/in_app_purchase_storekit-umbrella.h:14:9: note: in file included from <REPO>/apps/mobile/ios/Pods/Target Support Files/in_app_purchase_storekit/in_app_purchase_storekit-umbrella.h:14:
	12 |
	13 | #import "FIAObjectTranslator.h"
	14 | #import "FIAPaymentQueueHandler.h"
	   |         `- note: in file included from <REPO>/apps/mobile/ios/Pods/Target Support Files/in_app_purchase_storekit/in_app_purchase_storekit-umbrella.h:14:
	15 | #import "FIAPPaymentQueueDelegate.h"
	16 | #import "FIAPReceiptManager.h"

	<HOME>/.pub-cache/hosted/pub.dev/in_app_purchase_storekit-0.4.4/darwin/in_app_purchase_storekit/Sources/in_app_purchase_storekit_objc/include/in_app_purchase_storekit_objc/FIAPaymentQueueHandler.h:8:9: note: in file included from <HOME>/.pub-cache/hosted/pub.dev/in_app_purchase_storekit-0.4.4/darwin/in_app_purchase_storekit/Sources/in_app_purchase_storekit_objc/include/in_app_purchase_storekit_objc/FIAPaymentQueueHandler.h:8:
	 6 | #import <StoreKit/StoreKit.h>
	 7 | #import "FIATransactionCache.h"
	 8 | #import "FLTPaymentQueueHandlerProtocol.h"
	   |         `- note: in file included from <HOME>/.pub-cache/hosted/pub.dev/in_app_purchase_storekit-0.4.4/darwin/in_app_purchase_storekit/Sources/in_app_purchase_storekit_objc/include/in_app_purchase_storekit_objc/FIAPaymentQueueHandler.h:8:
	 9 | #import "FLTPaymentQueueProtocol.h"
	10 | #import "FLTTransactionCacheProtocol.h"

	<HOME>/.pub-cache/hosted/pub.dev/in_app_purchase_storekit-0.4.4/darwin/in_app_purchase_storekit/Sources/in_app_purchase_storekit_objc/include/in_app_purchase_storekit_objc/FLTPaymentQueueHandlerProtocol.h:21:41: warning: 'SKPaymentQueueDelegate' is deprecated: first deprecated in iOS 18.0 - No longer supported.
	 19 | @protocol FLTPaymentQueueHandlerProtocol <NSObject, SKPaymentTransactionObserver>
	 20 | /// An object that provides information needed to complete transactions.
	 21 | @property(nonatomic, weak, nullable) id<SKPaymentQueueDelegate> delegate API_AVAILABLE(
	    |                                         `- warning: 'SKPaymentQueueDelegate' is deprecated: first deprecated in iOS 18.0 - No longer supported.
	 22 |     ios(13.0), macos(10.15), watchos(6.2));
	 23 | /// An object containing the location and unique identifier of an Apple App Store storefront.

	/Applications/Xcode.app/Contents/Developer/Platforms/iPhoneSimulator.platform/Developer/SDKs/iPhoneSimulator26.2.sdk/System/Library/Frameworks/StoreKit.framework/Headers/SKPaymentQueue.h:78:11: note: 'SKPaymentQueueDelegate' has been explicitly marked deprecated here
	 76 |
	 77 | API_DEPRECATED("No longer supported.", ios(13.0, 18.0), tvos(13.0, 18.0), macos(10.15, 15.0), watchos(6.2, 11.0), visionos(1.0, 2.0))
	 78 | @protocol SKPaymentQueueDelegate <NSObject>
	    |           `- note: 'SKPaymentQueueDelegate' has been explicitly marked deprecated here
	 79 | @optional
	 80 | // Sent when the storefront changes while a payment is processing.

	<module-includes>:1:9: note: in file included from <module-includes>:1:
	1 | #import "Headers/in_app_purchase_storekit-umbrella.h"
	  |         `- note: in file included from <module-includes>:1:
	2 |

	<REPO>/apps/mobile/ios/Pods/Target Support Files/in_app_purchase_storekit/in_app_purchase_storekit-umbrella.h:14:9: note: in file included from <REPO>/apps/mobile/ios/Pods/Target Support Files/in_app_purchase_storekit/in_app_purchase_storekit-umbrella.h:14:
	12 |
	13 | #import "FIAObjectTranslator.h"
	14 | #import "FIAPaymentQueueHandler.h"
	   |         `- note: in file included from <REPO>/apps/mobile/ios/Pods/Target Support Files/in_app_purchase_storekit/in_app_purchase_storekit-umbrella.h:14:
	15 | #import "FIAPPaymentQueueDelegate.h"
	16 | #import "FIAPReceiptManager.h"

	<HOME>/.pub-cache/hosted/pub.dev/in_app_purchase_storekit-0.4.4/darwin/in_app_purchase_storekit/Sources/in_app_purchase_storekit_objc/include/in_app_purchase_storekit_objc/FIAPaymentQueueHandler.h:8:9: note: in file included from <HOME>/.pub-cache/hosted/pub.dev/in_app_purchase_storekit-0.4.4/darwin/in_app_purchase_storekit/Sources/in_app_purchase_storekit_objc/include/in_app_purchase_storekit_objc/FIAPaymentQueueHandler.h:8:
	 6 | #import <StoreKit/StoreKit.h>
	 7 | #import "FIATransactionCache.h"
	 8 | #import "FLTPaymentQueueHandlerProtocol.h"
	   |         `- note: in file included from <HOME>/.pub-cache/hosted/pub.dev/in_app_purchase_storekit-0.4.4/darwin/in_app_purchase_storekit/Sources/in_app_purchase_storekit_objc/include/in_app_purchase_storekit_objc/FIAPaymentQueueHandler.h:8:
	 9 | #import "FLTPaymentQueueProtocol.h"
	10 | #import "FLTTransactionCacheProtocol.h"

	<HOME>/.pub-cache/hosted/pub.dev/in_app_purchase_storekit-0.4.4/darwin/in_app_purchase_storekit/Sources/in_app_purchase_storekit_objc/include/in_app_purchase_storekit_objc/FLTPaymentQueueHandlerProtocol.h:25:5: warning: 'SKStorefront' is deprecated: first deprecated in iOS 18.0 - Use Storefront.
	 23 | /// An object containing the location and unique identifier of an Apple App Store storefront.
	 24 | @property(nonatomic, readonly, nullable)
	 25 |     SKStorefront *storefront API_AVAILABLE(ios(13.0), macos(10.15), watchos(6.2));
	    |     `- warning: 'SKStorefront' is deprecated: first deprecated in iOS 18.0 - Use Storefront.
	 26 |
	 27 | /// Creates a new FIAPaymentQueueHandler.

	/Applications/Xcode.app/Contents/Developer/Platforms/iPhoneSimulator.platform/Developer/SDKs/iPhoneSimulator26.2.sdk/System/Library/Frameworks/StoreKit.framework/Headers/SKStorefront.h:16:12: note: 'SKStorefront' has been explicitly marked deprecated here
	14 | API_DEPRECATED("Use Storefront.", ios(13.0, 18.0), macos(10.15, 15.0), watchos(6.2, 11.0), visionos(1.0, 2.0))
	15 | NS_SWIFT_SENDABLE
	16 | @interface SKStorefront : NSObject
	   |            `- note: 'SKStorefront' has been explicitly marked deprecated here
	17 |
	18 | /* The three letter country code for the current storefront */

	<module-includes>:1:9: note: in file included from <module-includes>:1:
	1 | #import "Headers/in_app_purchase_storekit-umbrella.h"
	  |         `- note: in file included from <module-includes>:1:
	2 |

	<REPO>/apps/mobile/ios/Pods/Target Support Files/in_app_purchase_storekit/in_app_purchase_storekit-umbrella.h:14:9: note: in file included from <REPO>/apps/mobile/ios/Pods/Target Support Files/in_app_purchase_storekit/in_app_purchase_storekit-umbrella.h:14:
	12 |
	13 | #import "FIAObjectTranslator.h"
	14 | #import "FIAPaymentQueueHandler.h"
	   |         `- note: in file included from <REPO>/apps/mobile/ios/Pods/Target Support Files/in_app_purchase_storekit/in_app_purchase_storekit-umbrella.h:14:
	15 | #import "FIAPPaymentQueueDelegate.h"
	16 | #import "FIAPReceiptManager.h"

	<HOME>/.pub-cache/hosted/pub.dev/in_app_purchase_storekit-0.4.4/darwin/in_app_purchase_storekit/Sources/in_app_purchase_storekit_objc/include/in_app_purchase_storekit_objc/FIAPaymentQueueHandler.h:8:9: note: in file included from <HOME>/.pub-cache/hosted/pub.dev/in_app_purchase_storekit-0.4.4/darwin/in_app_purchase_storekit/Sources/in_app_purchase_storekit_objc/include/in_app_purchase_storekit_objc/FIAPaymentQueueHandler.h:8:
	 6 | #import <StoreKit/StoreKit.h>
	 7 | #import "FIATransactionCache.h"
	 8 | #import "FLTPaymentQueueHandlerProtocol.h"
	   |         `- note: in file included from <HOME>/.pub-cache/hosted/pub.dev/in_app_purchase_storekit-0.4.4/darwin/in_app_purchase_storekit/Sources/in_app_purchase_storekit_objc/include/in_app_purchase_storekit_objc/FIAPaymentQueueHandler.h:8:
	 9 | #import "FLTPaymentQueueProtocol.h"
	10 | #import "FLTTransactionCacheProtocol.h"

	<HOME>/.pub-cache/hosted/pub.dev/in_app_purchase_storekit-0.4.4/darwin/in_app_purchase_storekit/Sources/in_app_purchase_storekit_objc/include/in_app_purchase_storekit_objc/FLTPaymentQueueHandlerProtocol.h:74:36: warning: 'SKPaymentTransaction' is deprecated: first deprecated in iOS 18.0 - Use PurchaseResult from Product.purchase(confirmIn:options:).
	 72 |
	 73 | /// Can throw exceptions if the transaction type is purchasing, should always used in a @try block.
	 74 | - (void)finishTransaction:(nonnull SKPaymentTransaction *)transaction;
	    |                                    `- warning: 'SKPaymentTransaction' is deprecated: first deprecated in iOS 18.0 - Use PurchaseResult from Product.purchase(confirmIn:options:).
	 75 |
	 76 | /// Attempt to restore transactions. Require app store receipt url.

	/Applications/Xcode.app/Contents/Developer/Platforms/iPhoneSimulator.platform/Developer/SDKs/iPhoneSimulator26.2.sdk/System/Library/Frameworks/StoreKit.framework/Headers/SKPaymentTransaction.h:27:12: note: 'SKPaymentTransaction' has been explicitly marked deprecated here
	25 | API_DEPRECATED("Use PurchaseResult from Product.purchase(confirmIn:options:).",ios(3.0, 18.0), macos(10.7, 15.0), watchos(6.2, 11.0), visionos(1.0, 2.0))
	26 | NS_SWIFT_SENDABLE
	27 | @interface SKPaymentTransaction : NSObject {
	   |            `- note: 'SKPaymentTransaction' has been explicitly marked deprecated here
	28 | @private
	29 |     id _internal;

	<module-includes>:1:9: note: in file included from <module-includes>:1:
	1 | #import "Headers/in_app_purchase_storekit-umbrella.h"
	  |         `- note: in file included from <module-includes>:1:
	2 |

	<REPO>/apps/mobile/ios/Pods/Target Support Files/in_app_purchase_storekit/in_app_purchase_storekit-umbrella.h:14:9: note: in file included from <REPO>/apps/mobile/ios/Pods/Target Support Files/in_app_purchase_storekit/in_app_purchase_storekit-umbrella.h:14:
	12 |
	13 | #import "FIAObjectTranslator.h"
	14 | #import "FIAPaymentQueueHandler.h"
	   |         `- note: in file included from <REPO>/apps/mobile/ios/Pods/Target Support Files/in_app_purchase_storekit/in_app_purchase_storekit-umbrella.h:14:
	15 | #import "FIAPPaymentQueueDelegate.h"
	16 | #import "FIAPReceiptManager.h"

	<HOME>/.pub-cache/hosted/pub.dev/in_app_purchase_storekit-0.4.4/darwin/in_app_purchase_storekit/Sources/in_app_purchase_storekit_objc/include/in_app_purchase_storekit_objc/FIAPaymentQueueHandler.h:8:9: note: in file included from <HOME>/.pub-cache/hosted/pub.dev/in_app_purchase_storekit-0.4.4/darwin/in_app_purchase_storekit/Sources/in_app_purchase_storekit_objc/include/in_app_purchase_storekit_objc/FIAPaymentQueueHandler.h:8:
	 6 | #import <StoreKit/StoreKit.h>
	 7 | #import "FIATransactionCache.h"
	 8 | #import "FLTPaymentQueueHandlerProtocol.h"
	   |         `- note: in file included from <HOME>/.pub-cache/hosted/pub.dev/in_app_purchase_storekit-0.4.4/darwin/in_app_purchase_storekit/Sources/in_app_purchase_storekit_objc/include/in_app_purchase_storekit_objc/FIAPaymentQueueHandler.h:8:
	 9 | #import "FLTPaymentQueueProtocol.h"
	10 | #import "FLTTransactionCacheProtocol.h"

	<HOME>/.pub-cache/hosted/pub.dev/in_app_purchase_storekit-0.4.4/darwin/in_app_purchase_storekit/Sources/in_app_purchase_storekit_objc/include/in_app_purchase_storekit_objc/FLTPaymentQueueHandlerProtocol.h:83:12: warning: 'SKPaymentTransaction' is deprecated: first deprecated in iOS 18.0 - Use PurchaseResult from Product.purchase(confirmIn:options:).
	 81 |
	 82 | /// Return all transactions that are not marked as complete.
	 83 | - (NSArray<SKPaymentTransaction *> *)getUnfinishedTransactions;
	    |            `- warning: 'SKPaymentTransaction' is deprecated: first deprecated in iOS 18.0 - Use PurchaseResult from Product.purchase(confirmIn:options:).
	 84 |
	 85 | /// This method needs to be called before any other methods.

	/Applications/Xcode.app/Contents/Developer/Platforms/iPhoneSimulator.platform/Developer/SDKs/iPhoneSimulator26.2.sdk/System/Library/Frameworks/StoreKit.framework/Headers/SKPaymentTransaction.h:27:12: note: 'SKPaymentTransaction' has been explicitly marked deprecated here
	25 | API_DEPRECATED("Use PurchaseResult from Product.purchase(confirmIn:options:).",ios(3.0, 18.0), macos(10.7, 15.0), watchos(6.2, 11.0), visionos(1.0, 2.0))
	26 | NS_SWIFT_SENDABLE
	27 | @interface SKPaymentTransaction : NSObject {
	   |            `- note: 'SKPaymentTransaction' has been explicitly marked deprecated here
	28 | @private
	29 |     id _internal;

	<module-includes>:1:9: note: in file included from <module-includes>:1:
	1 | #import "Headers/in_app_purchase_storekit-umbrella.h"
	  |         `- note: in file included from <module-includes>:1:
	2 |

	<REPO>/apps/mobile/ios/Pods/Target Support Files/in_app_purchase_storekit/in_app_purchase_storekit-umbrella.h:14:9: note: in file included from <REPO>/apps/mobile/ios/Pods/Target Support Files/in_app_purchase_storekit/in_app_purchase_storekit-umbrella.h:14:
	12 |
	13 | #import "FIAObjectTranslator.h"
	14 | #import "FIAPaymentQueueHandler.h"
	   |         `- note: in file included from <REPO>/apps/mobile/ios/Pods/Target Support Files/in_app_purchase_storekit/in_app_purchase_storekit-umbrella.h:14:
	15 | #import "FIAPPaymentQueueDelegate.h"
	16 | #import "FIAPReceiptManager.h"

	<HOME>/.pub-cache/hosted/pub.dev/in_app_purchase_storekit-0.4.4/darwin/in_app_purchase_storekit/Sources/in_app_purchase_storekit_objc/include/in_app_purchase_storekit_objc/FIAPaymentQueueHandler.h:8:9: note: in file included from <HOME>/.pub-cache/hosted/pub.dev/in_app_purchase_storekit-0.4.4/darwin/in_app_purchase_storekit/Sources/in_app_purchase_storekit_objc/include/in_app_purchase_storekit_objc/FIAPaymentQueueHandler.h:8:
	 6 | #import <StoreKit/StoreKit.h>
	 7 | #import "FIATransactionCache.h"
	 8 | #import "FLTPaymentQueueHandlerProtocol.h"
	   |         `- note: in file included from <HOME>/.pub-cache/hosted/pub.dev/in_app_purchase_storekit-0.4.4/darwin/in_app_purchase_storekit/Sources/in_app_purchase_storekit_objc/include/in_app_purchase_storekit_objc/FIAPaymentQueueHandler.h:8:
	 9 | #import "FLTPaymentQueueProtocol.h"
	10 | #import "FLTTransactionCacheProtocol.h"

	<HOME>/.pub-cache/hosted/pub.dev/in_app_purchase_storekit-0.4.4/darwin/in_app_purchase_storekit/Sources/in_app_purchase_storekit_objc/include/in_app_purchase_storekit_objc/FLTPaymentQueueHandlerProtocol.h:95:21: warning: 'SKPayment' is deprecated: first deprecated in iOS 18.0 - Use Product.purchase(confirmIn:options:).
	 93 | /// @param payment Payment object to be added to the payment queue.
	 94 | /// @return whether "addPayment" was successful.
	 95 | - (BOOL)addPayment:(SKPayment *)payment;
	    |                     `- warning: 'SKPayment' is deprecated: first deprecated in iOS 18.0 - Use Product.purchase(confirmIn:options:).
	 96 |
	 97 | /// Displays the price consent sheet.

	/Applications/Xcode.app/Contents/Developer/Platforms/iPhoneSimulator.platform/Developer/SDKs/iPhoneSimulator26.2.sdk/System/Library/Frameworks/StoreKit.framework/Headers/SKPayment.h:19:12: note: 'SKPayment' has been explicitly marked deprecated here
	17 | API_DEPRECATED("Use Product.purchase(confirmIn:options:).", ios(3.0, 18.0), macos(10.7, 15.0), watchos(6.2, 11.0), visionos(1.0, 2.0))
	18 | NS_SWIFT_NONSENDABLE
	19 | @interface SKPayment : NSObject <NSCopying, NSMutableCopying> {
	   |            `- note: 'SKPayment' has been explicitly marked deprecated here
	20 | @private
	21 |     id _internal;

	<module-includes>:1:9: note: in file included from <module-includes>:1:
	1 | #import "Headers/in_app_purchase_storekit-umbrella.h"
	  |         `- note: in file included from <module-includes>:1:
	2 |

	<REPO>/apps/mobile/ios/Pods/Target Support Files/in_app_purchase_storekit/in_app_purchase_storekit-umbrella.h:14:9: note: in file included from <REPO>/apps/mobile/ios/Pods/Target Support Files/in_app_purchase_storekit/in_app_purchase_storekit-umbrella.h:14:
	12 |
	13 | #import "FIAObjectTranslator.h"
	14 | #import "FIAPaymentQueueHandler.h"
	   |         `- note: in file included from <REPO>/apps/mobile/ios/Pods/Target Support Files/in_app_purchase_storekit/in_app_purchase_storekit-umbrella.h:14:
	15 | #import "FIAPPaymentQueueDelegate.h"
	16 | #import "FIAPReceiptManager.h"

	<HOME>/.pub-cache/hosted/pub.dev/in_app_purchase_storekit-0.4.4/darwin/in_app_purchase_storekit/Sources/in_app_purchase_storekit_objc/include/in_app_purchase_storekit_objc/FIAPaymentQueueHandler.h:17:17: warning: 'SKPaymentTransactionObserver' is deprecated: first deprecated in iOS 18.0 - Use StoreKit 2 Transaction APIs.
	15 |
	16 | @interface FIAPaymentQueueHandler
	17 |     : NSObject <SKPaymentTransactionObserver, FLTPaymentQueueHandlerProtocol>
	   |                 `- warning: 'SKPaymentTransactionObserver' is deprecated: first deprecated in iOS 18.0 - Use StoreKit 2 Transaction APIs.
	18 | @end
	19 |

	/Applications/Xcode.app/Contents/Developer/Platforms/iPhoneSimulator.platform/Developer/SDKs/iPhoneSimulator26.2.sdk/System/Library/Frameworks/StoreKit.framework/Headers/SKPaymentQueue.h:91:11: note: 'SKPaymentTransactionObserver' has been explicitly marked deprecated here
	 89 |
	 90 | API_DEPRECATED("Use StoreKit 2 Transaction APIs.", ios(3.0, 18.0), tvos(9.0, 18.0), macos(10.7, 15.0), watchos(6.2, 11.0), visionos(1.0, 2.0))
	 91 | @protocol SKPaymentTransactionObserver <NSObject>
	    |           `- note: 'SKPaymentTransactionObserver' has been explicitly marked deprecated here
	 92 | @required
	 93 | // Sent when the transaction array has changed (additions or state changes).  Client should check state of transactions and finish as appropriate.

	<module-includes>:1:9: note: in file included from <module-includes>:1:
	1 | #import "Headers/in_app_purchase_storekit-umbrella.h"
	  |         `- note: in file included from <module-includes>:1:
	2 |

	<REPO>/apps/mobile/ios/Pods/Target Support Files/in_app_purchase_storekit/in_app_purchase_storekit-umbrella.h:15:9: note: in file included from <REPO>/apps/mobile/ios/Pods/Target Support Files/in_app_purchase_storekit/in_app_purchase_storekit-umbrella.h:15:
	13 | #import "FIAObjectTranslator.h"
	14 | #import "FIAPaymentQueueHandler.h"
	15 | #import "FIAPPaymentQueueDelegate.h"
	   |         `- note: in file included from <REPO>/apps/mobile/ios/Pods/Target Support Files/in_app_purchase_storekit/in_app_purchase_storekit-umbrella.h:15:
	16 | #import "FIAPReceiptManager.h"
	17 | #import "FIAPRequestHandler.h"

	<HOME>/.pub-cache/hosted/pub.dev/in_app_purchase_storekit-0.4.4/darwin/in_app_purchase_storekit/Sources/in_app_purchase_storekit_objc/include/in_app_purchase_storekit_objc/FIAPPaymentQueueDelegate.h:19:49: warning: 'SKPaymentQueueDelegate' is deprecated: first deprecated in iOS 18.0 - No longer supported.
	17 | API_AVAILABLE(ios(13), macos(10.15))
	18 | API_UNAVAILABLE(tvos, watchos)
	19 | @interface FIAPPaymentQueueDelegate : NSObject <SKPaymentQueueDelegate>
	   |                                                 `- warning: 'SKPaymentQueueDelegate' is deprecated: first deprecated in iOS 18.0 - No longer supported.
	20 | - (id)initWithMethodChannel:(id<FLTMethodChannelProtocol>)methodChannel;
	21 | @end

	/Applications/Xcode.app/Contents/Developer/Platforms/iPhoneSimulator.platform/Developer/SDKs/iPhoneSimulator26.2.sdk/System/Library/Frameworks/StoreKit.framework/Headers/SKPaymentQueue.h:78:11: note: 'SKPaymentQueueDelegate' has been explicitly marked deprecated here
	 76 |
	 77 | API_DEPRECATED("No longer supported.", ios(13.0, 18.0), tvos(13.0, 18.0), macos(10.15, 15.0), watchos(6.2, 11.0), visionos(1.0, 2.0))
	 78 | @protocol SKPaymentQueueDelegate <NSObject>
	    |           `- note: 'SKPaymentQueueDelegate' has been explicitly marked deprecated here
	 79 | @optional
	 80 | // Sent when the storefront changes while a payment is processing.

	<module-includes>:1:9: note: in file included from <module-includes>:1:
	1 | #import "Headers/in_app_purchase_storekit-umbrella.h"
	  |         `- note: in file included from <module-includes>:1:
	2 |

	<REPO>/apps/mobile/ios/Pods/Target Support Files/in_app_purchase_storekit/in_app_purchase_storekit-umbrella.h:17:9: note: in file included from <REPO>/apps/mobile/ios/Pods/Target Support Files/in_app_purchase_storekit/in_app_purchase_storekit-umbrella.h:17:
	15 | #import "FIAPPaymentQueueDelegate.h"
	16 | #import "FIAPReceiptManager.h"
	17 | #import "FIAPRequestHandler.h"
	   |         `- note: in file included from <REPO>/apps/mobile/ios/Pods/Target Support Files/in_app_purchase_storekit/in_app_purchase_storekit-umbrella.h:17:
	18 | #import "FIATransactionCache.h"
	19 | #import "FLTMethodChannelProtocol.h"

	<HOME>/.pub-cache/hosted/pub.dev/in_app_purchase_storekit-0.4.4/darwin/in_app_purchase_storekit/Sources/in_app_purchase_storekit_objc/include/in_app_purchase_storekit_objc/FIAPRequestHandler.h:7:9: note: in file included from <HOME>/.pub-cache/hosted/pub.dev/in_app_purchase_storekit-0.4.4/darwin/in_app_purchase_storekit/Sources/in_app_purchase_storekit_objc/include/in_app_purchase_storekit_objc/FIAPRequestHandler.h:7:
	 5 | #import <Foundation/Foundation.h>
	 6 | #import <StoreKit/StoreKit.h>
	 7 | #import "FLTRequestHandlerProtocol.h"
	   |         `- note: in file included from <HOME>/.pub-cache/hosted/pub.dev/in_app_purchase_storekit-0.4.4/darwin/in_app_purchase_storekit/Sources/in_app_purchase_storekit_objc/include/in_app_purchase_storekit_objc/FIAPRequestHandler.h:7:
	 8 |
	 9 | NS_ASSUME_NONNULL_BEGIN

	<HOME>/.pub-cache/hosted/pub.dev/in_app_purchase_storekit-0.4.4/darwin/in_app_purchase_storekit/Sources/in_app_purchase_storekit_objc/include/in_app_purchase_storekit_objc/FLTRequestHandlerProtocol.h:8:42: warning: 'SKProductsResponse' is deprecated: first deprecated in iOS 18.0 - Get products using Product.products(for:).
	 6 |
	 7 | NS_ASSUME_NONNULL_BEGIN
	 8 | typedef void (^ProductRequestCompletion)(SKProductsResponse *_Nullable response,
	   |                                          `- warning: 'SKProductsResponse' is deprecated: first deprecated in iOS 18.0 - Get products using Product.products(for:).
	 9 |                                          NSError *_Nullable errror);
	10 | /// A protocol that wraps SKRequest.

	/Applications/Xcode.app/Contents/Developer/Platforms/iPhoneSimulator.platform/Developer/SDKs/iPhoneSimulator26.2.sdk/System/Library/Frameworks/StoreKit.framework/Headers/SKProductsRequest.h:44:12: note: 'SKProductsResponse' has been explicitly marked deprecated here
	42 | API_DEPRECATED("Get products using Product.products(for:).", ios(3.0, 18.0), macos(10.7, 15.0), watchos(6.2, 11.0), visionos(1.0, 2.0))
	43 | NS_SWIFT_SENDABLE
	44 | @interface SKProductsResponse : NSObject {
	   |            `- note: 'SKProductsResponse' has been explicitly marked deprecated here
	45 | @private
	46 |     id _internal;

	<module-includes>:1:9: note: in file included from <module-includes>:1:
	1 | #import "Headers/in_app_purchase_storekit-umbrella.h"
	  |         `- note: in file included from <module-includes>:1:
	2 |

	<REPO>/apps/mobile/ios/Pods/Target Support Files/in_app_purchase_storekit/in_app_purchase_storekit-umbrella.h:17:9: note: in file included from <REPO>/apps/mobile/ios/Pods/Target Support Files/in_app_purchase_storekit/in_app_purchase_storekit-umbrella.h:17:
	15 | #import "FIAPPaymentQueueDelegate.h"
	16 | #import "FIAPReceiptManager.h"
	17 | #import "FIAPRequestHandler.h"
	   |         `- note: in file included from <REPO>/apps/mobile/ios/Pods/Target Support Files/in_app_purchase_storekit/in_app_purchase_storekit-umbrella.h:17:
	18 | #import "FIATransactionCache.h"
	19 | #import "FLTMethodChannelProtocol.h"

	42 warnings generated.
	<HOME>/.pub-cache/hosted/pub.dev/in_app_purchase_storekit-0.4.4/darwin/in_app_purchase_storekit/Sources/in_app_purchase_storekit_objc/include/in_app_purchase_storekit_objc/FIAPRequestHandler.h:13:34: warning: 'SKRequest' is deprecated: first deprecated in iOS 18.0 - No longer supported.
	11 | @interface FIAPRequestHandler : NSObject <FLTRequestHandlerProtocol>
	12 |
	13 | - (instancetype)initWithRequest:(SKRequest *)request;
	   |                                  `- warning: 'SKRequest' is deprecated: first deprecated in iOS 18.0 - No longer supported.
	14 | - (void)startProductRequestWithCompletionHandler:(ProductRequestCompletion)completion;
	15 |

	/Applications/Xcode.app/Contents/Developer/Platforms/iPhoneSimulator.platform/Developer/SDKs/iPhoneSimulator26.2.sdk/System/Library/Frameworks/StoreKit.framework/Headers/SKRequest.h:19:12: note: 'SKRequest' has been explicitly marked deprecated here
	17 | API_DEPRECATED("No longer supported.", ios(3.0, 18.0), macos(10.7, 15.0), watchos(6.2, 11.0), visionos(1.0, 2.0))
	18 | NS_SWIFT_NONSENDABLE
	19 | @interface SKRequest : NSObject {
	   |            `- note: 'SKRequest' has been explicitly marked deprecated here
	20 | @private
	21 |     id _requestInternal;
	<REPO>/apps/mobile/ios/Pods/Sentry/Sources/Swift/Integrations/Performance/IO/Data+SentryTracing.swift:1:22: warning: using '@_implementationOnly' without enabling library evolution for 'Sentry' may lead to instability during execution
	@_implementationOnly import _SentryPrivate
	                     ^
	<REPO>/apps/mobile/ios/Pods/Sentry/Sources/Swift/Integrations/Performance/IO/FileManager+SentryTracing.swift:1:22: warning: using '@_implementationOnly' without enabling library evolution for 'Sentry' may lead to instability during execution
	@_implementationOnly import _SentryPrivate
	                     ^
	<REPO>/apps/mobile/ios/Pods/Sentry/Sources/Swift/Tools/LoadValidator.swift:1:22: warning: using '@_implementationOnly' without enabling library evolution for 'Sentry' may lead to instability during execution
	@_implementationOnly import _SentryPrivate
	                     ^
	<REPO>/apps/mobile/ios/Pods/Sentry/Sources/Swift/SentryAppState.swift:1:22: warning: using '@_implementationOnly' without enabling library evolution for 'Sentry' may lead to instability during execution
	@_implementationOnly import _SentryPrivate
	                     ^
	<REPO>/apps/mobile/ios/Pods/Sentry/Sources/Swift/Core/Helper/SentryBinaryImageCache.swift:1:22: warning: using '@_implementationOnly' without enabling library evolution for 'Sentry' may lead to instability during execution
	@_implementationOnly import _SentryPrivate
	                     ^
	<REPO>/apps/mobile/ios/Pods/Sentry/Sources/Swift/Protocol/Codable/SentryBreadcrumbCodable.swift:1:22: warning: using '@_implementationOnly' without enabling library evolution for 'Sentry' may lead to instability during execution
	@_implementationOnly import _SentryPrivate
	                     ^
	<REPO>/apps/mobile/ios/Pods/Sentry/Sources/Swift/Protocol/Codable/SentryCodable.swift:1:22: warning: using '@_implementationOnly' without enabling library evolution for 'Sentry' may lead to instability during execution
	@_implementationOnly import _SentryPrivate
	                     ^
	<REPO>/apps/mobile/ios/Pods/Sentry/Sources/Swift/SentryCrash/SentryCrashWrapper.swift:1:22: warning: using '@_implementationOnly' without enabling library evolution for 'Sentry' may lead to instability during execution
	@_implementationOnly import _SentryPrivate
	                     ^
	<REPO>/apps/mobile/ios/Pods/Sentry/Sources/Swift/Protocol/Codable/SentryDebugMetaCodable.swift:1:22: warning: using '@_implementationOnly' without enabling library evolution for 'Sentry' may lead to instability during execution
	@_implementationOnly import _SentryPrivate
	                     ^
	<REPO>/apps/mobile/ios/Pods/Sentry/Sources/Swift/Helper/SentryDispatchQueueWrapper.swift:1:22: warning: using '@_implementationOnly' without enabling library evolution for 'Sentry' may lead to instability during execution
	@_implementationOnly import _SentryPrivate
	                     ^
	<REPO>/apps/mobile/ios/Pods/Sentry/Sources/Swift/Helper/SentryDispatchSourceWrapper.swift:1:22: warning: using '@_implementationOnly' without enabling library evolution for 'Sentry' may lead to instability during execution
	@_implementationOnly import _SentryPrivate
	                     ^
	<REPO>/apps/mobile/ios/Pods/Sentry/Sources/Swift/Helper/SentryEnabledFeaturesBuilder.swift:1:22: warning: using '@_implementationOnly' without enabling library evolution for 'Sentry' may lead to instability during execution
	@_implementationOnly import _SentryPrivate
	                     ^
	<REPO>/apps/mobile/ios/Pods/Sentry/Sources/Swift/Tools/SentryEnvelope.swift:1:22: warning: using '@_implementationOnly' without enabling library evolution for 'Sentry' may lead to instability during execution
	@_implementationOnly import _SentryPrivate
	                     ^
	<REPO>/apps/mobile/ios/Pods/Sentry/Sources/Swift/Tools/SentryEnvelopeHeader.swift:1:22: warning: using '@_implementationOnly' without enabling library evolution for 'Sentry' may lead to instability during execution
	@_implementationOnly import _SentryPrivate
	                     ^
	<REPO>/apps/mobile/ios/Pods/Sentry/Sources/Swift/Tools/SentryEnvelopeItem.swift:1:22: warning: using '@_implementationOnly' without enabling library evolution for 'Sentry' may lead to instability during execution
	@_implementationOnly import _SentryPrivate
	                     ^
	<REPO>/apps/mobile/ios/Pods/Sentry/Sources/Swift/Protocol/Codable/SentryEventCodable.swift:1:22: warning: using '@_implementationOnly' without enabling library evolution for 'Sentry' may lead to instability during execution
	@_implementationOnly import _SentryPrivate
	                     ^
	<REPO>/apps/mobile/ios/Pods/Sentry/Sources/Swift/Protocol/Codable/SentryExceptionCodable.swift:1:22: warning: using '@_implementationOnly' without enabling library evolution for 'Sentry' may lead to instability during execution
	@_implementationOnly import _SentryPrivate
	                     ^
	<REPO>/apps/mobile/ios/Pods/Sentry/Sources/Swift/Integrations/UserFeedback/SentryFeedback.swift:1:22: warning: using '@_implementationOnly' without enabling library evolution for 'Sentry' may lead to instability during execution
	@_implementationOnly import _SentryPrivate
	                     ^
	<REPO>/apps/mobile/ios/Pods/Sentry/Sources/Swift/Integrations/Performance/IO/SentryFileIOTracker+SwiftHelpers.swift:1:22: warning: using '@_implementationOnly' without enabling library evolution for 'Sentry' may lead to instability during execution
	@_implementationOnly import _SentryPrivate
	                     ^
	<REPO>/apps/mobile/ios/Pods/Sentry/Sources/Swift/Protocol/Codable/SentryFrameCodable.swift:1:22: warning: using '@_implementationOnly' without enabling library evolution for 'Sentry' may lead to instability during execution
	@_implementationOnly import _SentryPrivate
	                     ^
	<REPO>/apps/mobile/ios/Pods/Sentry/Sources/Swift/Protocol/Codable/SentryGeoCodable.swift:1:22: warning: using '@_implementationOnly' without enabling library evolution for 'Sentry' may lead to instability during execution
	@_implementationOnly import _SentryPrivate
	                     ^
	<REPO>/apps/mobile/ios/Pods/Sentry/Sources/Swift/Tools/SentryLogBatcher.swift:1:22: warning: using '@_implementationOnly' without enabling library evolution for 'Sentry' may lead to instability during execution
	@_implementationOnly import _SentryPrivate
	                     ^
	<REPO>/apps/mobile/ios/Pods/Sentry/Sources/Swift/Tools/SentryLogger.swift:1:22: warning: using '@_implementationOnly' without enabling library evolution for 'Sentry' may lead to instability during execution
	@_implementationOnly import _SentryPrivate
	                     ^
	<REPO>/apps/mobile/ios/Pods/Sentry/Sources/Swift/Protocol/Codable/SentryMechanismCodable.swift:1:22: warning: using '@_implementationOnly' without enabling library evolution for 'Sentry' may lead to instability during execution
	@_implementationOnly import _SentryPrivate
	                     ^
	<REPO>/apps/mobile/ios/Pods/Sentry/Sources/Swift/Protocol/Codable/SentryMechanismMetaCodable.swift:1:22: warning: using '@_implementationOnly' without enabling library evolution for 'Sentry' may lead to instability during execution
	@_implementationOnly import _SentryPrivate
	                     ^
	<REPO>/apps/mobile/ios/Pods/Sentry/Sources/Swift/Protocol/Codable/SentryMessage.swift:1:22: warning: using '@_implementationOnly' without enabling library evolution for 'Sentry' may lead to instability during execution
	@_implementationOnly import _SentryPrivate
	                     ^
	<REPO>/apps/mobile/ios/Pods/Sentry/Sources/Swift/Helper/SentryMigrateSessionInit.swift:1:22: warning: using '@_implementationOnly' without enabling library evolution for 'Sentry' may lead to instability during execution
	@_implementationOnly import _SentryPrivate
	                     ^
	<REPO>/apps/mobile/ios/Pods/Sentry/Sources/Swift/Protocol/Codable/SentryNSErrorCodable.swift:1:22: warning: using '@_implementationOnly' without enabling library evolution for 'Sentry' may lead to instability during execution
	@_implementationOnly import _SentryPrivate
	                     ^
	<REPO>/apps/mobile/ios/Pods/Sentry/Sources/Swift/Integrations/SessionReplay/SentryOnDemandReplay.swift:5:22: warning: using '@_implementationOnly' without enabling library evolution for 'Sentry' may lead to instability during execution
	@_implementationOnly import _SentryPrivate
	                     ^
	<REPO>/apps/mobile/ios/Pods/Sentry/Sources/Swift/Integrations/SessionReplay/SentryReplayEvent.swift:1:22: warning: using '@_implementationOnly' without enabling library evolution for 'Sentry' may lead to instability during execution
	@_implementationOnly import _SentryPrivate
	                     ^
	<REPO>/apps/mobile/ios/Pods/Sentry/Sources/Swift/Integrations/SessionReplay/SentryReplayRecording.swift:1:22: warning: using '@_implementationOnly' without enabling library evolution for 'Sentry' may lead to instability during execution
	@_implementationOnly import _SentryPrivate
	                     ^
	<REPO>/apps/mobile/ios/Pods/Sentry/Sources/Swift/Protocol/Codable/SentryRequestCodable.swift:1:22: warning: using '@_implementationOnly' without enabling library evolution for 'Sentry' may lead to instability during execution
	@_implementationOnly import _SentryPrivate
	                     ^
	<REPO>/apps/mobile/ios/Pods/Sentry/Sources/Swift/Integrations/SessionReplay/RRWeb/SentryRRWebEvent.swift:1:22: warning: using '@_implementationOnly' without enabling library evolution for 'Sentry' may lead to instability during execution
	@_implementationOnly import _SentryPrivate
	                     ^
	<REPO>/apps/mobile/ios/Pods/Sentry/Sources/Swift/Integrations/SessionReplay/RRWeb/SentryRRWebOptionsEvent.swift:1:22: warning: using '@_implementationOnly' without enabling library evolution for 'Sentry' may lead to instability during execution
	@_implementationOnly import _SentryPrivate
	                     ^
	<REPO>/apps/mobile/ios/Pods/Sentry/Sources/Swift/Persistence/SentryScopePersistentStore.swift:1:22: warning: using '@_implementationOnly' without enabling library evolution for 'Sentry' may lead to instability during execution
	@_implementationOnly import _SentryPrivate
	                     ^
	<REPO>/apps/mobile/ios/Pods/Sentry/Sources/Swift/Persistence/SentryScopePersistentStore+Context.swift:1:22: warning: using '@_implementationOnly' without enabling library evolution for 'Sentry' may lead to instability during execution
	@_implementationOnly import _SentryPrivate
	                     ^
	<REPO>/apps/mobile/ios/Pods/Sentry/Sources/Swift/Persistence/SentryScopePersistentStore+Extras.swift:1:22: warning: using '@_implementationOnly' without enabling library evolution for 'Sentry' may lead to instability during execution
	@_implementationOnly import _SentryPrivate
	                     ^
	<REPO>/apps/mobile/ios/Pods/Sentry/Sources/Swift/Persistence/SentryScopePersistentStore+Fingerprint.swift:1:22: warning: using '@_implementationOnly' without enabling library evolution for 'Sentry' may lead to instability during execution
	@_implementationOnly import _SentryPrivate
	                     ^
	<REPO>/apps/mobile/ios/Pods/Sentry/Sources/Swift/Persistence/SentryScopePersistentStore+Helper.swift:1:22: warning: using '@_implementationOnly' without enabling library evolution for 'Sentry' may lead to instability during execution
	@_implementationOnly import _SentryPrivate
	                     ^
	<REPO>/apps/mobile/ios/Pods/Sentry/Sources/Swift/Persistence/SentryScopePersistentStore+Tags.swift:1:22: warning: using '@_implementationOnly' without enabling library evolution for 'Sentry' may lead to instability during execution
	@_implementationOnly import _SentryPrivate
	                     ^
	<REPO>/apps/mobile/ios/Pods/Sentry/Sources/Swift/Persistence/SentryScopePersistentStore+User.swift:1:22: warning: using '@_implementationOnly' without enabling library evolution for 'Sentry' may lead to instability during execution
	@_implementationOnly import _SentryPrivate
	                     ^
	<REPO>/apps/mobile/ios/Pods/Sentry/Sources/Swift/Core/Tools/ViewCapture/SentryScreenshotSource.swift:4:22: warning: using '@_implementationOnly' without enabling library evolution for 'Sentry' may lead to instability during execution
	@_implementationOnly import _SentryPrivate
	                     ^
	<REPO>/apps/mobile/ios/Pods/Sentry/Sources/Swift/Helper/SentrySDK.swift:2:22: warning: using '@_implementationOnly' without enabling library evolution for 'Sentry' may lead to instability during execution
	@_implementationOnly import _SentryPrivate
	                     ^
	<REPO>/apps/mobile/ios/Pods/Sentry/Sources/Swift/Helper/SentrySdkInfo.swift:1:22: warning: using '@_implementationOnly' without enabling library evolution for 'Sentry' may lead to instability during execution
	@_implementationOnly import _SentryPrivate
	                     ^
	<REPO>/apps/mobile/ios/Pods/Sentry/Sources/Swift/Tools/SentrySDKLog+Configure.swift:1:22: warning: using '@_implementationOnly' without enabling library evolution for 'Sentry' may lead to instability during execution
	@_implementationOnly import _SentryPrivate
	                     ^
	<REPO>/apps/mobile/ios/Pods/Sentry/Sources/Swift/Helper/SentrySdkPackage.swift:1:22: warning: using '@_implementationOnly' without enabling library evolution for 'Sentry' may lead to instability during execution
	@_implementationOnly import _SentryPrivate
	                     ^
	<REPO>/apps/mobile/ios/Pods/Sentry/Sources/Swift/Helper/SentrySerializationSwift.swift:1:22: warning: using '@_implementationOnly' without enabling library evolution for 'Sentry' may lead to instability during execution
	@_implementationOnly import _SentryPrivate
	                     ^
	<REPO>/apps/mobile/ios/Pods/Sentry/Sources/Swift/SentrySession.swift:1:22: warning: using '@_implementationOnly' without enabling library evolution for 'Sentry' may lead to instability during execution
	@_implementationOnly import _SentryPrivate
	                     ^
	<REPO>/apps/mobile/ios/Pods/Sentry/Sources/Swift/Integrations/SessionReplay/SentrySessionReplay.swift:3:22: warning: using '@_implementationOnly' without enabling library evolution for 'Sentry' may lead to instability during execution
	@_implementationOnly import _SentryPrivate
	                     ^
	<REPO>/apps/mobile/ios/Pods/Sentry/Sources/Swift/Integrations/SessionReplay/SentrySRDefaultBreadcrumbConverter.swift:1:22: warning: using '@_implementationOnly' without enabling library evolution for 'Sentry' may lead to instability during execution
	@_implementationOnly import _SentryPrivate
	                     ^
	<REPO>/apps/mobile/ios/Pods/Sentry/Sources/Swift/Protocol/Codable/SentryStacktraceCodable.swift:1:22: warning: using '@_implementationOnly' without enabling library evolution for 'Sentry' may lead to instability during execution
	@_implementationOnly import _SentryPrivate
	                     ^
	<REPO>/apps/mobile/ios/Pods/Sentry/Sources/Swift/Helper/SentrySysctl.swift:1:22: warning: using '@_implementationOnly' without enabling library evolution for 'Sentry' may lead to instability during execution
	@_implementationOnly import _SentryPrivate
	                     ^
	<REPO>/apps/mobile/ios/Pods/Sentry/Sources/Swift/Protocol/Codable/SentryThreadCodable.swift:1:22: warning: using '@_implementationOnly' without enabling library evolution for 'Sentry' may lead to instability during execution
	@_implementationOnly import _SentryPrivate
	                     ^
	<REPO>/apps/mobile/ios/Pods/Sentry/Sources/Swift/Integrations/SessionReplay/SentryTouchTracker.swift:3:22: warning: using '@_implementationOnly' without enabling library evolution for 'Sentry' may lead to instability during execution
	@_implementationOnly import _SentryPrivate
	                     ^
	<REPO>/apps/mobile/ios/Pods/Sentry/Sources/Swift/Tools/SentryURLRequestFactory.swift:1:22: warning: using '@_implementationOnly' without enabling library evolution for 'Sentry' may lead to instability during execution
	@_implementationOnly import _SentryPrivate
	                     ^
	<REPO>/apps/mobile/ios/Pods/Sentry/Sources/Swift/Protocol/Codable/SentryUserCodable.swift:1:22: warning: using '@_implementationOnly' without enabling library evolution for 'Sentry' may lead to instability during execution
	@_implementationOnly import _SentryPrivate
	                     ^
	<REPO>/apps/mobile/ios/Pods/Sentry/Sources/Swift/Integrations/UserFeedback/SentryUserFeedbackFormViewModel.swift:5:22: warning: using '@_implementationOnly' without enabling library evolution for 'Sentry' may lead to instability during execution
	@_implementationOnly import _SentryPrivate
	                     ^
	<REPO>/apps/mobile/ios/Pods/Sentry/Sources/Swift/Integrations/UserFeedback/SentryUserFeedbackIntegrationDriver.swift:3:22: warning: using '@_implementationOnly' without enabling library evolution for 'Sentry' may lead to instability during execution
	@_implementationOnly import _SentryPrivate
	                     ^
	<REPO>/apps/mobile/ios/Pods/Sentry/Sources/Swift/Integrations/UserFeedback/SentryUserFeedbackWidgetButtonMegaphoneIconView.swift:3:22: warning: using '@_implementationOnly' without enabling library evolution for 'Sentry' may lead to instability during execution
	@_implementationOnly import _SentryPrivate
	                     ^
	<REPO>/apps/mobile/ios/Pods/Sentry/Sources/Swift/Integrations/UserFeedback/SentryUserFeedbackWidgetButtonView.swift:3:22: warning: using '@_implementationOnly' without enabling library evolution for 'Sentry' may lead to instability during execution
	@_implementationOnly import _SentryPrivate
	                     ^
	<REPO>/apps/mobile/ios/Pods/Sentry/Sources/Swift/Tools/SentryViewHierarchyProvider.swift:3:22: warning: using '@_implementationOnly' without enabling library evolution for 'Sentry' may lead to instability during execution
	@_implementationOnly import _SentryPrivate
	                     ^
	<REPO>/apps/mobile/ios/Pods/Sentry/Sources/Swift/Core/Tools/ViewCapture/SentryViewPhotographer.swift:4:22: warning: using '@_implementationOnly' without enabling library evolution for 'Sentry' may lead to instability during execution
	@_implementationOnly import _SentryPrivate
	                     ^
	<REPO>/apps/mobile/ios/Pods/Sentry/Sources/Swift/Integrations/WatchdogTerminations/Processors/SentryWatchdogTerminationAttributesProcessor.swift:1:22: warning: using '@_implementationOnly' without enabling library evolution for 'Sentry' may lead to instability during execution
	@_implementationOnly import _SentryPrivate
	                     ^
	<HOME>/.pub-cache/hosted/pub.dev/flutter_doc_scanner-0.0.20/ios/Classes/AutoScanViewController.swift:51:16: warning: 'contentEdgeInsets' was deprecated in iOS 15.0: This property is ignored when using UIButtonConfiguration
	        button.contentEdgeInsets = UIEdgeInsets(top: 8, left: 14, bottom: 8, right: 14)
	               ^
	<module-includes>:1:9: note: in file included from <module-includes>:1:
	1 | #import "Headers/in_app_purchase_storekit-umbrella.h"
	  |         `- note: in file included from <module-includes>:1:
	2 |

	<REPO>/apps/mobile/ios/Pods/Target Support Files/in_app_purchase_storekit/in_app_purchase_storekit-umbrella.h:13:9: note: in file included from <REPO>/apps/mobile/ios/Pods/Target Support Files/in_app_purchase_storekit/in_app_purchase_storekit-umbrella.h:13:
	11 | #endif
	12 |
	13 | #import "FIAObjectTranslator.h"
	   |         `- note: in file included from <REPO>/apps/mobile/ios/Pods/Target Support Files/in_app_purchase_storekit/in_app_purchase_storekit-umbrella.h:13:
	14 | #import "FIAPaymentQueueHandler.h"
	15 | #import "FIAPPaymentQueueDelegate.h"

	<HOME>/.pub-cache/hosted/pub.dev/in_app_purchase_storekit-0.4.4/darwin/in_app_purchase_storekit/Sources/in_app_purchase_storekit_objc/include/in_app_purchase_storekit_objc/FIAObjectTranslator.h:14:40: warning: 'SKProduct' is deprecated: first deprecated in iOS 18.0 - Use Product.
	12 |
	13 | // Converts an instance of SKProduct into a dictionary.
	14 | + (NSDictionary *)getMapFromSKProduct:(SKProduct *)product;
	   |                                        `- warning: 'SKProduct' is deprecated: first deprecated in iOS 18.0 - Use Product.
	15 |
	16 | // Converts an instance of SKProductSubscriptionPeriod into a dictionary.

	/Applications/Xcode.app/Contents/Developer/Platforms/iPhoneSimulator.platform/Developer/SDKs/iPhoneSimulator26.2.sdk/System/Library/Frameworks/StoreKit.framework/Headers/SKProduct.h:41:12: note: 'SKProduct' has been explicitly marked deprecated here
	39 | API_DEPRECATED("Use Product.", ios(3.0, 18.0), macos(10.7, 15.0), watchos(6.2, 11.0), visionos(1.0, 2.0))
	40 | NS_SWIFT_SENDABLE
	41 | @interface SKProduct : NSObject {
	   |            `- note: 'SKProduct' has been explicitly marked deprecated here
	42 | @private
	43 |     id _internal;

	<module-includes>:1:9: note: in file included from <module-includes>:1:
	1 | #import "Headers/in_app_purchase_storekit-umbrella.h"
	  |         `- note: in file included from <module-includes>:1:
	2 |

	<REPO>/apps/mobile/ios/Pods/Target Support Files/in_app_purchase_storekit/in_app_purchase_storekit-umbrella.h:13:9: note: in file included from <REPO>/apps/mobile/ios/Pods/Target Support Files/in_app_purchase_storekit/in_app_purchase_storekit-umbrella.h:13:
	11 | #endif
	12 |
	13 | #import "FIAObjectTranslator.h"
	   |         `- note: in file included from <REPO>/apps/mobile/ios/Pods/Target Support Files/in_app_purchase_storekit/in_app_purchase_storekit-umbrella.h:13:
	14 | #import "FIAPaymentQueueHandler.h"
	15 | #import "FIAPPaymentQueueDelegate.h"

	<HOME>/.pub-cache/hosted/pub.dev/in_app_purchase_storekit-0.4.4/darwin/in_app_purchase_storekit/Sources/in_app_purchase_storekit_objc/include/in_app_purchase_storekit_objc/FIAObjectTranslator.h:17:58: warning: 'SKProductSubscriptionPeriod' is deprecated: first deprecated in iOS 18.0 - Use Product.SubscriptionPeriod.
	15 |
	16 | // Converts an instance of SKProductSubscriptionPeriod into a dictionary.
	17 | + (NSDictionary *)getMapFromSKProductSubscriptionPeriod:(SKProductSubscriptionPeriod *)period
	   |                                                          `- warning: 'SKProductSubscriptionPeriod' is deprecated: first deprecated in iOS 18.0 - Use Product.SubscriptionPeriod.
	18 |     API_AVAILABLE(ios(11.2));
	19 |

	/Applications/Xcode.app/Contents/Developer/Platforms/iPhoneSimulator.platform/Developer/SDKs/iPhoneSimulator26.2.sdk/System/Library/Frameworks/StoreKit.framework/Headers/SKProduct.h:27:12: note: 'SKProductSubscriptionPeriod' has been explicitly marked deprecated here
	25 | API_DEPRECATED("Use Product.SubscriptionPeriod.", ios(11.2, 18.0), macos(10.13.2, 15.0), watchos(6.2, 11.0), visionos(1.0, 2.0))
	26 | NS_SWIFT_SENDABLE
	27 | @interface SKProductSubscriptionPeriod : NSObject {
	   |            `- note: 'SKProductSubscriptionPeriod' has been explicitly marked deprecated here
	28 | @private
	29 |     id _internal;

	<module-includes>:1:9: note: in file included from <module-includes>:1:
	1 | #import "Headers/in_app_purchase_storekit-umbrella.h"
	  |         `- note: in file included from <module-includes>:1:
	2 |

	<REPO>/apps/mobile/ios/Pods/Target Support Files/in_app_purchase_storekit/in_app_purchase_storekit-umbrella.h:13:9: note: in file included from <REPO>/apps/mobile/ios/Pods/Target Support Files/in_app_purchase_storekit/in_app_purchase_storekit-umbrella.h:13:
	11 | #endif
	12 |
	13 | #import "FIAObjectTranslator.h"
	   |         `- note: in file included from <REPO>/apps/mobile/ios/Pods/Target Support Files/in_app_purchase_storekit/in_app_purchase_storekit-umbrella.h:13:
	14 | #import "FIAPaymentQueueHandler.h"
	15 | #import "FIAPPaymentQueueDelegate.h"

	<HOME>/.pub-cache/hosted/pub.dev/in_app_purchase_storekit-0.4.4/darwin/in_app_purchase_storekit/Sources/in_app_purchase_storekit_objc/include/in_app_purchase_storekit_objc/FIAObjectTranslator.h:21:48: warning: 'SKProductDiscount' is deprecated: first deprecated in iOS 18.0 - Use Product.SubscriptionOffer.
	19 |
	20 | // Converts an instance of SKProductDiscount into a dictionary.
	21 | + (NSDictionary *)getMapFromSKProductDiscount:(SKProductDiscount *)discount
	   |                                                `- warning: 'SKProductDiscount' is deprecated: first deprecated in iOS 18.0 - Use Product.SubscriptionOffer.
	22 |     API_AVAILABLE(ios(11.2));
	23 |

	/Applications/Xcode.app/Contents/Developer/Platforms/iPhoneSimulator.platform/Developer/SDKs/iPhoneSimulator26.2.sdk/System/Library/Frameworks/StoreKit.framework/Headers/SKProductDiscount.h:33:12: note: 'SKProductDiscount' has been explicitly marked deprecated here
	31 | API_DEPRECATED("Use Product.SubscriptionOffer.", ios(11.2, 18.0), macos(10.13.2, 15.0), watchos(6.2, 11.0), visionos(1.0, 2.0))
	32 | NS_SWIFT_SENDABLE
	33 | @interface SKProductDiscount : NSObject {
	   |            `- note: 'SKProductDiscount' has been explicitly marked deprecated here
	34 | @private
	35 |     id _internal;

	<module-includes>:1:9: note: in file included from <module-includes>:1:
	1 | #import "Headers/in_app_purchase_storekit-umbrella.h"
	  |         `- note: in file included from <module-includes>:1:
	2 |

	<REPO>/apps/mobile/ios/Pods/Target Support Files/in_app_purchase_storekit/in_app_purchase_storekit-umbrella.h:13:9: note: in file included from <REPO>/apps/mobile/ios/Pods/Target Support Files/in_app_purchase_storekit/in_app_purchase_storekit-umbrella.h:13:
	11 | #endif
	12 |
	13 | #import "FIAObjectTranslator.h"
	   |         `- note: in file included from <REPO>/apps/mobile/ios/Pods/Target Support Files/in_app_purchase_storekit/in_app_purchase_storekit-umbrella.h:13:
	14 | #import "FIAPaymentQueueHandler.h"
	15 | #import "FIAPPaymentQueueDelegate.h"

	<HOME>/.pub-cache/hosted/pub.dev/in_app_purchase_storekit-0.4.4/darwin/in_app_purchase_storekit/Sources/in_app_purchase_storekit_objc/include/in_app_purchase_storekit_objc/FIAObjectTranslator.h:26:22: warning: 'SKProductDiscount' is deprecated: first deprecated in iOS 18.0 - Use Product.SubscriptionOffer.
	24 | // Converts an array of SKProductDiscount instances into an array of dictionaries.
	25 | + (nonnull NSArray *)getMapArrayFromSKProductDiscounts:
	26 |     (nonnull NSArray<SKProductDiscount *> *)productDiscounts API_AVAILABLE(ios(12.2));
	   |                      `- warning: 'SKProductDiscount' is deprecated: first deprecated in iOS 18.0 - Use Product.SubscriptionOffer.
	27 |
	28 | // Converts an instance of SKProductsResponse into a dictionary.

	/Applications/Xcode.app/Contents/Developer/Platforms/iPhoneSimulator.platform/Developer/SDKs/iPhoneSimulator26.2.sdk/System/Library/Frameworks/StoreKit.framework/Headers/SKProductDiscount.h:33:12: note: 'SKProductDiscount' has been explicitly marked deprecated here
	31 | API_DEPRECATED("Use Product.SubscriptionOffer.", ios(11.2, 18.0), macos(10.13.2, 15.0), watchos(6.2, 11.0), visionos(1.0, 2.0))
	32 | NS_SWIFT_SENDABLE
	33 | @interface SKProductDiscount : NSObject {
	   |            `- note: 'SKProductDiscount' has been explicitly marked deprecated here
	34 | @private
	35 |     id _internal;

	<module-includes>:1:9: note: in file included from <module-includes>:1:
	1 | #import "Headers/in_app_purchase_storekit-umbrella.h"
	  |         `- note: in file included from <module-includes>:1:
	2 |

	<REPO>/apps/mobile/ios/Pods/Target Support Files/in_app_purchase_storekit/in_app_purchase_storekit-umbrella.h:13:9: note: in file included from <REPO>/apps/mobile/ios/Pods/Target Support Files/in_app_purchase_storekit/in_app_purchase_storekit-umbrella.h:13:
	11 | #endif
	12 |
	13 | #import "FIAObjectTranslator.h"
	   |         `- note: in file included from <REPO>/apps/mobile/ios/Pods/Target Support Files/in_app_purchase_storekit/in_app_purchase_storekit-umbrella.h:13:
	14 | #import "FIAPaymentQueueHandler.h"
	15 | #import "FIAPPaymentQueueDelegate.h"

	<HOME>/.pub-cache/hosted/pub.dev/in_app_purchase_storekit-0.4.4/darwin/in_app_purchase_storekit/Sources/in_app_purchase_storekit_objc/include/in_app_purchase_storekit_objc/FIAObjectTranslator.h:29:49: warning: 'SKProductsResponse' is deprecated: first deprecated in iOS 18.0 - Get products using Product.products(for:).
	27 |
	28 | // Converts an instance of SKProductsResponse into a dictionary.
	29 | + (NSDictionary *)getMapFromSKProductsResponse:(SKProductsResponse *)productResponse;
	   |                                                 `- warning: 'SKProductsResponse' is deprecated: first deprecated in iOS 18.0 - Get products using Product.products(for:).
	30 |
	31 | // Converts an instance of SKPayment into a dictionary.

	/Applications/Xcode.app/Contents/Developer/Platforms/iPhoneSimulator.platform/Developer/SDKs/iPhoneSimulator26.2.sdk/System/Library/Frameworks/StoreKit.framework/Headers/SKProductsRequest.h:44:12: note: 'SKProductsResponse' has been explicitly marked deprecated here
	42 | API_DEPRECATED("Get products using Product.products(for:).", ios(3.0, 18.0), macos(10.7, 15.0), watchos(6.2, 11.0), visionos(1.0, 2.0))
	43 | NS_SWIFT_SENDABLE
	44 | @interface SKProductsResponse : NSObject {
	   |            `- note: 'SKProductsResponse' has been explicitly marked deprecated here
	45 | @private
	46 |     id _internal;

	<module-includes>:1:9: note: in file included from <module-includes>:1:
	1 | #import "Headers/in_app_purchase_storekit-umbrella.h"
	  |         `- note: in file included from <module-includes>:1:
	2 |

	<REPO>/apps/mobile/ios/Pods/Target Support Files/in_app_purchase_storekit/in_app_purchase_storekit-umbrella.h:13:9: note: in file included from <REPO>/apps/mobile/ios/Pods/Target Support Files/in_app_purchase_storekit/in_app_purchase_storekit-umbrella.h:13:
	11 | #endif
	12 |
	13 | #import "FIAObjectTranslator.h"
	   |         `- note: in file included from <REPO>/apps/mobile/ios/Pods/Target Support Files/in_app_purchase_storekit/in_app_purchase_storekit-umbrella.h:13:
	14 | #import "FIAPaymentQueueHandler.h"
	15 | #import "FIAPPaymentQueueDelegate.h"

	<HOME>/.pub-cache/hosted/pub.dev/in_app_purchase_storekit-0.4.4/darwin/in_app_purchase_storekit/Sources/in_app_purchase_storekit_objc/include/in_app_purchase_storekit_objc/FIAObjectTranslator.h:32:40: warning: 'SKPayment' is deprecated: first deprecated in iOS 18.0 - Use Product.purchase(confirmIn:options:).
	30 |
	31 | // Converts an instance of SKPayment into a dictionary.
	32 | + (NSDictionary *)getMapFromSKPayment:(SKPayment *)payment;
	   |                                        `- warning: 'SKPayment' is deprecated: first deprecated in iOS 18.0 - Use Product.purchase(confirmIn:options:).
	33 |
	34 | // Converts an instance of NSLocale into a dictionary.

	/Applications/Xcode.app/Contents/Developer/Platforms/iPhoneSimulator.platform/Developer/SDKs/iPhoneSimulator26.2.sdk/System/Library/Frameworks/StoreKit.framework/Headers/SKPayment.h:19:12: note: 'SKPayment' has been explicitly marked deprecated here
	17 | API_DEPRECATED("Use Product.purchase(confirmIn:options:).", ios(3.0, 18.0), macos(10.7, 15.0), watchos(6.2, 11.0), visionos(1.0, 2.0))
	18 | NS_SWIFT_NONSENDABLE
	19 | @interface SKPayment : NSObject <NSCopying, NSMutableCopying> {
	   |            `- note: 'SKPayment' has been explicitly marked deprecated here
	20 | @private
	21 |     id _internal;

	<module-includes>:1:9: note: in file included from <module-includes>:1:
	1 | #import "Headers/in_app_purchase_storekit-umbrella.h"
	  |         `- note: in file included from <module-includes>:1:
	2 |

	<REPO>/apps/mobile/ios/Pods/Target Support Files/in_app_purchase_storekit/in_app_purchase_storekit-umbrella.h:13:9: note: in file included from <REPO>/apps/mobile/ios/Pods/Target Support Files/in_app_purchase_storekit/in_app_purchase_storekit-umbrella.h:13:
	11 | #endif
	12 |
	13 | #import "FIAObjectTranslator.h"
	   |         `- note: in file included from <REPO>/apps/mobile/ios/Pods/Target Support Files/in_app_purchase_storekit/in_app_purchase_storekit-umbrella.h:13:
	14 | #import "FIAPaymentQueueHandler.h"
	15 | #import "FIAPPaymentQueueDelegate.h"

	<HOME>/.pub-cache/hosted/pub.dev/in_app_purchase_storekit-0.4.4/darwin/in_app_purchase_storekit/Sources/in_app_purchase_storekit_objc/include/in_app_purchase_storekit_objc/FIAObjectTranslator.h:38:4: warning: 'SKMutablePayment' is deprecated: first deprecated in iOS 18.0 - Use Product.purchase(confirmIn:options:).
	36 |
	37 | // Creates an instance of the SKMutablePayment class based on the supplied dictionary.
	38 | + (SKMutablePayment *)getSKMutablePaymentFromMap:(NSDictionary *)map;
	   |    `- warning: 'SKMutablePayment' is deprecated: first deprecated in iOS 18.0 - Use Product.purchase(confirmIn:options:).
	39 |
	40 | // Converts an instance of SKPaymentTransaction into a dictionary.

	/Applications/Xcode.app/Contents/Developer/Platforms/iPhoneSimulator.platform/Developer/SDKs/iPhoneSimulator26.2.sdk/System/Library/Frameworks/StoreKit.framework/Headers/SKPayment.h:52:12: note: 'SKMutablePayment' has been explicitly marked deprecated here
	50 | API_DEPRECATED("Use Product.purchase(confirmIn:options:).", ios(3.0, 18.0), macos(10.7, 15.0), watchos(6.2, 11.0), visionos(1.0, 2.0))
	51 | NS_SWIFT_NONSENDABLE
	52 | @interface SKMutablePayment : SKPayment
	   |            `- note: 'SKMutablePayment' has been explicitly marked deprecated here
	53 |
	54 | @property(nonatomic, copy, readwrite, nullable) NSString *applicationUsername API_DEPRECATED("Create a Product.PurchaseOption.appAccountToken to use in Product.purchase(confirmIn:options:).", ios(7.0, 18.0), macos(10.9, 15.0), watchos(6.2, 11.0), visionos(1.0, 2.0));

	<module-includes>:1:9: note: in file included from <module-includes>:1:
	1 | #import "Headers/in_app_purchase_storekit-umbrella.h"
	  |         `- note: in file included from <module-includes>:1:
	2 |

	<REPO>/apps/mobile/ios/Pods/Target Support Files/in_app_purchase_storekit/in_app_purchase_storekit-umbrella.h:13:9: note: in file included from <REPO>/apps/mobile/ios/Pods/Target Support Files/in_app_purchase_storekit/in_app_purchase_storekit-umbrella.h:13:
	11 | #endif
	12 |
	13 | #import "FIAObjectTranslator.h"
	   |         `- note: in file included from <REPO>/apps/mobile/ios/Pods/Target Support Files/in_app_purchase_storekit/in_app_purchase_storekit-umbrella.h:13:
	14 | #import "FIAPaymentQueueHandler.h"
	15 | #import "FIAPPaymentQueueDelegate.h"

	<HOME>/.pub-cache/hosted/pub.dev/in_app_purchase_storekit-0.4.4/darwin/in_app_purchase_storekit/Sources/in_app_purchase_storekit_objc/include/in_app_purchase_storekit_objc/FIAObjectTranslator.h:41:51: warning: 'SKPaymentTransaction' is deprecated: first deprecated in iOS 18.0 - Use PurchaseResult from Product.purchase(confirmIn:options:).
	39 |
	40 | // Converts an instance of SKPaymentTransaction into a dictionary.
	41 | + (NSDictionary *)getMapFromSKPaymentTransaction:(SKPaymentTransaction *)transaction;
	   |                                                   `- warning: 'SKPaymentTransaction' is deprecated: first deprecated in iOS 18.0 - Use PurchaseResult from Product.purchase(confirmIn:options:).
	42 |
	43 | // Converts an instance of NSError into a dictionary.

	/Applications/Xcode.app/Contents/Developer/Platforms/iPhoneSimulator.platform/Developer/SDKs/iPhoneSimulator26.2.sdk/System/Library/Frameworks/StoreKit.framework/Headers/SKPaymentTransaction.h:27:12: note: 'SKPaymentTransaction' has been explicitly marked deprecated here
	25 | API_DEPRECATED("Use PurchaseResult from Product.purchase(confirmIn:options:).",ios(3.0, 18.0), macos(10.7, 15.0), watchos(6.2, 11.0), visionos(1.0, 2.0))
	26 | NS_SWIFT_SENDABLE
	27 | @interface SKPaymentTransaction : NSObject {
	   |            `- note: 'SKPaymentTransaction' has been explicitly marked deprecated here
	28 | @private
	29 |     id _internal;

	<module-includes>:1:9: note: in file included from <module-includes>:1:
	1 | #import "Headers/in_app_purchase_storekit-umbrella.h"
	  |         `- note: in file included from <module-includes>:1:
	2 |

	<REPO>/apps/mobile/ios/Pods/Target Support Files/in_app_purchase_storekit/in_app_purchase_storekit-umbrella.h:13:9: note: in file included from <REPO>/apps/mobile/ios/Pods/Target Support Files/in_app_purchase_storekit/in_app_purchase_storekit-umbrella.h:13:
	11 | #endif
	12 |
	13 | #import "FIAObjectTranslator.h"
	   |         `- note: in file included from <REPO>/apps/mobile/ios/Pods/Target Support Files/in_app_purchase_storekit/in_app_purchase_storekit-umbrella.h:13:
	14 | #import "FIAPaymentQueueHandler.h"
	15 | #import "FIAPPaymentQueueDelegate.h"

	<HOME>/.pub-cache/hosted/pub.dev/in_app_purchase_storekit-0.4.4/darwin/in_app_purchase_storekit/Sources/in_app_purchase_storekit_objc/include/in_app_purchase_storekit_objc/FIAObjectTranslator.h:47:43: warning: 'SKStorefront' is deprecated: first deprecated in iOS 18.0 - Use Storefront.
	45 |
	46 | // Converts an instance of SKStorefront into a dictionary.
	47 | + (NSDictionary *)getMapFromSKStorefront:(SKStorefront *)storefront
	   |                                           `- warning: 'SKStorefront' is deprecated: first deprecated in iOS 18.0 - Use Storefront.
	48 |     API_AVAILABLE(ios(13), macos(10.15), watchos(6.2));
	49 |

	/Applications/Xcode.app/Contents/Developer/Platforms/iPhoneSimulator.platform/Developer/SDKs/iPhoneSimulator26.2.sdk/System/Library/Frameworks/StoreKit.framework/Headers/SKStorefront.h:16:12: note: 'SKStorefront' has been explicitly marked deprecated here
	14 | API_DEPRECATED("Use Storefront.", ios(13.0, 18.0), macos(10.15, 15.0), watchos(6.2, 11.0), visionos(1.0, 2.0))
	15 | NS_SWIFT_SENDABLE
	16 | @interface SKStorefront : NSObject
	   |            `- note: 'SKStorefront' has been explicitly marked deprecated here
	17 |
	18 | /* The three letter country code for the current storefront */

	<module-includes>:1:9: note: in file included from <module-includes>:1:
	1 | #import "Headers/in_app_purchase_storekit-umbrella.h"
	  |         `- note: in file included from <module-includes>:1:
	2 |

	<REPO>/apps/mobile/ios/Pods/Target Support Files/in_app_purchase_storekit/in_app_purchase_storekit-umbrella.h:13:9: note: in file included from <REPO>/apps/mobile/ios/Pods/Target Support Files/in_app_purchase_storekit/in_app_purchase_storekit-umbrella.h:13:
	11 | #endif
	12 |
	13 | #import "FIAObjectTranslator.h"
	   |         `- note: in file included from <REPO>/apps/mobile/ios/Pods/Target Support Files/in_app_purchase_storekit/in_app_purchase_storekit-umbrella.h:13:
	14 | #import "FIAPaymentQueueHandler.h"
	15 | #import "FIAPPaymentQueueDelegate.h"

	<HOME>/.pub-cache/hosted/pub.dev/in_app_purchase_storekit-0.4.4/darwin/in_app_purchase_storekit/Sources/in_app_purchase_storekit_objc/include/in_app_purchase_storekit_objc/FIAObjectTranslator.h:51:43: warning: 'SKStorefront' is deprecated: first deprecated in iOS 18.0 - Use Storefront.
	49 |
	50 | // Converts the supplied instances of SKStorefront and SKPaymentTransaction into a dictionary.
	51 | + (NSDictionary *)getMapFromSKStorefront:(SKStorefront *)storefront
	   |                                           `- warning: 'SKStorefront' is deprecated: first deprecated in iOS 18.0 - Use Storefront.
	52 |                  andSKPaymentTransaction:(SKPaymentTransaction *)transaction
	53 |     API_AVAILABLE(ios(13), macos(10.15), watchos(6.2));

	/Applications/Xcode.app/Contents/Developer/Platforms/iPhoneSimulator.platform/Developer/SDKs/iPhoneSimulator26.2.sdk/System/Library/Frameworks/StoreKit.framework/Headers/SKStorefront.h:16:12: note: 'SKStorefront' has been explicitly marked deprecated here
	14 | API_DEPRECATED("Use Storefront.", ios(13.0, 18.0), macos(10.15, 15.0), watchos(6.2, 11.0), visionos(1.0, 2.0))
	15 | NS_SWIFT_SENDABLE
	16 | @interface SKStorefront : NSObject
	   |            `- note: 'SKStorefront' has been explicitly marked deprecated here
	17 |
	18 | /* The three letter country code for the current storefront */

	<module-includes>:1:9: note: in file included from <module-includes>:1:
	1 | #import "Headers/in_app_purchase_storekit-umbrella.h"
	  |         `- note: in file included from <module-includes>:1:
	2 |

	<REPO>/apps/mobile/ios/Pods/Target Support Files/in_app_purchase_storekit/in_app_purchase_storekit-umbrella.h:13:9: note: in file included from <REPO>/apps/mobile/ios/Pods/Target Support Files/in_app_purchase_storekit/in_app_purchase_storekit-umbrella.h:13:
	11 | #endif
	12 |
	13 | #import "FIAObjectTranslator.h"
	   |         `- note: in file included from <REPO>/apps/mobile/ios/Pods/Target Support Files/in_app_purchase_storekit/in_app_purchase_storekit-umbrella.h:13:
	14 | #import "FIAPaymentQueueHandler.h"
	15 | #import "FIAPPaymentQueueDelegate.h"

	<HOME>/.pub-cache/hosted/pub.dev/in_app_purchase_storekit-0.4.4/darwin/in_app_purchase_storekit/Sources/in_app_purchase_storekit_objc/include/in_app_purchase_storekit_objc/FIAObjectTranslator.h:52:43: warning: 'SKPaymentTransaction' is deprecated: first deprecated in iOS 18.0 - Use PurchaseResult from Product.purchase(confirmIn:options:).
	50 | // Converts the supplied instances of SKStorefront and SKPaymentTransaction into a dictionary.
	51 | + (NSDictionary *)getMapFromSKStorefront:(SKStorefront *)storefront
	52 |                  andSKPaymentTransaction:(SKPaymentTransaction *)transaction
	   |                                           `- warning: 'SKPaymentTransaction' is deprecated: first deprecated in iOS 18.0 - Use PurchaseResult from Product.purchase(confirmIn:options:).
	53 |     API_AVAILABLE(ios(13), macos(10.15), watchos(6.2));
	54 |

	/Applications/Xcode.app/Contents/Developer/Platforms/iPhoneSimulator.platform/Developer/SDKs/iPhoneSimulator26.2.sdk/System/Library/Frameworks/StoreKit.framework/Headers/SKPaymentTransaction.h:27:12: note: 'SKPaymentTransaction' has been explicitly marked deprecated here
	25 | API_DEPRECATED("Use PurchaseResult from Product.purchase(confirmIn:options:).",ios(3.0, 18.0), macos(10.7, 15.0), watchos(6.2, 11.0), visionos(1.0, 2.0))
	26 | NS_SWIFT_SENDABLE
	27 | @interface SKPaymentTransaction : NSObject {
	   |            `- note: 'SKPaymentTransaction' has been explicitly marked deprecated here
	28 | @private
	29 |     id _internal;

	<module-includes>:1:9: note: in file included from <module-includes>:1:
	1 | #import "Headers/in_app_purchase_storekit-umbrella.h"
	  |         `- note: in file included from <module-includes>:1:
	2 |

	<REPO>/apps/mobile/ios/Pods/Target Support Files/in_app_purchase_storekit/in_app_purchase_storekit-umbrella.h:13:9: note: in file included from <REPO>/apps/mobile/ios/Pods/Target Support Files/in_app_purchase_storekit/in_app_purchase_storekit-umbrella.h:13:
	11 | #endif
	12 |
	13 | #import "FIAObjectTranslator.h"
	   |         `- note: in file included from <REPO>/apps/mobile/ios/Pods/Target Support Files/in_app_purchase_storekit/in_app_purchase_storekit-umbrella.h:13:
	14 | #import "FIAPaymentQueueHandler.h"
	15 | #import "FIAPPaymentQueueDelegate.h"

	<HOME>/.pub-cache/hosted/pub.dev/in_app_purchase_storekit-0.4.4/darwin/in_app_purchase_storekit/Sources/in_app_purchase_storekit_objc/include/in_app_purchase_storekit_objc/FIAObjectTranslator.h:56:13: warning: 'SKPaymentDiscount' is deprecated: first deprecated in iOS 18.0 - Create a Product.PurchaseOption.promotionalOffer to use in Product.purchase(confirmIn:options:).
	54 |
	55 | // Creates an instance of the SKPaymentDiscount class based on the supplied dictionary.
	56 | + (nullable SKPaymentDiscount *)getSKPaymentDiscountFromMap:(NSDictionary *)map
	   |             `- warning: 'SKPaymentDiscount' is deprecated: first deprecated in iOS 18.0 - Create a Product.PurchaseOption.promotionalOffer to use in Product.purchase(confirmIn:options:).
	57 |                                                   withError:(NSString *_Nullable *_Nullable)error
	58 |     API_AVAILABLE(ios(12.2));

	/Applications/Xcode.app/Contents/Developer/Platforms/iPhoneSimulator.platform/Developer/SDKs/iPhoneSimulator26.2.sdk/System/Library/Frameworks/StoreKit.framework/Headers/SKPaymentDiscount.h:16:12: note: 'SKPaymentDiscount' has been explicitly marked deprecated here
	14 | API_DEPRECATED("Create a Product.PurchaseOption.promotionalOffer to use in Product.purchase(confirmIn:options:).", ios(12.2, 18.0), tvos(12.2, 18.0), macos(10.14.4, 15.0), watchos(6.2, 11.0), visionos(1.0, 2.0))
	15 | NS_SWIFT_SENDABLE
	16 | @interface SKPaymentDiscount : NSObject {
	   |            `- note: 'SKPaymentDiscount' has been explicitly marked deprecated here
	17 | @private
	18 |     id _internal;

	<module-includes>:1:9: note: in file included from <module-includes>:1:
	1 | #import "Headers/in_app_purchase_storekit-umbrella.h"
	  |         `- note: in file included from <module-includes>:1:
	2 |

	<REPO>/apps/mobile/ios/Pods/Target Support Files/in_app_purchase_storekit/in_app_purchase_storekit-umbrella.h:13:9: note: in file included from <REPO>/apps/mobile/ios/Pods/Target Support Files/in_app_purchase_storekit/in_app_purchase_storekit-umbrella.h:13:
	11 | #endif
	12 |
	13 | #import "FIAObjectTranslator.h"
	   |         `- note: in file included from <REPO>/apps/mobile/ios/Pods/Target Support Files/in_app_purchase_storekit/in_app_purchase_storekit-umbrella.h:13:
	14 | #import "FIAPaymentQueueHandler.h"
	15 | #import "FIAPPaymentQueueDelegate.h"

	<HOME>/.pub-cache/hosted/pub.dev/in_app_purchase_storekit-0.4.4/darwin/in_app_purchase_storekit/Sources/in_app_purchase_storekit_objc/include/in_app_purchase_storekit_objc/FIAObjectTranslator.h:61:15: warning: 'SKPaymentTransaction' is deprecated: first deprecated in iOS 18.0 - Use PurchaseResult from Product.purchase(confirmIn:options:).
	59 |
	60 | + (nullable FIASKPaymentTransactionMessage *)convertTransactionToPigeon:
	61 |     (nullable SKPaymentTransaction *)transaction;
	   |               `- warning: 'SKPaymentTransaction' is deprecated: first deprecated in iOS 18.0 - Use PurchaseResult from Product.purchase(confirmIn:options:).
	62 |
	63 | + (nullable FIASKStorefrontMessage *)convertStorefrontToPigeon:(nullable SKStorefront *)storefront

	/Applications/Xcode.app/Contents/Developer/Platforms/iPhoneSimulator.platform/Developer/SDKs/iPhoneSimulator26.2.sdk/System/Library/Frameworks/StoreKit.framework/Headers/SKPaymentTransaction.h:27:12: note: 'SKPaymentTransaction' has been explicitly marked deprecated here
	25 | API_DEPRECATED("Use PurchaseResult from Product.purchase(confirmIn:options:).",ios(3.0, 18.0), macos(10.7, 15.0), watchos(6.2, 11.0), visionos(1.0, 2.0))
	26 | NS_SWIFT_SENDABLE
	27 | @interface SKPaymentTransaction : NSObject {
	   |            `- note: 'SKPaymentTransaction' has been explicitly marked deprecated here
	28 | @private
	29 |     id _internal;

	<module-includes>:1:9: note: in file included from <module-includes>:1:
	1 | #import "Headers/in_app_purchase_storekit-umbrella.h"
	  |         `- note: in file included from <module-includes>:1:
	2 |

	<REPO>/apps/mobile/ios/Pods/Target Support Files/in_app_purchase_storekit/in_app_purchase_storekit-umbrella.h:13:9: note: in file included from <REPO>/apps/mobile/ios/Pods/Target Support Files/in_app_purchase_storekit/in_app_purchase_storekit-umbrella.h:13:
	11 | #endif
	12 |
	13 | #import "FIAObjectTranslator.h"
	   |         `- note: in file included from <REPO>/apps/mobile/ios/Pods/Target Support Files/in_app_purchase_storekit/in_app_purchase_storekit-umbrella.h:13:
	14 | #import "FIAPaymentQueueHandler.h"
	15 | #import "FIAPPaymentQueueDelegate.h"

	<HOME>/.pub-cache/hosted/pub.dev/in_app_purchase_storekit-0.4.4/darwin/in_app_purchase_storekit/Sources/in_app_purchase_storekit_objc/include/in_app_purchase_storekit_objc/FIAObjectTranslator.h:63:74: warning: 'SKStorefront' is deprecated: first deprecated in iOS 18.0 - Use Storefront.
	61 |     (nullable SKPaymentTransaction *)transaction;
	62 |
	63 | + (nullable FIASKStorefrontMessage *)convertStorefrontToPigeon:(nullable SKStorefront *)storefront
	   |                                                                          `- warning: 'SKStorefront' is deprecated: first deprecated in iOS 18.0 - Use Storefront.
	64 |     API_AVAILABLE(ios(13.0));
	65 |

	/Applications/Xcode.app/Contents/Developer/Platforms/iPhoneSimulator.platform/Developer/SDKs/iPhoneSimulator26.2.sdk/System/Library/Frameworks/StoreKit.framework/Headers/SKStorefront.h:16:12: note: 'SKStorefront' has been explicitly marked deprecated here
	14 | API_DEPRECATED("Use Storefront.", ios(13.0, 18.0), macos(10.15, 15.0), watchos(6.2, 11.0), visionos(1.0, 2.0))
	15 | NS_SWIFT_SENDABLE
	16 | @interface SKStorefront : NSObject
	   |            `- note: 'SKStorefront' has been explicitly marked deprecated here
	17 |
	18 | /* The three letter country code for the current storefront */

	<module-includes>:1:9: note: in file included from <module-includes>:1:
	1 | #import "Headers/in_app_purchase_storekit-umbrella.h"
	  |         `- note: in file included from <module-includes>:1:
	2 |

	<REPO>/apps/mobile/ios/Pods/Target Support Files/in_app_purchase_storekit/in_app_purchase_storekit-umbrella.h:13:9: note: in file included from <REPO>/apps/mobile/ios/Pods/Target Support Files/in_app_purchase_storekit/in_app_purchase_storekit-umbrella.h:13:
	11 | #endif
	12 |
	13 | #import "FIAObjectTranslator.h"
	   |         `- note: in file included from <REPO>/apps/mobile/ios/Pods/Target Support Files/in_app_purchase_storekit/in_app_purchase_storekit-umbrella.h:13:
	14 | #import "FIAPaymentQueueHandler.h"
	15 | #import "FIAPPaymentQueueDelegate.h"

	<HOME>/.pub-cache/hosted/pub.dev/in_app_purchase_storekit-0.4.4/darwin/in_app_purchase_storekit/Sources/in_app_purchase_storekit_objc/include/in_app_purchase_storekit_objc/FIAObjectTranslator.h:67:15: warning: 'SKPaymentDiscount' is deprecated: first deprecated in iOS 18.0 - Create a Product.PurchaseOption.promotionalOffer to use in Product.purchase(confirmIn:options:).
	65 |
	66 | + (nullable FIASKPaymentDiscountMessage *)convertPaymentDiscountToPigeon:
	67 |     (nullable SKPaymentDiscount *)discount API_AVAILABLE(ios(12.2));
	   |               `- warning: 'SKPaymentDiscount' is deprecated: first deprecated in iOS 18.0 - Create a Product.PurchaseOption.promotionalOffer to use in Product.purchase(confirmIn:options:).
	68 |
	69 | + (nullable FIASKPaymentMessage *)convertPaymentToPigeon:(nullable SKPayment *)payment

	/Applications/Xcode.app/Contents/Developer/Platforms/iPhoneSimulator.platform/Developer/SDKs/iPhoneSimulator26.2.sdk/System/Library/Frameworks/StoreKit.framework/Headers/SKPaymentDiscount.h:16:12: note: 'SKPaymentDiscount' has been explicitly marked deprecated here
	14 | API_DEPRECATED("Create a Product.PurchaseOption.promotionalOffer to use in Product.purchase(confirmIn:options:).", ios(12.2, 18.0), tvos(12.2, 18.0), macos(10.14.4, 15.0), watchos(6.2, 11.0), visionos(1.0, 2.0))
	15 | NS_SWIFT_SENDABLE
	16 | @interface SKPaymentDiscount : NSObject {
	   |            `- note: 'SKPaymentDiscount' has been explicitly marked deprecated here
	17 | @private
	18 |     id _internal;

	<module-includes>:1:9: note: in file included from <module-includes>:1:
	1 | #import "Headers/in_app_purchase_storekit-umbrella.h"
	  |         `- note: in file included from <module-includes>:1:
	2 |

	<REPO>/apps/mobile/ios/Pods/Target Support Files/in_app_purchase_storekit/in_app_purchase_storekit-umbrella.h:13:9: note: in file included from <REPO>/apps/mobile/ios/Pods/Target Support Files/in_app_purchase_storekit/in_app_purchase_storekit-umbrella.h:13:
	11 | #endif
	12 |
	13 | #import "FIAObjectTranslator.h"
	   |         `- note: in file included from <REPO>/apps/mobile/ios/Pods/Target Support Files/in_app_purchase_storekit/in_app_purchase_storekit-umbrella.h:13:
	14 | #import "FIAPaymentQueueHandler.h"
	15 | #import "FIAPPaymentQueueDelegate.h"

	<HOME>/.pub-cache/hosted/pub.dev/in_app_purchase_storekit-0.4.4/darwin/in_app_purchase_storekit/Sources/in_app_purchase_storekit_objc/include/in_app_purchase_storekit_objc/FIAObjectTranslator.h:69:68: warning: 'SKPayment' is deprecated: first deprecated in iOS 18.0 - Use Product.purchase(confirmIn:options:).
	67 |     (nullable SKPaymentDiscount *)discount API_AVAILABLE(ios(12.2));
	68 |
	69 | + (nullable FIASKPaymentMessage *)convertPaymentToPigeon:(nullable SKPayment *)payment
	   |                                                                    `- warning: 'SKPayment' is deprecated: first deprecated in iOS 18.0 - Use Product.purchase(confirmIn:options:).
	70 |     API_AVAILABLE(ios(12.2));
	71 |

	/Applications/Xcode.app/Contents/Developer/Platforms/iPhoneSimulator.platform/Developer/SDKs/iPhoneSimulator26.2.sdk/System/Library/Frameworks/StoreKit.framework/Headers/SKPayment.h:19:12: note: 'SKPayment' has been explicitly marked deprecated here
	17 | API_DEPRECATED("Use Product.purchase(confirmIn:options:).", ios(3.0, 18.0), macos(10.7, 15.0), watchos(6.2, 11.0), visionos(1.0, 2.0))
	18 | NS_SWIFT_NONSENDABLE
	19 | @interface SKPayment : NSObject <NSCopying, NSMutableCopying> {
	   |            `- note: 'SKPayment' has been explicitly marked deprecated here
	20 | @private
	21 |     id _internal;

	<module-includes>:1:9: note: in file included from <module-includes>:1:
	1 | #import "Headers/in_app_purchase_storekit-umbrella.h"
	  |         `- note: in file included from <module-includes>:1:
	2 |

	<REPO>/apps/mobile/ios/Pods/Target Support Files/in_app_purchase_storekit/in_app_purchase_storekit-umbrella.h:13:9: note: in file included from <REPO>/apps/mobile/ios/Pods/Target Support Files/in_app_purchase_storekit/in_app_purchase_storekit-umbrella.h:13:
	11 | #endif
	12 |
	13 | #import "FIAObjectTranslator.h"
	   |         `- note: in file included from <REPO>/apps/mobile/ios/Pods/Target Support Files/in_app_purchase_storekit/in_app_purchase_storekit-umbrella.h:13:
	14 | #import "FIAPaymentQueueHandler.h"
	15 | #import "FIAPPaymentQueueDelegate.h"

	<HOME>/.pub-cache/hosted/pub.dev/in_app_purchase_storekit-0.4.4/darwin/in_app_purchase_storekit/Sources/in_app_purchase_storekit_objc/include/in_app_purchase_storekit_objc/FIAObjectTranslator.h:75:15: warning: 'SKProductsResponse' is deprecated: first deprecated in iOS 18.0 - Get products using Product.products(for:).
	73 |
	74 | + (nullable FIASKProductsResponseMessage *)convertProductsResponseToPigeon:
	75 |     (nullable SKProductsResponse *)payment;
	   |               `- warning: 'SKProductsResponse' is deprecated: first deprecated in iOS 18.0 - Get products using Product.products(for:).
	76 |
	77 | + (nullable FIASKProductMessage *)convertProductToPigeon:(nullable SKProduct *)product

	/Applications/Xcode.app/Contents/Developer/Platforms/iPhoneSimulator.platform/Developer/SDKs/iPhoneSimulator26.2.sdk/System/Library/Frameworks/StoreKit.framework/Headers/SKProductsRequest.h:44:12: note: 'SKProductsResponse' has been explicitly marked deprecated here
	42 | API_DEPRECATED("Get products using Product.products(for:).", ios(3.0, 18.0), macos(10.7, 15.0), watchos(6.2, 11.0), visionos(1.0, 2.0))
	43 | NS_SWIFT_SENDABLE
	44 | @interface SKProductsResponse : NSObject {
	   |            `- note: 'SKProductsResponse' has been explicitly marked deprecated here
	45 | @private
	46 |     id _internal;

	<module-includes>:1:9: note: in file included from <module-includes>:1:
	1 | #import "Headers/in_app_purchase_storekit-umbrella.h"
	  |         `- note: in file included from <module-includes>:1:
	2 |

	<REPO>/apps/mobile/ios/Pods/Target Support Files/in_app_purchase_storekit/in_app_purchase_storekit-umbrella.h:13:9: note: in file included from <REPO>/apps/mobile/ios/Pods/Target Support Files/in_app_purchase_storekit/in_app_purchase_storekit-umbrella.h:13:
	11 | #endif
	12 |
	13 | #import "FIAObjectTranslator.h"
	   |         `- note: in file included from <REPO>/apps/mobile/ios/Pods/Target Support Files/in_app_purchase_storekit/in_app_purchase_storekit-umbrella.h:13:
	14 | #import "FIAPaymentQueueHandler.h"
	15 | #import "FIAPPaymentQueueDelegate.h"

	<HOME>/.pub-cache/hosted/pub.dev/in_app_purchase_storekit-0.4.4/darwin/in_app_purchase_storekit/Sources/in_app_purchase_storekit_objc/include/in_app_purchase_storekit_objc/FIAObjectTranslator.h:77:68: warning: 'SKProduct' is deprecated: first deprecated in iOS 18.0 - Use Product.
	75 |     (nullable SKProductsResponse *)payment;
	76 |
	77 | + (nullable FIASKProductMessage *)convertProductToPigeon:(nullable SKProduct *)product
	   |                                                                    `- warning: 'SKProduct' is deprecated: first deprecated in iOS 18.0 - Use Product.
	78 |     API_AVAILABLE(ios(12.2));
	79 |

	/Applications/Xcode.app/Contents/Developer/Platforms/iPhoneSimulator.platform/Developer/SDKs/iPhoneSimulator26.2.sdk/System/Library/Frameworks/StoreKit.framework/Headers/SKProduct.h:41:12: note: 'SKProduct' has been explicitly marked deprecated here
	39 | API_DEPRECATED("Use Product.", ios(3.0, 18.0), macos(10.7, 15.0), watchos(6.2, 11.0), visionos(1.0, 2.0))
	40 | NS_SWIFT_SENDABLE
	41 | @interface SKProduct : NSObject {
	   |            `- note: 'SKProduct' has been explicitly marked deprecated here
	42 | @private
	43 |     id _internal;

	<module-includes>:1:9: note: in file included from <module-includes>:1:
	1 | #import "Headers/in_app_purchase_storekit-umbrella.h"
	  |         `- note: in file included from <module-includes>:1:
	2 |

	<REPO>/apps/mobile/ios/Pods/Target Support Files/in_app_purchase_storekit/in_app_purchase_storekit-umbrella.h:13:9: note: in file included from <REPO>/apps/mobile/ios/Pods/Target Support Files/in_app_purchase_storekit/in_app_purchase_storekit-umbrella.h:13:
	11 | #endif
	12 |
	13 | #import "FIAObjectTranslator.h"
	   |         `- note: in file included from <REPO>/apps/mobile/ios/Pods/Target Support Files/in_app_purchase_storekit/in_app_purchase_storekit-umbrella.h:13:
	14 | #import "FIAPaymentQueueHandler.h"
	15 | #import "FIAPPaymentQueueDelegate.h"

	<HOME>/.pub-cache/hosted/pub.dev/in_app_purchase_storekit-0.4.4/darwin/in_app_purchase_storekit/Sources/in_app_purchase_storekit_objc/include/in_app_purchase_storekit_objc/FIAObjectTranslator.h:81:15: warning: 'SKProductDiscount' is deprecated: first deprecated in iOS 18.0 - Use Product.SubscriptionOffer.
	79 |
	80 | + (nullable FIASKProductDiscountMessage *)convertProductDiscountToPigeon:
	81 |     (nullable SKProductDiscount *)productDiscount API_AVAILABLE(ios(12.2));
	   |               `- warning: 'SKProductDiscount' is deprecated: first deprecated in iOS 18.0 - Use Product.SubscriptionOffer.
	82 |
	83 | + (nullable FIASKPriceLocaleMessage *)convertNSLocaleToPigeon:(nullable NSLocale *)locale

	/Applications/Xcode.app/Contents/Developer/Platforms/iPhoneSimulator.platform/Developer/SDKs/iPhoneSimulator26.2.sdk/System/Library/Frameworks/StoreKit.framework/Headers/SKProductDiscount.h:33:12: note: 'SKProductDiscount' has been explicitly marked deprecated here
	31 | API_DEPRECATED("Use Product.SubscriptionOffer.", ios(11.2, 18.0), macos(10.13.2, 15.0), watchos(6.2, 11.0), visionos(1.0, 2.0))
	32 | NS_SWIFT_SENDABLE
	33 | @interface SKProductDiscount : NSObject {
	   |            `- note: 'SKProductDiscount' has been explicitly marked deprecated here
	34 | @private
	35 |     id _internal;

	<module-includes>:1:9: note: in file included from <module-includes>:1:
	1 | #import "Headers/in_app_purchase_storekit-umbrella.h"
	  |         `- note: in file included from <module-includes>:1:
	2 |

	<REPO>/apps/mobile/ios/Pods/Target Support Files/in_app_purchase_storekit/in_app_purchase_storekit-umbrella.h:13:9: note: in file included from <REPO>/apps/mobile/ios/Pods/Target Support Files/in_app_purchase_storekit/in_app_purchase_storekit-umbrella.h:13:
	11 | #endif
	12 |
	13 | #import "FIAObjectTranslator.h"
	   |         `- note: in file included from <REPO>/apps/mobile/ios/Pods/Target Support Files/in_app_purchase_storekit/in_app_purchase_storekit-umbrella.h:13:
	14 | #import "FIAPaymentQueueHandler.h"
	15 | #import "FIAPPaymentQueueDelegate.h"

	<HOME>/.pub-cache/hosted/pub.dev/in_app_purchase_storekit-0.4.4/darwin/in_app_purchase_storekit/Sources/in_app_purchase_storekit_objc/include/in_app_purchase_storekit_objc/FIAObjectTranslator.h:87:15: warning: 'SKProductSubscriptionPeriod' is deprecated: first deprecated in iOS 18.0 - Use Product.SubscriptionPeriod.
	85 |
	86 | + (nullable FIASKProductSubscriptionPeriodMessage *)convertSKProductSubscriptionPeriodToPigeon:
	87 |     (nullable SKProductSubscriptionPeriod *)period API_AVAILABLE(ios(12.2));
	   |               `- warning: 'SKProductSubscriptionPeriod' is deprecated: first deprecated in iOS 18.0 - Use Product.SubscriptionPeriod.
	88 | @end
	89 |

	/Applications/Xcode.app/Contents/Developer/Platforms/iPhoneSimulator.platform/Developer/SDKs/iPhoneSimulator26.2.sdk/System/Library/Frameworks/StoreKit.framework/Headers/SKProduct.h:27:12: note: 'SKProductSubscriptionPeriod' has been explicitly marked deprecated here
	25 | API_DEPRECATED("Use Product.SubscriptionPeriod.", ios(11.2, 18.0), macos(10.13.2, 15.0), watchos(6.2, 11.0), visionos(1.0, 2.0))
	26 | NS_SWIFT_SENDABLE
	27 | @interface SKProductSubscriptionPeriod : NSObject {
	   |            `- note: 'SKProductSubscriptionPeriod' has been explicitly marked deprecated here
	28 | @private
	29 |     id _internal;

	<module-includes>:1:9: note: in file included from <module-includes>:1:
	1 | #import "Headers/in_app_purchase_storekit-umbrella.h"
	  |         `- note: in file included from <module-includes>:1:
	2 |

	<REPO>/apps/mobile/ios/Pods/Target Support Files/in_app_purchase_storekit/in_app_purchase_storekit-umbrella.h:14:9: note: in file included from <REPO>/apps/mobile/ios/Pods/Target Support Files/in_app_purchase_storekit/in_app_purchase_storekit-umbrella.h:14:
	12 |
	13 | #import "FIAObjectTranslator.h"
	14 | #import "FIAPaymentQueueHandler.h"
	   |         `- note: in file included from <REPO>/apps/mobile/ios/Pods/Target Support Files/in_app_purchase_storekit/in_app_purchase_storekit-umbrella.h:14:
	15 | #import "FIAPPaymentQueueDelegate.h"
	16 | #import "FIAPReceiptManager.h"

	<HOME>/.pub-cache/hosted/pub.dev/in_app_purchase_storekit-0.4.4/darwin/in_app_purchase_storekit/Sources/in_app_purchase_storekit_objc/include/in_app_purchase_storekit_objc/FIAPaymentQueueHandler.h:8:9: note: in file included from <HOME>/.pub-cache/hosted/pub.dev/in_app_purchase_storekit-0.4.4/darwin/in_app_purchase_storekit/Sources/in_app_purchase_storekit_objc/include/in_app_purchase_storekit_objc/FIAPaymentQueueHandler.h:8:
	 6 | #import <StoreKit/StoreKit.h>
	 7 | #import "FIATransactionCache.h"
	 8 | #import "FLTPaymentQueueHandlerProtocol.h"
	   |         `- note: in file included from <HOME>/.pub-cache/hosted/pub.dev/in_app_purchase_storekit-0.4.4/darwin/in_app_purchase_storekit/Sources/in_app_purchase_storekit_objc/include/in_app_purchase_storekit_objc/FIAPaymentQueueHandler.h:8:
	 9 | #import "FLTPaymentQueueProtocol.h"
	10 | #import "FLTTransactionCacheProtocol.h"

	<HOME>/.pub-cache/hosted/pub.dev/in_app_purchase_storekit-0.4.4/darwin/in_app_purchase_storekit/Sources/in_app_purchase_storekit_objc/include/in_app_purchase_storekit_objc/FLTPaymentQueueHandlerProtocol.h:7:9: note: in file included from <HOME>/.pub-cache/hosted/pub.dev/in_app_purchase_storekit-0.4.4/darwin/in_app_purchase_storekit/Sources/in_app_purchase_storekit_objc/include/in_app_purchase_storekit_objc/FLTPaymentQueueHandlerProtocol.h:7:
	  5 | #import <StoreKit/StoreKit.h>
	  6 | #import "FIATransactionCache.h"
	  7 | #import "FLTPaymentQueueProtocol.h"
	    |         `- note: in file included from <HOME>/.pub-cache/hosted/pub.dev/in_app_purchase_storekit-0.4.4/darwin/in_app_purchase_storekit/Sources/in_app_purchase_storekit_objc/include/in_app_purchase_storekit_objc/FLTPaymentQueueHandlerProtocol.h:7:
	  8 | #import "FLTTransactionCacheProtocol.h"
	  9 |

	<HOME>/.pub-cache/hosted/pub.dev/in_app_purchase_storekit-0.4.4/darwin/in_app_purchase_storekit/Sources/in_app_purchase_storekit_objc/include/in_app_purchase_storekit_objc/FLTPaymentQueueProtocol.h:13:30: warning: 'SKStorefront' is deprecated: first deprecated in iOS 18.0 - Use Storefront.
	11 |
	12 | /// An object containing the location and unique identifier of an Apple App Store storefront.
	13 | @property(nonatomic, strong) SKStorefront *storefront API_AVAILABLE(ios(13.0));
	   |                              `- warning: 'SKStorefront' is deprecated: first deprecated in iOS 18.0 - Use Storefront.
	14 |
	15 | /// A list of SKPaymentTransactions, which each represents a single transaction

	/Applications/Xcode.app/Contents/Developer/Platforms/iPhoneSimulator.platform/Developer/SDKs/iPhoneSimulator26.2.sdk/System/Library/Frameworks/StoreKit.framework/Headers/SKStorefront.h:16:12: note: 'SKStorefront' has been explicitly marked deprecated here
	14 | API_DEPRECATED("Use Storefront.", ios(13.0, 18.0), macos(10.15, 15.0), watchos(6.2, 11.0), visionos(1.0, 2.0))
	15 | NS_SWIFT_SENDABLE
	16 | @interface SKStorefront : NSObject
	   |            `- note: 'SKStorefront' has been explicitly marked deprecated here
	17 |
	18 | /* The three letter country code for the current storefront */

	<module-includes>:1:9: note: in file included from <module-includes>:1:
	1 | #import "Headers/in_app_purchase_storekit-umbrella.h"
	  |         `- note: in file included from <module-includes>:1:
	2 |

	<REPO>/apps/mobile/ios/Pods/Target Support Files/in_app_purchase_storekit/in_app_purchase_storekit-umbrella.h:14:9: note: in file included from <REPO>/apps/mobile/ios/Pods/Target Support Files/in_app_purchase_storekit/in_app_purchase_storekit-umbrella.h:14:
	12 |
	13 | #import "FIAObjectTranslator.h"
	14 | #import "FIAPaymentQueueHandler.h"
	   |         `- note: in file included from <REPO>/apps/mobile/ios/Pods/Target Support Files/in_app_purchase_storekit/in_app_purchase_storekit-umbrella.h:14:
	15 | #import "FIAPPaymentQueueDelegate.h"
	16 | #import "FIAPReceiptManager.h"

	<HOME>/.pub-cache/hosted/pub.dev/in_app_purchase_storekit-0.4.4/darwin/in_app_purchase_storekit/Sources/in_app_purchase_storekit_objc/include/in_app_purchase_storekit_objc/FIAPaymentQueueHandler.h:8:9: note: in file included from <HOME>/.pub-cache/hosted/pub.dev/in_app_purchase_storekit-0.4.4/darwin/in_app_purchase_storekit/Sources/in_app_purchase_storekit_objc/include/in_app_purchase_storekit_objc/FIAPaymentQueueHandler.h:8:
	 6 | #import <StoreKit/StoreKit.h>
	 7 | #import "FIATransactionCache.h"
	 8 | #import "FLTPaymentQueueHandlerProtocol.h"
	   |         `- note: in file included from <HOME>/.pub-cache/hosted/pub.dev/in_app_purchase_storekit-0.4.4/darwin/in_app_purchase_storekit/Sources/in_app_purchase_storekit_objc/include/in_app_purchase_storekit_objc/FIAPaymentQueueHandler.h:8:
	 9 | #import "FLTPaymentQueueProtocol.h"
	10 | #import "FLTTransactionCacheProtocol.h"

	<HOME>/.pub-cache/hosted/pub.dev/in_app_purchase_storekit-0.4.4/darwin/in_app_purchase_storekit/Sources/in_app_purchase_storekit_objc/include/in_app_purchase_storekit_objc/FLTPaymentQueueHandlerProtocol.h:7:9: note: in file included from <HOME>/.pub-cache/hosted/pub.dev/in_app_purchase_storekit-0.4.4/darwin/in_app_purchase_storekit/Sources/in_app_purchase_storekit_objc/include/in_app_purchase_storekit_objc/FLTPaymentQueueHandlerProtocol.h:7:
	  5 | #import <StoreKit/StoreKit.h>
	  6 | #import "FIATransactionCache.h"
	  7 | #import "FLTPaymentQueueProtocol.h"
	    |         `- note: in file included from <HOME>/.pub-cache/hosted/pub.dev/in_app_purchase_storekit-0.4.4/darwin/in_app_purchase_storekit/Sources/in_app_purchase_storekit_objc/include/in_app_purchase_storekit_objc/FLTPaymentQueueHandlerProtocol.h:7:
	  8 | #import "FLTTransactionCacheProtocol.h"
	  9 |

	<HOME>/.pub-cache/hosted/pub.dev/in_app_purchase_storekit-0.4.4/darwin/in_app_purchase_storekit/Sources/in_app_purchase_storekit_objc/include/in_app_purchase_storekit_objc/FLTPaymentQueueProtocol.h:16:38: warning: 'SKPaymentTransaction' is deprecated: first deprecated in iOS 18.0 - Use PurchaseResult from Product.purchase(confirmIn:options:).
	14 |
	15 | /// A list of SKPaymentTransactions, which each represents a single transaction
	16 | @property(nonatomic, strong) NSArray<SKPaymentTransaction *> *transactions API_AVAILABLE(
	   |                                      `- warning: 'SKPaymentTransaction' is deprecated: first deprecated in iOS 18.0 - Use PurchaseResult from Product.purchase(confirmIn:options:).
	17 |     ios(3.0), macos(10.7), watchos(6.2));
	18 |

	/Applications/Xcode.app/Contents/Developer/Platforms/iPhoneSimulator.platform/Developer/SDKs/iPhoneSimulator26.2.sdk/System/Library/Frameworks/StoreKit.framework/Headers/SKPaymentTransaction.h:27:12: note: 'SKPaymentTransaction' has been explicitly marked deprecated here
	25 | API_DEPRECATED("Use PurchaseResult from Product.purchase(confirmIn:options:).",ios(3.0, 18.0), macos(10.7, 15.0), watchos(6.2, 11.0), visionos(1.0, 2.0))
	26 | NS_SWIFT_SENDABLE
	27 | @interface SKPaymentTransaction : NSObject {
	   |            `- note: 'SKPaymentTransaction' has been explicitly marked deprecated here
	28 | @private
	29 |     id _internal;

	<module-includes>:1:9: note: in file included from <module-includes>:1:
	1 | #import "Headers/in_app_purchase_storekit-umbrella.h"
	  |         `- note: in file included from <module-includes>:1:
	2 |

	<REPO>/apps/mobile/ios/Pods/Target Support Files/in_app_purchase_storekit/in_app_purchase_storekit-umbrella.h:14:9: note: in file included from <REPO>/apps/mobile/ios/Pods/Target Support Files/in_app_purchase_storekit/in_app_purchase_storekit-umbrella.h:14:
	12 |
	13 | #import "FIAObjectTranslator.h"
	14 | #import "FIAPaymentQueueHandler.h"
	   |         `- note: in file included from <REPO>/apps/mobile/ios/Pods/Target Support Files/in_app_purchase_storekit/in_app_purchase_storekit-umbrella.h:14:
	15 | #import "FIAPPaymentQueueDelegate.h"
	16 | #import "FIAPReceiptManager.h"

	<HOME>/.pub-cache/hosted/pub.dev/in_app_purchase_storekit-0.4.4/darwin/in_app_purchase_storekit/Sources/in_app_purchase_storekit_objc/include/in_app_purchase_storekit_objc/FIAPaymentQueueHandler.h:8:9: note: in file included from <HOME>/.pub-cache/hosted/pub.dev/in_app_purchase_storekit-0.4.4/darwin/in_app_purchase_storekit/Sources/in_app_purchase_storekit_objc/include/in_app_purchase_storekit_objc/FIAPaymentQueueHandler.h:8:
	 6 | #import <StoreKit/StoreKit.h>
	 7 | #import "FIATransactionCache.h"
	 8 | #import "FLTPaymentQueueHandlerProtocol.h"
	   |         `- note: in file included from <HOME>/.pub-cache/hosted/pub.dev/in_app_purchase_storekit-0.4.4/darwin/in_app_purchase_storekit/Sources/in_app_purchase_storekit_objc/include/in_app_purchase_storekit_objc/FIAPaymentQueueHandler.h:8:
	 9 | #import "FLTPaymentQueueProtocol.h"
	10 | #import "FLTTransactionCacheProtocol.h"

	<HOME>/.pub-cache/hosted/pub.dev/in_app_purchase_storekit-0.4.4/darwin/in_app_purchase_storekit/Sources/in_app_purchase_storekit_objc/include/in_app_purchase_storekit_objc/FLTPaymentQueueHandlerProtocol.h:7:9: note: in file included from <HOME>/.pub-cache/hosted/pub.dev/in_app_purchase_storekit-0.4.4/darwin/in_app_purchase_storekit/Sources/in_app_purchase_storekit_objc/include/in_app_purchase_storekit_objc/FLTPaymentQueueHandlerProtocol.h:7:
	  5 | #import <StoreKit/StoreKit.h>
	  6 | #import "FIATransactionCache.h"
	  7 | #import "FLTPaymentQueueProtocol.h"
	    |         `- note: in file included from <HOME>/.pub-cache/hosted/pub.dev/in_app_purchase_storekit-0.4.4/darwin/in_app_purchase_storekit/Sources/in_app_purchase_storekit_objc/include/in_app_purchase_storekit_objc/FLTPaymentQueueHandlerProtocol.h:7:
	  8 | #import "FLTTransactionCacheProtocol.h"
	  9 |

	<HOME>/.pub-cache/hosted/pub.dev/in_app_purchase_storekit-0.4.4/darwin/in_app_purchase_storekit/Sources/in_app_purchase_storekit_objc/include/in_app_purchase_storekit_objc/FLTPaymentQueueProtocol.h:20:41: warning: 'SKPaymentQueueDelegate' is deprecated: first deprecated in iOS 18.0 - No longer supported.
	18 |
	19 | /// An object that provides information needed to complete transactions.
	20 | @property(nonatomic, weak, nullable) id<SKPaymentQueueDelegate> delegate API_AVAILABLE(
	   |                                         `- warning: 'SKPaymentQueueDelegate' is deprecated: first deprecated in iOS 18.0 - No longer supported.
	21 |     ios(13.0), macos(10.15), watchos(6.2));
	22 |

	/Applications/Xcode.app/Contents/Developer/Platforms/iPhoneSimulator.platform/Developer/SDKs/iPhoneSimulator26.2.sdk/System/Library/Frameworks/StoreKit.framework/Headers/SKPaymentQueue.h:78:11: note: 'SKPaymentQueueDelegate' has been explicitly marked deprecated here
	 76 |
	 77 | API_DEPRECATED("No longer supported.", ios(13.0, 18.0), tvos(13.0, 18.0), macos(10.15, 15.0), watchos(6.2, 11.0), visionos(1.0, 2.0))
	 78 | @protocol SKPaymentQueueDelegate <NSObject>
	    |           `- note: 'SKPaymentQueueDelegate' has been explicitly marked deprecated here
	 79 | @optional
	 80 | // Sent when the storefront changes while a payment is processing.

	<module-includes>:1:9: note: in file included from <module-includes>:1:
	1 | #import "Headers/in_app_purchase_storekit-umbrella.h"
	  |         `- note: in file included from <module-includes>:1:
	2 |

	<REPO>/apps/mobile/ios/Pods/Target Support Files/in_app_purchase_storekit/in_app_purchase_storekit-umbrella.h:14:9: note: in file included from <REPO>/apps/mobile/ios/Pods/Target Support Files/in_app_purchase_storekit/in_app_purchase_storekit-umbrella.h:14:
	12 |
	13 | #import "FIAObjectTranslator.h"
	14 | #import "FIAPaymentQueueHandler.h"
	   |         `- note: in file included from <REPO>/apps/mobile/ios/Pods/Target Support Files/in_app_purchase_storekit/in_app_purchase_storekit-umbrella.h:14:
	15 | #import "FIAPPaymentQueueDelegate.h"
	16 | #import "FIAPReceiptManager.h"

	<HOME>/.pub-cache/hosted/pub.dev/in_app_purchase_storekit-0.4.4/darwin/in_app_purchase_storekit/Sources/in_app_purchase_storekit_objc/include/in_app_purchase_storekit_objc/FIAPaymentQueueHandler.h:8:9: note: in file included from <HOME>/.pub-cache/hosted/pub.dev/in_app_purchase_storekit-0.4.4/darwin/in_app_purchase_storekit/Sources/in_app_purchase_storekit_objc/include/in_app_purchase_storekit_objc/FIAPaymentQueueHandler.h:8:
	 6 | #import <StoreKit/StoreKit.h>
	 7 | #import "FIATransactionCache.h"
	 8 | #import "FLTPaymentQueueHandlerProtocol.h"
	   |         `- note: in file included from <HOME>/.pub-cache/hosted/pub.dev/in_app_purchase_storekit-0.4.4/darwin/in_app_purchase_storekit/Sources/in_app_purchase_storekit_objc/include/in_app_purchase_storekit_objc/FIAPaymentQueueHandler.h:8:
	 9 | #import "FLTPaymentQueueProtocol.h"
	10 | #import "FLTTransactionCacheProtocol.h"

	<HOME>/.pub-cache/hosted/pub.dev/in_app_purchase_storekit-0.4.4/darwin/in_app_purchase_storekit/Sources/in_app_purchase_storekit_objc/include/in_app_purchase_storekit_objc/FLTPaymentQueueHandlerProtocol.h:7:9: note: in file included from <HOME>/.pub-cache/hosted/pub.dev/in_app_purchase_storekit-0.4.4/darwin/in_app_purchase_storekit/Sources/in_app_purchase_storekit_objc/include/in_app_purchase_storekit_objc/FLTPaymentQueueHandlerProtocol.h:7:
	  5 | #import <StoreKit/StoreKit.h>
	  6 | #import "FIATransactionCache.h"
	  7 | #import "FLTPaymentQueueProtocol.h"
	    |         `- note: in file included from <HOME>/.pub-cache/hosted/pub.dev/in_app_purchase_storekit-0.4.4/darwin/in_app_purchase_storekit/Sources/in_app_purchase_storekit_objc/include/in_app_purchase_storekit_objc/FLTPaymentQueueHandlerProtocol.h:7:
	  8 | #import "FLTTransactionCacheProtocol.h"
	  9 |

	<HOME>/.pub-cache/hosted/pub.dev/in_app_purchase_storekit-0.4.4/darwin/in_app_purchase_storekit/Sources/in_app_purchase_storekit_objc/include/in_app_purchase_storekit_objc/FLTPaymentQueueProtocol.h:25:36: warning: 'SKPaymentTransaction' is deprecated: first deprecated in iOS 18.0 - Use PurchaseResult from Product.purchase(confirmIn:options:).
	23 | /// Remove a finished (i.e. failed or completed) transaction from the queue.  Attempting to finish a
	24 | /// purchasing transaction will throw an exception.
	25 | - (void)finishTransaction:(nonnull SKPaymentTransaction *)transaction;
	   |                                    `- warning: 'SKPaymentTransaction' is deprecated: first deprecated in iOS 18.0 - Use PurchaseResult from Product.purchase(confirmIn:options:).
	26 |
	27 | /// Observers are not retained.  The transactions array will only be synchronized with the server

	/Applications/Xcode.app/Contents/Developer/Platforms/iPhoneSimulator.platform/Developer/SDKs/iPhoneSimulator26.2.sdk/System/Library/Frameworks/StoreKit.framework/Headers/SKPaymentTransaction.h:27:12: note: 'SKPaymentTransaction' has been explicitly marked deprecated here
	25 | API_DEPRECATED("Use PurchaseResult from Product.purchase(confirmIn:options:).",ios(3.0, 18.0), macos(10.7, 15.0), watchos(6.2, 11.0), visionos(1.0, 2.0))
	26 | NS_SWIFT_SENDABLE
	27 | @interface SKPaymentTransaction : NSObject {
	   |            `- note: 'SKPaymentTransaction' has been explicitly marked deprecated here
	28 | @private
	29 |     id _internal;

	<module-includes>:1:9: note: in file included from <module-includes>:1:
	1 | #import "Headers/in_app_purchase_storekit-umbrella.h"
	  |         `- note: in file included from <module-includes>:1:
	2 |

	<REPO>/apps/mobile/ios/Pods/Target Support Files/in_app_purchase_storekit/in_app_purchase_storekit-umbrella.h:14:9: note: in file included from <REPO>/apps/mobile/ios/Pods/Target Support Files/in_app_purchase_storekit/in_app_purchase_storekit-umbrella.h:14:
	12 |
	13 | #import "FIAObjectTranslator.h"
	14 | #import "FIAPaymentQueueHandler.h"
	   |         `- note: in file included from <REPO>/apps/mobile/ios/Pods/Target Support Files/in_app_purchase_storekit/in_app_purchase_storekit-umbrella.h:14:
	15 | #import "FIAPPaymentQueueDelegate.h"
	16 | #import "FIAPReceiptManager.h"

	<HOME>/.pub-cache/hosted/pub.dev/in_app_purchase_storekit-0.4.4/darwin/in_app_purchase_storekit/Sources/in_app_purchase_storekit_objc/include/in_app_purchase_storekit_objc/FIAPaymentQueueHandler.h:8:9: note: in file included from <HOME>/.pub-cache/hosted/pub.dev/in_app_purchase_storekit-0.4.4/darwin/in_app_purchase_storekit/Sources/in_app_purchase_storekit_objc/include/in_app_purchase_storekit_objc/FIAPaymentQueueHandler.h:8:
	 6 | #import <StoreKit/StoreKit.h>
	 7 | #import "FIATransactionCache.h"
	 8 | #import "FLTPaymentQueueHandlerProtocol.h"
	   |         `- note: in file included from <HOME>/.pub-cache/hosted/pub.dev/in_app_purchase_storekit-0.4.4/darwin/in_app_purchase_storekit/Sources/in_app_purchase_storekit_objc/include/in_app_purchase_storekit_objc/FIAPaymentQueueHandler.h:8:
	 9 | #import "FLTPaymentQueueProtocol.h"
	10 | #import "FLTTransactionCacheProtocol.h"

	<HOME>/.pub-cache/hosted/pub.dev/in_app_purchase_storekit-0.4.4/darwin/in_app_purchase_storekit/Sources/in_app_purchase_storekit_objc/include/in_app_purchase_storekit_objc/FLTPaymentQueueHandlerProtocol.h:7:9: note: in file included from <HOME>/.pub-cache/hosted/pub.dev/in_app_purchase_storekit-0.4.4/darwin/in_app_purchase_storekit/Sources/in_app_purchase_storekit_objc/include/in_app_purchase_storekit_objc/FLTPaymentQueueHandlerProtocol.h:7:
	  5 | #import <StoreKit/StoreKit.h>
	  6 | #import "FIATransactionCache.h"
	  7 | #import "FLTPaymentQueueProtocol.h"
	    |         `- note: in file included from <HOME>/.pub-cache/hosted/pub.dev/in_app_purchase_storekit-0.4.4/darwin/in_app_purchase_storekit/Sources/in_app_purchase_storekit_objc/include/in_app_purchase_storekit_objc/FLTPaymentQueueHandlerProtocol.h:7:
	  8 | #import "FLTTransactionCacheProtocol.h"
	  9 |

	<HOME>/.pub-cache/hosted/pub.dev/in_app_purchase_storekit-0.4.4/darwin/in_app_purchase_storekit/Sources/in_app_purchase_storekit_objc/include/in_app_purchase_storekit_objc/FLTPaymentQueueProtocol.h:29:36: warning: 'SKPaymentTransactionObserver' is deprecated: first deprecated in iOS 18.0 - Use StoreKit 2 Transaction APIs.
	27 | /// Observers are not retained.  The transactions array will only be synchronized with the server
	28 | /// while the queue has observers.  This may require that the user authenticate.
	29 | - (void)addTransactionObserver:(id<SKPaymentTransactionObserver>)observer;
	   |                                    `- warning: 'SKPaymentTransactionObserver' is deprecated: first deprecated in iOS 18.0 - Use StoreKit 2 Transaction APIs.
	30 |
	31 | /// Add a payment to the server queue.  The payment is copied to add an SKPaymentTransaction to the

	/Applications/Xcode.app/Contents/Developer/Platforms/iPhoneSimulator.platform/Developer/SDKs/iPhoneSimulator26.2.sdk/System/Library/Frameworks/StoreKit.framework/Headers/SKPaymentQueue.h:91:11: note: 'SKPaymentTransactionObserver' has been explicitly marked deprecated here
	 89 |
	 90 | API_DEPRECATED("Use StoreKit 2 Transaction APIs.", ios(3.0, 18.0), tvos(9.0, 18.0), macos(10.7, 15.0), watchos(6.2, 11.0), visionos(1.0, 2.0))
	 91 | @protocol SKPaymentTransactionObserver <NSObject>
	    |           `- note: 'SKPaymentTransactionObserver' has been explicitly marked deprecated here
	 92 | @required
	 93 | // Sent when the transaction array has changed (additions or state changes).  Client should check state of transactions and finish as appropriate.

	<module-includes>:1:9: note: in file included from <module-includes>:1:
	1 | #import "Headers/in_app_purchase_storekit-umbrella.h"
	  |         `- note: in file included from <module-includes>:1:
	2 |

	<REPO>/apps/mobile/ios/Pods/Target Support Files/in_app_purchase_storekit/in_app_purchase_storekit-umbrella.h:14:9: note: in file included from <REPO>/apps/mobile/ios/Pods/Target Support Files/in_app_purchase_storekit/in_app_purchase_storekit-umbrella.h:14:
	12 |
	13 | #import "FIAObjectTranslator.h"
	14 | #import "FIAPaymentQueueHandler.h"
	   |         `- note: in file included from <REPO>/apps/mobile/ios/Pods/Target Support Files/in_app_purchase_storekit/in_app_purchase_storekit-umbrella.h:14:
	15 | #import "FIAPPaymentQueueDelegate.h"
	16 | #import "FIAPReceiptManager.h"

	<HOME>/.pub-cache/hosted/pub.dev/in_app_purchase_storekit-0.4.4/darwin/in_app_purchase_storekit/Sources/in_app_purchase_storekit_objc/include/in_app_purchase_storekit_objc/FIAPaymentQueueHandler.h:8:9: note: in file included from <HOME>/.pub-cache/hosted/pub.dev/in_app_purchase_storekit-0.4.4/darwin/in_app_purchase_storekit/Sources/in_app_purchase_storekit_objc/include/in_app_purchase_storekit_objc/FIAPaymentQueueHandler.h:8:
	 6 | #import <StoreKit/StoreKit.h>
	 7 | #import "FIATransactionCache.h"
	 8 | #import "FLTPaymentQueueHandlerProtocol.h"
	   |         `- note: in file included from <HOME>/.pub-cache/hosted/pub.dev/in_app_purchase_storekit-0.4.4/darwin/in_app_purchase_storekit/Sources/in_app_purchase_storekit_objc/include/in_app_purchase_storekit_objc/FIAPaymentQueueHandler.h:8:
	 9 | #import "FLTPaymentQueueProtocol.h"
	10 | #import "FLTTransactionCacheProtocol.h"

	<HOME>/.pub-cache/hosted/pub.dev/in_app_purchase_storekit-0.4.4/darwin/in_app_purchase_storekit/Sources/in_app_purchase_storekit_objc/include/in_app_purchase_storekit_objc/FLTPaymentQueueHandlerProtocol.h:7:9: note: in file included from <HOME>/.pub-cache/hosted/pub.dev/in_app_purchase_storekit-0.4.4/darwin/in_app_purchase_storekit/Sources/in_app_purchase_storekit_objc/include/in_app_purchase_storekit_objc/FLTPaymentQueueHandlerProtocol.h:7:
	  5 | #import <StoreKit/StoreKit.h>
	  6 | #import "FIATransactionCache.h"
	  7 | #import "FLTPaymentQueueProtocol.h"
	    |         `- note: in file included from <HOME>/.pub-cache/hosted/pub.dev/in_app_purchase_storekit-0.4.4/darwin/in_app_purchase_storekit/Sources/in_app_purchase_storekit_objc/include/in_app_purchase_storekit_objc/FLTPaymentQueueHandlerProtocol.h:7:
	  8 | #import "FLTTransactionCacheProtocol.h"
	  9 |

	<HOME>/.pub-cache/hosted/pub.dev/in_app_purchase_storekit-0.4.4/darwin/in_app_purchase_storekit/Sources/in_app_purchase_storekit_objc/include/in_app_purchase_storekit_objc/FLTPaymentQueueProtocol.h:34:21: warning: 'SKPayment' is deprecated: first deprecated in iOS 18.0 - Use Product.purchase(confirmIn:options:).
	32 | /// transactions array.  The same payment can be added multiple times to create multiple
	33 | /// transactions.
	34 | - (void)addPayment:(SKPayment *_Nonnull)payment;
	   |                     `- warning: 'SKPayment' is deprecated: first deprecated in iOS 18.0 - Use Product.purchase(confirmIn:options:).
	35 |
	36 | /// Will add completed transactions for the current user back to the queue to be re-completed.

	/Applications/Xcode.app/Contents/Developer/Platforms/iPhoneSimulator.platform/Developer/SDKs/iPhoneSimulator26.2.sdk/System/Library/Frameworks/StoreKit.framework/Headers/SKPayment.h:19:12: note: 'SKPayment' has been explicitly marked deprecated here
	17 | API_DEPRECATED("Use Product.purchase(confirmIn:options:).", ios(3.0, 18.0), macos(10.7, 15.0), watchos(6.2, 11.0), visionos(1.0, 2.0))
	18 | NS_SWIFT_NONSENDABLE
	19 | @interface SKPayment : NSObject <NSCopying, NSMutableCopying> {
	   |            `- note: 'SKPayment' has been explicitly marked deprecated here
	20 | @private
	21 |     id _internal;

	<module-includes>:1:9: note: in file included from <module-includes>:1:
	1 | #import "Headers/in_app_purchase_storekit-umbrella.h"
	  |         `- note: in file included from <module-includes>:1:
	2 |

	<REPO>/apps/mobile/ios/Pods/Target Support Files/in_app_purchase_storekit/in_app_purchase_storekit-umbrella.h:14:9: note: in file included from <REPO>/apps/mobile/ios/Pods/Target Support Files/in_app_purchase_storekit/in_app_purchase_storekit-umbrella.h:14:
	12 |
	13 | #import "FIAObjectTranslator.h"
	14 | #import "FIAPaymentQueueHandler.h"
	   |         `- note: in file included from <REPO>/apps/mobile/ios/Pods/Target Support Files/in_app_purchase_storekit/in_app_purchase_storekit-umbrella.h:14:
	15 | #import "FIAPPaymentQueueDelegate.h"
	16 | #import "FIAPReceiptManager.h"

	<HOME>/.pub-cache/hosted/pub.dev/in_app_purchase_storekit-0.4.4/darwin/in_app_purchase_storekit/Sources/in_app_purchase_storekit_objc/include/in_app_purchase_storekit_objc/FIAPaymentQueueHandler.h:8:9: note: in file included from <HOME>/.pub-cache/hosted/pub.dev/in_app_purchase_storekit-0.4.4/darwin/in_app_purchase_storekit/Sources/in_app_purchase_storekit_objc/include/in_app_purchase_storekit_objc/FIAPaymentQueueHandler.h:8:
	 6 | #import <StoreKit/StoreKit.h>
	 7 | #import "FIATransactionCache.h"
	 8 | #import "FLTPaymentQueueHandlerProtocol.h"
	   |         `- note: in file included from <HOME>/.pub-cache/hosted/pub.dev/in_app_purchase_storekit-0.4.4/darwin/in_app_purchase_storekit/Sources/in_app_purchase_storekit_objc/include/in_app_purchase_storekit_objc/FIAPaymentQueueHandler.h:8:
	 9 | #import "FLTPaymentQueueProtocol.h"
	10 | #import "FLTTransactionCacheProtocol.h"

	<HOME>/.pub-cache/hosted/pub.dev/in_app_purchase_storekit-0.4.4/darwin/in_app_purchase_storekit/Sources/in_app_purchase_storekit_objc/include/in_app_purchase_storekit_objc/FLTPaymentQueueHandlerProtocol.h:7:9: note: in file included from <HOME>/.pub-cache/hosted/pub.dev/in_app_purchase_storekit-0.4.4/darwin/in_app_purchase_storekit/Sources/in_app_purchase_storekit_objc/include/in_app_purchase_storekit_objc/FLTPaymentQueueHandlerProtocol.h:7:
	  5 | #import <StoreKit/StoreKit.h>
	  6 | #import "FIATransactionCache.h"
	  7 | #import "FLTPaymentQueueProtocol.h"
	    |         `- note: in file included from <HOME>/.pub-cache/hosted/pub.dev/in_app_purchase_storekit-0.4.4/darwin/in_app_purchase_storekit/Sources/in_app_purchase_storekit_objc/include/in_app_purchase_storekit_objc/FLTPaymentQueueHandlerProtocol.h:7:
	  8 | #import "FLTTransactionCacheProtocol.h"
	  9 |

	<HOME>/.pub-cache/hosted/pub.dev/in_app_purchase_storekit-0.4.4/darwin/in_app_purchase_storekit/Sources/in_app_purchase_storekit_objc/include/in_app_purchase_storekit_objc/FLTPaymentQueueProtocol.h:61:32: warning: 'SKPaymentQueue' is deprecated: first deprecated in iOS 18.0 - No longer supported.
	59 |
	60 | /// Initialize this wrapper with an SKPaymentQueue
	61 | - (instancetype)initWithQueue:(SKPaymentQueue *)queue NS_DESIGNATED_INITIALIZER;
	   |                                `- warning: 'SKPaymentQueue' is deprecated: first deprecated in iOS 18.0 - No longer supported.
	62 |
	63 | /// The default initializer is unavailable, as it this must be initlai

	/Applications/Xcode.app/Contents/Developer/Platforms/iPhoneSimulator.platform/Developer/SDKs/iPhoneSimulator26.2.sdk/System/Library/Frameworks/StoreKit.framework/Headers/SKPaymentQueue.h:25:12: note: 'SKPaymentQueue' has been explicitly marked deprecated here
	 23 | API_DEPRECATED("No longer supported.", ios(3.0, 18.0), tvos(9.0, 18.0), macos(10.7, 15.0), watchos(6.2, 11.0), visionos(1.0, 2.0))
	 24 | NS_SWIFT_SENDABLE
	 25 | @interface SKPaymentQueue : NSObject {
	    |            `- note: 'SKPaymentQueue' has been explicitly marked deprecated here
	 26 | @private
	 27 |     id _internal;

	<module-includes>:1:9: note: in file included from <module-includes>:1:
	1 | #import "Headers/in_app_purchase_storekit-umbrella.h"
	  |         `- note: in file included from <module-includes>:1:
	2 |

	<REPO>/apps/mobile/ios/Pods/Target Support Files/in_app_purchase_storekit/in_app_purchase_storekit-umbrella.h:14:9: note: in file included from <REPO>/apps/mobile/ios/Pods/Target Support Files/in_app_purchase_storekit/in_app_purchase_storekit-umbrella.h:14:
	12 |
	13 | #import "FIAObjectTranslator.h"
	14 | #import "FIAPaymentQueueHandler.h"
	   |         `- note: in file included from <REPO>/apps/mobile/ios/Pods/Target Support Files/in_app_purchase_storekit/in_app_purchase_storekit-umbrella.h:14:
	15 | #import "FIAPPaymentQueueDelegate.h"
	16 | #import "FIAPReceiptManager.h"

	<HOME>/.pub-cache/hosted/pub.dev/in_app_purchase_storekit-0.4.4/darwin/in_app_purchase_storekit/Sources/in_app_purchase_storekit_objc/include/in_app_purchase_storekit_objc/FIAPaymentQueueHandler.h:8:9: note: in file included from <HOME>/.pub-cache/hosted/pub.dev/in_app_purchase_storekit-0.4.4/darwin/in_app_purchase_storekit/Sources/in_app_purchase_storekit_objc/include/in_app_purchase_storekit_objc/FIAPaymentQueueHandler.h:8:
	 6 | #import <StoreKit/StoreKit.h>
	 7 | #import "FIATransactionCache.h"
	 8 | #import "FLTPaymentQueueHandlerProtocol.h"
	   |         `- note: in file included from <HOME>/.pub-cache/hosted/pub.dev/in_app_purchase_storekit-0.4.4/darwin/in_app_purchase_storekit/Sources/in_app_purchase_storekit_objc/include/in_app_purchase_storekit_objc/FIAPaymentQueueHandler.h:8:
	 9 | #import "FLTPaymentQueueProtocol.h"
	10 | #import "FLTTransactionCacheProtocol.h"

	<HOME>/.pub-cache/hosted/pub.dev/in_app_purchase_storekit-0.4.4/darwin/in_app_purchase_storekit/Sources/in_app_purchase_storekit_objc/include/in_app_purchase_storekit_objc/FLTPaymentQueueHandlerProtocol.h:11:45: warning: 'SKPaymentTransaction' is deprecated: first deprecated in iOS 18.0 - Use PurchaseResult from Product.purchase(confirmIn:options:).
	  9 |
	 10 | NS_ASSUME_NONNULL_BEGIN
	 11 | typedef void (^TransactionsUpdated)(NSArray<SKPaymentTransaction *> *transactions);
	    |                                             `- warning: 'SKPaymentTransaction' is deprecated: first deprecated in iOS 18.0 - Use PurchaseResult from Product.purchase(confirmIn:options:).
	 12 | typedef void (^TransactionsRemoved)(NSArray<SKPaymentTransaction *> *transactions);
	 13 | typedef void (^RestoreTransactionFailed)(NSError *error);

	/Applications/Xcode.app/Contents/Developer/Platforms/iPhoneSimulator.platform/Developer/SDKs/iPhoneSimulator26.2.sdk/System/Library/Frameworks/StoreKit.framework/Headers/SKPaymentTransaction.h:27:12: note: 'SKPaymentTransaction' has been explicitly marked deprecated here
	25 | API_DEPRECATED("Use PurchaseResult from Product.purchase(confirmIn:options:).",ios(3.0, 18.0), macos(10.7, 15.0), watchos(6.2, 11.0), visionos(1.0, 2.0))
	26 | NS_SWIFT_SENDABLE
	27 | @interface SKPaymentTransaction : NSObject {
	   |            `- note: 'SKPaymentTransaction' has been explicitly marked deprecated here
	28 | @private
	29 |     id _internal;

	<module-includes>:1:9: note: in file included from <module-includes>:1:
	1 | #import "Headers/in_app_purchase_storekit-umbrella.h"
	  |         `- note: in file included from <module-includes>:1:
	2 |

	<REPO>/apps/mobile/ios/Pods/Target Support Files/in_app_purchase_storekit/in_app_purchase_storekit-umbrella.h:14:9: note: in file included from <REPO>/apps/mobile/ios/Pods/Target Support Files/in_app_purchase_storekit/in_app_purchase_storekit-umbrella.h:14:
	12 |
	13 | #import "FIAObjectTranslator.h"
	14 | #import "FIAPaymentQueueHandler.h"
	   |         `- note: in file included from <REPO>/apps/mobile/ios/Pods/Target Support Files/in_app_purchase_storekit/in_app_purchase_storekit-umbrella.h:14:
	15 | #import "FIAPPaymentQueueDelegate.h"
	16 | #import "FIAPReceiptManager.h"

	<HOME>/.pub-cache/hosted/pub.dev/in_app_purchase_storekit-0.4.4/darwin/in_app_purchase_storekit/Sources/in_app_purchase_storekit_objc/include/in_app_purchase_storekit_objc/FIAPaymentQueueHandler.h:8:9: note: in file included from <HOME>/.pub-cache/hosted/pub.dev/in_app_purchase_storekit-0.4.4/darwin/in_app_purchase_storekit/Sources/in_app_purchase_storekit_objc/include/in_app_purchase_storekit_objc/FIAPaymentQueueHandler.h:8:
	 6 | #import <StoreKit/StoreKit.h>
	 7 | #import "FIATransactionCache.h"
	 8 | #import "FLTPaymentQueueHandlerProtocol.h"
	   |         `- note: in file included from <HOME>/.pub-cache/hosted/pub.dev/in_app_purchase_storekit-0.4.4/darwin/in_app_purchase_storekit/Sources/in_app_purchase_storekit_objc/include/in_app_purchase_storekit_objc/FIAPaymentQueueHandler.h:8:
	 9 | #import "FLTPaymentQueueProtocol.h"
	10 | #import "FLTTransactionCacheProtocol.h"

	<HOME>/.pub-cache/hosted/pub.dev/in_app_purchase_storekit-0.4.4/darwin/in_app_purchase_storekit/Sources/in_app_purchase_storekit_objc/include/in_app_purchase_storekit_objc/FLTPaymentQueueHandlerProtocol.h:12:45: warning: 'SKPaymentTransaction' is deprecated: first deprecated in iOS 18.0 - Use PurchaseResult from Product.purchase(confirmIn:options:).
	 10 | NS_ASSUME_NONNULL_BEGIN
	 11 | typedef void (^TransactionsUpdated)(NSArray<SKPaymentTransaction *> *transactions);
	 12 | typedef void (^TransactionsRemoved)(NSArray<SKPaymentTransaction *> *transactions);
	    |                                             `- warning: 'SKPaymentTransaction' is deprecated: first deprecated in iOS 18.0 - Use PurchaseResult from Product.purchase(confirmIn:options:).
	 13 | typedef void (^RestoreTransactionFailed)(NSError *error);
	 14 | typedef void (^RestoreCompletedTransactionsFinished)(void);

	/Applications/Xcode.app/Contents/Developer/Platforms/iPhoneSimulator.platform/Developer/SDKs/iPhoneSimulator26.2.sdk/System/Library/Frameworks/StoreKit.framework/Headers/SKPaymentTransaction.h:27:12: note: 'SKPaymentTransaction' has been explicitly marked deprecated here
	25 | API_DEPRECATED("Use PurchaseResult from Product.purchase(confirmIn:options:).",ios(3.0, 18.0), macos(10.7, 15.0), watchos(6.2, 11.0), visionos(1.0, 2.0))
	26 | NS_SWIFT_SENDABLE
	27 | @interface SKPaymentTransaction : NSObject {
	   |            `- note: 'SKPaymentTransaction' has been explicitly marked deprecated here
	28 | @private
	29 |     id _internal;

	<module-includes>:1:9: note: in file included from <module-includes>:1:
	1 | #import "Headers/in_app_purchase_storekit-umbrella.h"
	  |         `- note: in file included from <module-includes>:1:
	2 |

	<REPO>/apps/mobile/ios/Pods/Target Support Files/in_app_purchase_storekit/in_app_purchase_storekit-umbrella.h:14:9: note: in file included from <REPO>/apps/mobile/ios/Pods/Target Support Files/in_app_purchase_storekit/in_app_purchase_storekit-umbrella.h:14:
	12 |
	13 | #import "FIAObjectTranslator.h"
	14 | #import "FIAPaymentQueueHandler.h"
	   |         `- note: in file included from <REPO>/apps/mobile/ios/Pods/Target Support Files/in_app_purchase_storekit/in_app_purchase_storekit-umbrella.h:14:
	15 | #import "FIAPPaymentQueueDelegate.h"
	16 | #import "FIAPReceiptManager.h"

	<HOME>/.pub-cache/hosted/pub.dev/in_app_purchase_storekit-0.4.4/darwin/in_app_purchase_storekit/Sources/in_app_purchase_storekit_objc/include/in_app_purchase_storekit_objc/FIAPaymentQueueHandler.h:8:9: note: in file included from <HOME>/.pub-cache/hosted/pub.dev/in_app_purchase_storekit-0.4.4/darwin/in_app_purchase_storekit/Sources/in_app_purchase_storekit_objc/include/in_app_purchase_storekit_objc/FIAPaymentQueueHandler.h:8:
	 6 | #import <StoreKit/StoreKit.h>
	 7 | #import "FIATransactionCache.h"
	 8 | #import "FLTPaymentQueueHandlerProtocol.h"
	   |         `- note: in file included from <HOME>/.pub-cache/hosted/pub.dev/in_app_purchase_storekit-0.4.4/darwin/in_app_purchase_storekit/Sources/in_app_purchase_storekit_objc/include/in_app_purchase_storekit_objc/FIAPaymentQueueHandler.h:8:
	 9 | #import "FLTPaymentQueueProtocol.h"
	10 | #import "FLTTransactionCacheProtocol.h"

	<HOME>/.pub-cache/hosted/pub.dev/in_app_purchase_storekit-0.4.4/darwin/in_app_purchase_storekit/Sources/in_app_purchase_storekit_objc/include/in_app_purchase_storekit_objc/FLTPaymentQueueHandlerProtocol.h:15:39: warning: 'SKPayment' is deprecated: first deprecated in iOS 18.0 - Use Product.purchase(confirmIn:options:).
	 13 | typedef void (^RestoreTransactionFailed)(NSError *error);
	 14 | typedef void (^RestoreCompletedTransactionsFinished)(void);
	 15 | typedef BOOL (^ShouldAddStorePayment)(SKPayment *payment, SKProduct *product);
	    |                                       `- warning: 'SKPayment' is deprecated: first deprecated in iOS 18.0 - Use Product.purchase(confirmIn:options:).
	 16 | typedef void (^UpdatedDownloads)(NSArray<SKDownload *> *downloads);
	 17 |

	/Applications/Xcode.app/Contents/Developer/Platforms/iPhoneSimulator.platform/Developer/SDKs/iPhoneSimulator26.2.sdk/System/Library/Frameworks/StoreKit.framework/Headers/SKPayment.h:19:12: note: 'SKPayment' has been explicitly marked deprecated here
	17 | API_DEPRECATED("Use Product.purchase(confirmIn:options:).", ios(3.0, 18.0), macos(10.7, 15.0), watchos(6.2, 11.0), visionos(1.0, 2.0))
	18 | NS_SWIFT_NONSENDABLE
	19 | @interface SKPayment : NSObject <NSCopying, NSMutableCopying> {
	   |            `- note: 'SKPayment' has been explicitly marked deprecated here
	20 | @private
	21 |     id _internal;

	<module-includes>:1:9: note: in file included from <module-includes>:1:
	1 | #import "Headers/in_app_purchase_storekit-umbrella.h"
	  |         `- note: in file included from <module-includes>:1:
	2 |

	<REPO>/apps/mobile/ios/Pods/Target Support Files/in_app_purchase_storekit/in_app_purchase_storekit-umbrella.h:14:9: note: in file included from <REPO>/apps/mobile/ios/Pods/Target Support Files/in_app_purchase_storekit/in_app_purchase_storekit-umbrella.h:14:
	12 |
	13 | #import "FIAObjectTranslator.h"
	14 | #import "FIAPaymentQueueHandler.h"
	   |         `- note: in file included from <REPO>/apps/mobile/ios/Pods/Target Support Files/in_app_purchase_storekit/in_app_purchase_storekit-umbrella.h:14:
	15 | #import "FIAPPaymentQueueDelegate.h"
	16 | #import "FIAPReceiptManager.h"

	<HOME>/.pub-cache/hosted/pub.dev/in_app_purchase_storekit-0.4.4/darwin/in_app_purchase_storekit/Sources/in_app_purchase_storekit_objc/include/in_app_purchase_storekit_objc/FIAPaymentQueueHandler.h:8:9: note: in file included from <HOME>/.pub-cache/hosted/pub.dev/in_app_purchase_storekit-0.4.4/darwin/in_app_purchase_storekit/Sources/in_app_purchase_storekit_objc/include/in_app_purchase_storekit_objc/FIAPaymentQueueHandler.h:8:
	 6 | #import <StoreKit/StoreKit.h>
	 7 | #import "FIATransactionCache.h"
	 8 | #import "FLTPaymentQueueHandlerProtocol.h"
	   |         `- note: in file included from <HOME>/.pub-cache/hosted/pub.dev/in_app_purchase_storekit-0.4.4/darwin/in_app_purchase_storekit/Sources/in_app_purchase_storekit_objc/include/in_app_purchase_storekit_objc/FIAPaymentQueueHandler.h:8:
	 9 | #import "FLTPaymentQueueProtocol.h"
	10 | #import "FLTTransactionCacheProtocol.h"

	<HOME>/.pub-cache/hosted/pub.dev/in_app_purchase_storekit-0.4.4/darwin/in_app_purchase_storekit/Sources/in_app_purchase_storekit_objc/include/in_app_purchase_storekit_objc/FLTPaymentQueueHandlerProtocol.h:15:59: warning: 'SKProduct' is deprecated: first deprecated in iOS 18.0 - Use Product.
	 13 | typedef void (^RestoreTransactionFailed)(NSError *error);
	 14 | typedef void (^RestoreCompletedTransactionsFinished)(void);
	 15 | typedef BOOL (^ShouldAddStorePayment)(SKPayment *payment, SKProduct *product);
	    |                                                           `- warning: 'SKProduct' is deprecated: first deprecated in iOS 18.0 - Use Product.
	 16 | typedef void (^UpdatedDownloads)(NSArray<SKDownload *> *downloads);
	 17 |

	/Applications/Xcode.app/Contents/Developer/Platforms/iPhoneSimulator.platform/Developer/SDKs/iPhoneSimulator26.2.sdk/System/Library/Frameworks/StoreKit.framework/Headers/SKProduct.h:41:12: note: 'SKProduct' has been explicitly marked deprecated here
	39 | API_DEPRECATED("Use Product.", ios(3.0, 18.0), macos(10.7, 15.0), watchos(6.2, 11.0), visionos(1.0, 2.0))
	40 | NS_SWIFT_SENDABLE
	41 | @interface SKProduct : NSObject {
	   |            `- note: 'SKProduct' has been explicitly marked deprecated here
	42 | @private
	43 |     id _internal;

	<module-includes>:1:9: note: in file included from <module-includes>:1:
	1 | #import "Headers/in_app_purchase_storekit-umbrella.h"
	  |         `- note: in file included from <module-includes>:1:
	2 |

	<REPO>/apps/mobile/ios/Pods/Target Support Files/in_app_purchase_storekit/in_app_purchase_storekit-umbrella.h:14:9: note: in file included from <REPO>/apps/mobile/ios/Pods/Target Support Files/in_app_purchase_storekit/in_app_purchase_storekit-umbrella.h:14:
	12 |
	13 | #import "FIAObjectTranslator.h"
	14 | #import "FIAPaymentQueueHandler.h"
	   |         `- note: in file included from <REPO>/apps/mobile/ios/Pods/Target Support Files/in_app_purchase_storekit/in_app_purchase_storekit-umbrella.h:14:
	15 | #import "FIAPPaymentQueueDelegate.h"
	16 | #import "FIAPReceiptManager.h"

	<HOME>/.pub-cache/hosted/pub.dev/in_app_purchase_storekit-0.4.4/darwin/in_app_purchase_storekit/Sources/in_app_purchase_storekit_objc/include/in_app_purchase_storekit_objc/FIAPaymentQueueHandler.h:8:9: note: in file included from <HOME>/.pub-cache/hosted/pub.dev/in_app_purchase_storekit-0.4.4/darwin/in_app_purchase_storekit/Sources/in_app_purchase_storekit_objc/include/in_app_purchase_storekit_objc/FIAPaymentQueueHandler.h:8:
	 6 | #import <StoreKit/StoreKit.h>
	 7 | #import "FIATransactionCache.h"
	 8 | #import "FLTPaymentQueueHandlerProtocol.h"
	   |         `- note: in file included from <HOME>/.pub-cache/hosted/pub.dev/in_app_purchase_storekit-0.4.4/darwin/in_app_purchase_storekit/Sources/in_app_purchase_storekit_objc/include/in_app_purchase_storekit_objc/FIAPaymentQueueHandler.h:8:
	 9 | #import "FLTPaymentQueueProtocol.h"
	10 | #import "FLTTransactionCacheProtocol.h"

	<HOME>/.pub-cache/hosted/pub.dev/in_app_purchase_storekit-0.4.4/darwin/in_app_purchase_storekit/Sources/in_app_purchase_storekit_objc/include/in_app_purchase_storekit_objc/FLTPaymentQueueHandlerProtocol.h:16:42: warning: 'SKDownload' is deprecated: first deprecated in iOS 16.0 - Hosted content is no longer supported.
	 14 | typedef void (^RestoreCompletedTransactionsFinished)(void);
	 15 | typedef BOOL (^ShouldAddStorePayment)(SKPayment *payment, SKProduct *product);
	 16 | typedef void (^UpdatedDownloads)(NSArray<SKDownload *> *downloads);
	    |                                          `- warning: 'SKDownload' is deprecated: first deprecated in iOS 16.0 - Hosted content is no longer supported.
	 17 |
	 18 | /// A protocol that conforms to SKPaymentTransactionObserver and handles SKPaymentQueue methods

	/Applications/Xcode.app/Contents/Developer/Platforms/iPhoneSimulator.platform/Developer/SDKs/iPhoneSimulator26.2.sdk/System/Library/Frameworks/StoreKit.framework/Headers/SKDownload.h:26:182: note: 'SKDownload' has been explicitly marked deprecated here
	24 | SK_EXTERN NSTimeInterval SKDownloadTimeRemainingUnknown API_DEPRECATED("Hosted content is no longer supported.", ios(6.0, 16.0), macos(10.14, 13.0), tvos(9.0, 16.0), watchos(6.2, 9.0)) API_UNAVAILABLE(visionos);
	25 |
	26 | SK_EXTERN_CLASS API_DEPRECATED("Hosted content is no longer supported.", ios(6.0, 16.0), macos(10.8, 13.0), tvos(9.0, 16.0), watchos(6.2, 9.0)) API_UNAVAILABLE(visionos) @interface SKDownload : NSObject {
	   |                                                                                                                                                                                      `- note: 'SKDownload' has been explicitly marked deprecated here
	27 | @private
	28 |     id _internal;

	<module-includes>:1:9: note: in file included from <module-includes>:1:
	1 | #import "Headers/in_app_purchase_storekit-umbrella.h"
	  |         `- note: in file included from <module-includes>:1:
	2 |

	<REPO>/apps/mobile/ios/Pods/Target Support Files/in_app_purchase_storekit/in_app_purchase_storekit-umbrella.h:14:9: note: in file included from <REPO>/apps/mobile/ios/Pods/Target Support Files/in_app_purchase_storekit/in_app_purchase_storekit-umbrella.h:14:
	12 |
	13 | #import "FIAObjectTranslator.h"
	14 | #import "FIAPaymentQueueHandler.h"
	   |         `- note: in file included from <REPO>/apps/mobile/ios/Pods/Target Support Files/in_app_purchase_storekit/in_app_purchase_storekit-umbrella.h:14:
	15 | #import "FIAPPaymentQueueDelegate.h"
	16 | #import "FIAPReceiptManager.h"

	<HOME>/.pub-cache/hosted/pub.dev/in_app_purchase_storekit-0.4.4/darwin/in_app_purchase_storekit/Sources/in_app_purchase_storekit_objc/include/in_app_purchase_storekit_objc/FIAPaymentQueueHandler.h:8:9: note: in file included from <HOME>/.pub-cache/hosted/pub.dev/in_app_purchase_storekit-0.4.4/darwin/in_app_purchase_storekit/Sources/in_app_purchase_storekit_objc/include/in_app_purchase_storekit_objc/FIAPaymentQueueHandler.h:8:
	 6 | #import <StoreKit/StoreKit.h>
	 7 | #import "FIATransactionCache.h"
	 8 | #import "FLTPaymentQueueHandlerProtocol.h"
	   |         `- note: in file included from <HOME>/.pub-cache/hosted/pub.dev/in_app_purchase_storekit-0.4.4/darwin/in_app_purchase_storekit/Sources/in_app_purchase_storekit_objc/include/in_app_purchase_storekit_objc/FIAPaymentQueueHandler.h:8:
	 9 | #import "FLTPaymentQueueProtocol.h"
	10 | #import "FLTTransactionCacheProtocol.h"

	<HOME>/.pub-cache/hosted/pub.dev/in_app_purchase_storekit-0.4.4/darwin/in_app_purchase_storekit/Sources/in_app_purchase_storekit_objc/include/in_app_purchase_storekit_objc/FLTPaymentQueueHandlerProtocol.h:19:53: warning: 'SKPaymentTransactionObserver' is deprecated: first deprecated in iOS 18.0 - Use StoreKit 2 Transaction APIs.
	 17 |
	 18 | /// A protocol that conforms to SKPaymentTransactionObserver and handles SKPaymentQueue methods
	 19 | @protocol FLTPaymentQueueHandlerProtocol <NSObject, SKPaymentTransactionObserver>
	    |                                                     `- warning: 'SKPaymentTransactionObserver' is deprecated: first deprecated in iOS 18.0 - Use StoreKit 2 Transaction APIs.
	 20 | /// An object that provides information needed to complete transactions.
	 21 | @property(nonatomic, weak, nullable) id<SKPaymentQueueDelegate> delegate API_AVAILABLE(

	/Applications/Xcode.app/Contents/Developer/Platforms/iPhoneSimulator.platform/Developer/SDKs/iPhoneSimulator26.2.sdk/System/Library/Frameworks/StoreKit.framework/Headers/SKPaymentQueue.h:91:11: note: 'SKPaymentTransactionObserver' has been explicitly marked deprecated here
	 89 |
	 90 | API_DEPRECATED("Use StoreKit 2 Transaction APIs.", ios(3.0, 18.0), tvos(9.0, 18.0), macos(10.7, 15.0), watchos(6.2, 11.0), visionos(1.0, 2.0))
	 91 | @protocol SKPaymentTransactionObserver <NSObject>
	    |           `- note: 'SKPaymentTransactionObserver' has been explicitly marked deprecated here
	 92 | @required
	 93 | // Sent when the transaction array has changed (additions or state changes).  Client should check state of transactions and finish as appropriate.

	<module-includes>:1:9: note: in file included from <module-includes>:1:
	1 | #import "Headers/in_app_purchase_storekit-umbrella.h"
	  |         `- note: in file included from <module-includes>:1:
	2 |

	<REPO>/apps/mobile/ios/Pods/Target Support Files/in_app_purchase_storekit/in_app_purchase_storekit-umbrella.h:14:9: note: in file included from <REPO>/apps/mobile/ios/Pods/Target Support Files/in_app_purchase_storekit/in_app_purchase_storekit-umbrella.h:14:
	12 |
	13 | #import "FIAObjectTranslator.h"
	14 | #import "FIAPaymentQueueHandler.h"
	   |         `- note: in file included from <REPO>/apps/mobile/ios/Pods/Target Support Files/in_app_purchase_storekit/in_app_purchase_storekit-umbrella.h:14:
	15 | #import "FIAPPaymentQueueDelegate.h"
	16 | #import "FIAPReceiptManager.h"

	<HOME>/.pub-cache/hosted/pub.dev/in_app_purchase_storekit-0.4.4/darwin/in_app_purchase_storekit/Sources/in_app_purchase_storekit_objc/include/in_app_purchase_storekit_objc/FIAPaymentQueueHandler.h:8:9: note: in file included from <HOME>/.pub-cache/hosted/pub.dev/in_app_purchase_storekit-0.4.4/darwin/in_app_purchase_storekit/Sources/in_app_purchase_storekit_objc/include/in_app_purchase_storekit_objc/FIAPaymentQueueHandler.h:8:
	 6 | #import <StoreKit/StoreKit.h>
	 7 | #import "FIATransactionCache.h"
	 8 | #import "FLTPaymentQueueHandlerProtocol.h"
	   |         `- note: in file included from <HOME>/.pub-cache/hosted/pub.dev/in_app_purchase_storekit-0.4.4/darwin/in_app_purchase_storekit/Sources/in_app_purchase_storekit_objc/include/in_app_purchase_storekit_objc/FIAPaymentQueueHandler.h:8:
	 9 | #import "FLTPaymentQueueProtocol.h"
	10 | #import "FLTTransactionCacheProtocol.h"

	<HOME>/.pub-cache/hosted/pub.dev/in_app_purchase_storekit-0.4.4/darwin/in_app_purchase_storekit/Sources/in_app_purchase_storekit_objc/include/in_app_purchase_storekit_objc/FLTPaymentQueueHandlerProtocol.h:21:41: warning: 'SKPaymentQueueDelegate' is deprecated: first deprecated in iOS 18.0 - No longer supported.
	 19 | @protocol FLTPaymentQueueHandlerProtocol <NSObject, SKPaymentTransactionObserver>
	 20 | /// An object that provides information needed to complete transactions.
	 21 | @property(nonatomic, weak, nullable) id<SKPaymentQueueDelegate> delegate API_AVAILABLE(
	    |                                         `- warning: 'SKPaymentQueueDelegate' is deprecated: first deprecated in iOS 18.0 - No longer supported.
	 22 |     ios(13.0), macos(10.15), watchos(6.2));
	 23 | /// An object containing the location and unique identifier of an Apple App Store storefront.

	/Applications/Xcode.app/Contents/Developer/Platforms/iPhoneSimulator.platform/Developer/SDKs/iPhoneSimulator26.2.sdk/System/Library/Frameworks/StoreKit.framework/Headers/SKPaymentQueue.h:78:11: note: 'SKPaymentQueueDelegate' has been explicitly marked deprecated here
	 76 |
	 77 | API_DEPRECATED("No longer supported.", ios(13.0, 18.0), tvos(13.0, 18.0), macos(10.15, 15.0), watchos(6.2, 11.0), visionos(1.0, 2.0))
	 78 | @protocol SKPaymentQueueDelegate <NSObject>
	    |           `- note: 'SKPaymentQueueDelegate' has been explicitly marked deprecated here
	 79 | @optional
	 80 | // Sent when the storefront changes while a payment is processing.

	<module-includes>:1:9: note: in file included from <module-includes>:1:
	1 | #import "Headers/in_app_purchase_storekit-umbrella.h"
	  |         `- note: in file included from <module-includes>:1:
	2 |

	<REPO>/apps/mobile/ios/Pods/Target Support Files/in_app_purchase_storekit/in_app_purchase_storekit-umbrella.h:14:9: note: in file included from <REPO>/apps/mobile/ios/Pods/Target Support Files/in_app_purchase_storekit/in_app_purchase_storekit-umbrella.h:14:
	12 |
	13 | #import "FIAObjectTranslator.h"
	14 | #import "FIAPaymentQueueHandler.h"
	   |         `- note: in file included from <REPO>/apps/mobile/ios/Pods/Target Support Files/in_app_purchase_storekit/in_app_purchase_storekit-umbrella.h:14:
	15 | #import "FIAPPaymentQueueDelegate.h"
	16 | #import "FIAPReceiptManager.h"

	<HOME>/.pub-cache/hosted/pub.dev/in_app_purchase_storekit-0.4.4/darwin/in_app_purchase_storekit/Sources/in_app_purchase_storekit_objc/include/in_app_purchase_storekit_objc/FIAPaymentQueueHandler.h:8:9: note: in file included from <HOME>/.pub-cache/hosted/pub.dev/in_app_purchase_storekit-0.4.4/darwin/in_app_purchase_storekit/Sources/in_app_purchase_storekit_objc/include/in_app_purchase_storekit_objc/FIAPaymentQueueHandler.h:8:
	 6 | #import <StoreKit/StoreKit.h>
	 7 | #import "FIATransactionCache.h"
	 8 | #import "FLTPaymentQueueHandlerProtocol.h"
	   |         `- note: in file included from <HOME>/.pub-cache/hosted/pub.dev/in_app_purchase_storekit-0.4.4/darwin/in_app_purchase_storekit/Sources/in_app_purchase_storekit_objc/include/in_app_purchase_storekit_objc/FIAPaymentQueueHandler.h:8:
	 9 | #import "FLTPaymentQueueProtocol.h"
	10 | #import "FLTTransactionCacheProtocol.h"

	<HOME>/.pub-cache/hosted/pub.dev/in_app_purchase_storekit-0.4.4/darwin/in_app_purchase_storekit/Sources/in_app_purchase_storekit_objc/include/in_app_purchase_storekit_objc/FLTPaymentQueueHandlerProtocol.h:25:5: warning: 'SKStorefront' is deprecated: first deprecated in iOS 18.0 - Use Storefront.
	 23 | /// An object containing the location and unique identifier of an Apple App Store storefront.
	 24 | @property(nonatomic, readonly, nullable)
	 25 |     SKStorefront *storefront API_AVAILABLE(ios(13.0), macos(10.15), watchos(6.2));
	    |     `- warning: 'SKStorefront' is deprecated: first deprecated in iOS 18.0 - Use Storefront.
	 26 |
	 27 | /// Creates a new FIAPaymentQueueHandler.

	/Applications/Xcode.app/Contents/Developer/Platforms/iPhoneSimulator.platform/Developer/SDKs/iPhoneSimulator26.2.sdk/System/Library/Frameworks/StoreKit.framework/Headers/SKStorefront.h:16:12: note: 'SKStorefront' has been explicitly marked deprecated here
	14 | API_DEPRECATED("Use Storefront.", ios(13.0, 18.0), macos(10.15, 15.0), watchos(6.2, 11.0), visionos(1.0, 2.0))
	15 | NS_SWIFT_SENDABLE
	16 | @interface SKStorefront : NSObject
	   |            `- note: 'SKStorefront' has been explicitly marked deprecated here
	17 |
	18 | /* The three letter country code for the current storefront */

	<module-includes>:1:9: note: in file included from <module-includes>:1:
	1 | #import "Headers/in_app_purchase_storekit-umbrella.h"
	  |         `- note: in file included from <module-includes>:1:
	2 |

	<REPO>/apps/mobile/ios/Pods/Target Support Files/in_app_purchase_storekit/in_app_purchase_storekit-umbrella.h:14:9: note: in file included from <REPO>/apps/mobile/ios/Pods/Target Support Files/in_app_purchase_storekit/in_app_purchase_storekit-umbrella.h:14:
	12 |
	13 | #import "FIAObjectTranslator.h"
	14 | #import "FIAPaymentQueueHandler.h"
	   |         `- note: in file included from <REPO>/apps/mobile/ios/Pods/Target Support Files/in_app_purchase_storekit/in_app_purchase_storekit-umbrella.h:14:
	15 | #import "FIAPPaymentQueueDelegate.h"
	16 | #import "FIAPReceiptManager.h"

	<HOME>/.pub-cache/hosted/pub.dev/in_app_purchase_storekit-0.4.4/darwin/in_app_purchase_storekit/Sources/in_app_purchase_storekit_objc/include/in_app_purchase_storekit_objc/FIAPaymentQueueHandler.h:8:9: note: in file included from <HOME>/.pub-cache/hosted/pub.dev/in_app_purchase_storekit-0.4.4/darwin/in_app_purchase_storekit/Sources/in_app_purchase_storekit_objc/include/in_app_purchase_storekit_objc/FIAPaymentQueueHandler.h:8:
	 6 | #import <StoreKit/StoreKit.h>
	 7 | #import "FIATransactionCache.h"
	 8 | #import "FLTPaymentQueueHandlerProtocol.h"
	   |         `- note: in file included from <HOME>/.pub-cache/hosted/pub.dev/in_app_purchase_storekit-0.4.4/darwin/in_app_purchase_storekit/Sources/in_app_purchase_storekit_objc/include/in_app_purchase_storekit_objc/FIAPaymentQueueHandler.h:8:
	 9 | #import "FLTPaymentQueueProtocol.h"
	10 | #import "FLTTransactionCacheProtocol.h"

	<HOME>/.pub-cache/hosted/pub.dev/in_app_purchase_storekit-0.4.4/darwin/in_app_purchase_storekit/Sources/in_app_purchase_storekit_objc/include/in_app_purchase_storekit_objc/FLTPaymentQueueHandlerProtocol.h:74:36: warning: 'SKPaymentTransaction' is deprecated: first deprecated in iOS 18.0 - Use PurchaseResult from Product.purchase(confirmIn:options:).
	 72 |
	 73 | /// Can throw exceptions if the transaction type is purchasing, should always used in a @try block.
	 74 | - (void)finishTransaction:(nonnull SKPaymentTransaction *)transaction;
	    |                                    `- warning: 'SKPaymentTransaction' is deprecated: first deprecated in iOS 18.0 - Use PurchaseResult from Product.purchase(confirmIn:options:).
	 75 |
	 76 | /// Attempt to restore transactions. Require app store receipt url.

	/Applications/Xcode.app/Contents/Developer/Platforms/iPhoneSimulator.platform/Developer/SDKs/iPhoneSimulator26.2.sdk/System/Library/Frameworks/StoreKit.framework/Headers/SKPaymentTransaction.h:27:12: note: 'SKPaymentTransaction' has been explicitly marked deprecated here
	25 | API_DEPRECATED("Use PurchaseResult from Product.purchase(confirmIn:options:).",ios(3.0, 18.0), macos(10.7, 15.0), watchos(6.2, 11.0), visionos(1.0, 2.0))
	26 | NS_SWIFT_SENDABLE
	27 | @interface SKPaymentTransaction : NSObject {
	   |            `- note: 'SKPaymentTransaction' has been explicitly marked deprecated here
	28 | @private
	29 |     id _internal;

	<module-includes>:1:9: note: in file included from <module-includes>:1:
	1 | #import "Headers/in_app_purchase_storekit-umbrella.h"
	  |         `- note: in file included from <module-includes>:1:
	2 |

	<REPO>/apps/mobile/ios/Pods/Target Support Files/in_app_purchase_storekit/in_app_purchase_storekit-umbrella.h:14:9: note: in file included from <REPO>/apps/mobile/ios/Pods/Target Support Files/in_app_purchase_storekit/in_app_purchase_storekit-umbrella.h:14:
	12 |
	13 | #import "FIAObjectTranslator.h"
	14 | #import "FIAPaymentQueueHandler.h"
	   |         `- note: in file included from <REPO>/apps/mobile/ios/Pods/Target Support Files/in_app_purchase_storekit/in_app_purchase_storekit-umbrella.h:14:
	15 | #import "FIAPPaymentQueueDelegate.h"
	16 | #import "FIAPReceiptManager.h"

	<HOME>/.pub-cache/hosted/pub.dev/in_app_purchase_storekit-0.4.4/darwin/in_app_purchase_storekit/Sources/in_app_purchase_storekit_objc/include/in_app_purchase_storekit_objc/FIAPaymentQueueHandler.h:8:9: note: in file included from <HOME>/.pub-cache/hosted/pub.dev/in_app_purchase_storekit-0.4.4/darwin/in_app_purchase_storekit/Sources/in_app_purchase_storekit_objc/include/in_app_purchase_storekit_objc/FIAPaymentQueueHandler.h:8:
	 6 | #import <StoreKit/StoreKit.h>
	 7 | #import "FIATransactionCache.h"
	 8 | #import "FLTPaymentQueueHandlerProtocol.h"
	   |         `- note: in file included from <HOME>/.pub-cache/hosted/pub.dev/in_app_purchase_storekit-0.4.4/darwin/in_app_purchase_storekit/Sources/in_app_purchase_storekit_objc/include/in_app_purchase_storekit_objc/FIAPaymentQueueHandler.h:8:
	 9 | #import "FLTPaymentQueueProtocol.h"
	10 | #import "FLTTransactionCacheProtocol.h"

	<HOME>/.pub-cache/hosted/pub.dev/in_app_purchase_storekit-0.4.4/darwin/in_app_purchase_storekit/Sources/in_app_purchase_storekit_objc/include/in_app_purchase_storekit_objc/FLTPaymentQueueHandlerProtocol.h:83:12: warning: 'SKPaymentTransaction' is deprecated: first deprecated in iOS 18.0 - Use PurchaseResult from Product.purchase(confirmIn:options:).
	 81 |
	 82 | /// Return all transactions that are not marked as complete.
	 83 | - (NSArray<SKPaymentTransaction *> *)getUnfinishedTransactions;
	    |            `- warning: 'SKPaymentTransaction' is deprecated: first deprecated in iOS 18.0 - Use PurchaseResult from Product.purchase(confirmIn:options:).
	 84 |
	 85 | /// This method needs to be called before any other methods.

	/Applications/Xcode.app/Contents/Developer/Platforms/iPhoneSimulator.platform/Developer/SDKs/iPhoneSimulator26.2.sdk/System/Library/Frameworks/StoreKit.framework/Headers/SKPaymentTransaction.h:27:12: note: 'SKPaymentTransaction' has been explicitly marked deprecated here
	25 | API_DEPRECATED("Use PurchaseResult from Product.purchase(confirmIn:options:).",ios(3.0, 18.0), macos(10.7, 15.0), watchos(6.2, 11.0), visionos(1.0, 2.0))
	26 | NS_SWIFT_SENDABLE
	27 | @interface SKPaymentTransaction : NSObject {
	   |            `- note: 'SKPaymentTransaction' has been explicitly marked deprecated here
	28 | @private
	29 |     id _internal;

	<module-includes>:1:9: note: in file included from <module-includes>:1:
	1 | #import "Headers/in_app_purchase_storekit-umbrella.h"
	  |         `- note: in file included from <module-includes>:1:
	2 |

	<REPO>/apps/mobile/ios/Pods/Target Support Files/in_app_purchase_storekit/in_app_purchase_storekit-umbrella.h:14:9: note: in file included from <REPO>/apps/mobile/ios/Pods/Target Support Files/in_app_purchase_storekit/in_app_purchase_storekit-umbrella.h:14:
	12 |
	13 | #import "FIAObjectTranslator.h"
	14 | #import "FIAPaymentQueueHandler.h"
	   |         `- note: in file included from <REPO>/apps/mobile/ios/Pods/Target Support Files/in_app_purchase_storekit/in_app_purchase_storekit-umbrella.h:14:
	15 | #import "FIAPPaymentQueueDelegate.h"
	16 | #import "FIAPReceiptManager.h"

	<HOME>/.pub-cache/hosted/pub.dev/in_app_purchase_storekit-0.4.4/darwin/in_app_purchase_storekit/Sources/in_app_purchase_storekit_objc/include/in_app_purchase_storekit_objc/FIAPaymentQueueHandler.h:8:9: note: in file included from <HOME>/.pub-cache/hosted/pub.dev/in_app_purchase_storekit-0.4.4/darwin/in_app_purchase_storekit/Sources/in_app_purchase_storekit_objc/include/in_app_purchase_storekit_objc/FIAPaymentQueueHandler.h:8:
	 6 | #import <StoreKit/StoreKit.h>
	 7 | #import "FIATransactionCache.h"
	 8 | #import "FLTPaymentQueueHandlerProtocol.h"
	   |         `- note: in file included from <HOME>/.pub-cache/hosted/pub.dev/in_app_purchase_storekit-0.4.4/darwin/in_app_purchase_storekit/Sources/in_app_purchase_storekit_objc/include/in_app_purchase_storekit_objc/FIAPaymentQueueHandler.h:8:
	 9 | #import "FLTPaymentQueueProtocol.h"
	10 | #import "FLTTransactionCacheProtocol.h"

	<HOME>/.pub-cache/hosted/pub.dev/in_app_purchase_storekit-0.4.4/darwin/in_app_purchase_storekit/Sources/in_app_purchase_storekit_objc/include/in_app_purchase_storekit_objc/FLTPaymentQueueHandlerProtocol.h:95:21: warning: 'SKPayment' is deprecated: first deprecated in iOS 18.0 - Use Product.purchase(confirmIn:options:).
	 93 | /// @param payment Payment object to be added to the payment queue.
	 94 | /// @return whether "addPayment" was successful.
	 95 | - (BOOL)addPayment:(SKPayment *)payment;
	    |                     `- warning: 'SKPayment' is deprecated: first deprecated in iOS 18.0 - Use Product.purchase(confirmIn:options:).
	 96 |
	 97 | /// Displays the price consent sheet.

	/Applications/Xcode.app/Contents/Developer/Platforms/iPhoneSimulator.platform/Developer/SDKs/iPhoneSimulator26.2.sdk/System/Library/Frameworks/StoreKit.framework/Headers/SKPayment.h:19:12: note: 'SKPayment' has been explicitly marked deprecated here
	17 | API_DEPRECATED("Use Product.purchase(confirmIn:options:).", ios(3.0, 18.0), macos(10.7, 15.0), watchos(6.2, 11.0), visionos(1.0, 2.0))
	18 | NS_SWIFT_NONSENDABLE
	19 | @interface SKPayment : NSObject <NSCopying, NSMutableCopying> {
	   |            `- note: 'SKPayment' has been explicitly marked deprecated here
	20 | @private
	21 |     id _internal;

	<module-includes>:1:9: note: in file included from <module-includes>:1:
	1 | #import "Headers/in_app_purchase_storekit-umbrella.h"
	  |         `- note: in file included from <module-includes>:1:
	2 |

	<REPO>/apps/mobile/ios/Pods/Target Support Files/in_app_purchase_storekit/in_app_purchase_storekit-umbrella.h:14:9: note: in file included from <REPO>/apps/mobile/ios/Pods/Target Support Files/in_app_purchase_storekit/in_app_purchase_storekit-umbrella.h:14:
	12 |
	13 | #import "FIAObjectTranslator.h"
	14 | #import "FIAPaymentQueueHandler.h"
	   |         `- note: in file included from <REPO>/apps/mobile/ios/Pods/Target Support Files/in_app_purchase_storekit/in_app_purchase_storekit-umbrella.h:14:
	15 | #import "FIAPPaymentQueueDelegate.h"
	16 | #import "FIAPReceiptManager.h"

	<HOME>/.pub-cache/hosted/pub.dev/in_app_purchase_storekit-0.4.4/darwin/in_app_purchase_storekit/Sources/in_app_purchase_storekit_objc/include/in_app_purchase_storekit_objc/FIAPaymentQueueHandler.h:17:17: warning: 'SKPaymentTransactionObserver' is deprecated: first deprecated in iOS 18.0 - Use StoreKit 2 Transaction APIs.
	15 |
	16 | @interface FIAPaymentQueueHandler
	17 |     : NSObject <SKPaymentTransactionObserver, FLTPaymentQueueHandlerProtocol>
	   |                 `- warning: 'SKPaymentTransactionObserver' is deprecated: first deprecated in iOS 18.0 - Use StoreKit 2 Transaction APIs.
	18 | @end
	19 |

	/Applications/Xcode.app/Contents/Developer/Platforms/iPhoneSimulator.platform/Developer/SDKs/iPhoneSimulator26.2.sdk/System/Library/Frameworks/StoreKit.framework/Headers/SKPaymentQueue.h:91:11: note: 'SKPaymentTransactionObserver' has been explicitly marked deprecated here
	 89 |
	 90 | API_DEPRECATED("Use StoreKit 2 Transaction APIs.", ios(3.0, 18.0), tvos(9.0, 18.0), macos(10.7, 15.0), watchos(6.2, 11.0), visionos(1.0, 2.0))
	 91 | @protocol SKPaymentTransactionObserver <NSObject>
	    |           `- note: 'SKPaymentTransactionObserver' has been explicitly marked deprecated here
	 92 | @required
	 93 | // Sent when the transaction array has changed (additions or state changes).  Client should check state of transactions and finish as appropriate.

	<module-includes>:1:9: note: in file included from <module-includes>:1:
	1 | #import "Headers/in_app_purchase_storekit-umbrella.h"
	  |         `- note: in file included from <module-includes>:1:
	2 |

	<REPO>/apps/mobile/ios/Pods/Target Support Files/in_app_purchase_storekit/in_app_purchase_storekit-umbrella.h:15:9: note: in file included from <REPO>/apps/mobile/ios/Pods/Target Support Files/in_app_purchase_storekit/in_app_purchase_storekit-umbrella.h:15:
	13 | #import "FIAObjectTranslator.h"
	14 | #import "FIAPaymentQueueHandler.h"
	15 | #import "FIAPPaymentQueueDelegate.h"
	   |         `- note: in file included from <REPO>/apps/mobile/ios/Pods/Target Support Files/in_app_purchase_storekit/in_app_purchase_storekit-umbrella.h:15:
	16 | #import "FIAPReceiptManager.h"
	17 | #import "FIAPRequestHandler.h"

	<HOME>/.pub-cache/hosted/pub.dev/in_app_purchase_storekit-0.4.4/darwin/in_app_purchase_storekit/Sources/in_app_purchase_storekit_objc/include/in_app_purchase_storekit_objc/FIAPPaymentQueueDelegate.h:19:49: warning: 'SKPaymentQueueDelegate' is deprecated: first deprecated in iOS 18.0 - No longer supported.
	17 | API_AVAILABLE(ios(13), macos(10.15))
	18 | API_UNAVAILABLE(tvos, watchos)
	19 | @interface FIAPPaymentQueueDelegate : NSObject <SKPaymentQueueDelegate>
	   |                                                 `- warning: 'SKPaymentQueueDelegate' is deprecated: first deprecated in iOS 18.0 - No longer supported.
	20 | - (id)initWithMethodChannel:(id<FLTMethodChannelProtocol>)methodChannel;
	21 | @end

	/Applications/Xcode.app/Contents/Developer/Platforms/iPhoneSimulator.platform/Developer/SDKs/iPhoneSimulator26.2.sdk/System/Library/Frameworks/StoreKit.framework/Headers/SKPaymentQueue.h:78:11: note: 'SKPaymentQueueDelegate' has been explicitly marked deprecated here
	 76 |
	 77 | API_DEPRECATED("No longer supported.", ios(13.0, 18.0), tvos(13.0, 18.0), macos(10.15, 15.0), watchos(6.2, 11.0), visionos(1.0, 2.0))
	 78 | @protocol SKPaymentQueueDelegate <NSObject>
	    |           `- note: 'SKPaymentQueueDelegate' has been explicitly marked deprecated here
	 79 | @optional
	 80 | // Sent when the storefront changes while a payment is processing.

	<module-includes>:1:9: note: in file included from <module-includes>:1:
	1 | #import "Headers/in_app_purchase_storekit-umbrella.h"
	  |         `- note: in file included from <module-includes>:1:
	2 |

	<REPO>/apps/mobile/ios/Pods/Target Support Files/in_app_purchase_storekit/in_app_purchase_storekit-umbrella.h:17:9: note: in file included from <REPO>/apps/mobile/ios/Pods/Target Support Files/in_app_purchase_storekit/in_app_purchase_storekit-umbrella.h:17:
	15 | #import "FIAPPaymentQueueDelegate.h"
	16 | #import "FIAPReceiptManager.h"
	17 | #import "FIAPRequestHandler.h"
	   |         `- note: in file included from <REPO>/apps/mobile/ios/Pods/Target Support Files/in_app_purchase_storekit/in_app_purchase_storekit-umbrella.h:17:
	18 | #import "FIATransactionCache.h"
	19 | #import "FLTMethodChannelProtocol.h"

	<HOME>/.pub-cache/hosted/pub.dev/in_app_purchase_storekit-0.4.4/darwin/in_app_purchase_storekit/Sources/in_app_purchase_storekit_objc/include/in_app_purchase_storekit_objc/FIAPRequestHandler.h:7:9: note: in file included from <HOME>/.pub-cache/hosted/pub.dev/in_app_purchase_storekit-0.4.4/darwin/in_app_purchase_storekit/Sources/in_app_purchase_storekit_objc/include/in_app_purchase_storekit_objc/FIAPRequestHandler.h:7:
	 5 | #import <Foundation/Foundation.h>
	 6 | #import <StoreKit/StoreKit.h>
	 7 | #import "FLTRequestHandlerProtocol.h"
	   |         `- note: in file included from <HOME>/.pub-cache/hosted/pub.dev/in_app_purchase_storekit-0.4.4/darwin/in_app_purchase_storekit/Sources/in_app_purchase_storekit_objc/include/in_app_purchase_storekit_objc/FIAPRequestHandler.h:7:
	 8 |
	 9 | NS_ASSUME_NONNULL_BEGIN

	<HOME>/.pub-cache/hosted/pub.dev/in_app_purchase_storekit-0.4.4/darwin/in_app_purchase_storekit/Sources/in_app_purchase_storekit_objc/include/in_app_purchase_storekit_objc/FLTRequestHandlerProtocol.h:8:42: warning: 'SKProductsResponse' is deprecated: first deprecated in iOS 18.0 - Get products using Product.products(for:).
	 6 |
	 7 | NS_ASSUME_NONNULL_BEGIN
	 8 | typedef void (^ProductRequestCompletion)(SKProductsResponse *_Nullable response,
	   |                                          `- warning: 'SKProductsResponse' is deprecated: first deprecated in iOS 18.0 - Get products using Product.products(for:).
	 9 |                                          NSError *_Nullable errror);
	10 | /// A protocol that wraps SKRequest.

	/Applications/Xcode.app/Contents/Developer/Platforms/iPhoneSimulator.platform/Developer/SDKs/iPhoneSimulator26.2.sdk/System/Library/Frameworks/StoreKit.framework/Headers/SKProductsRequest.h:44:12: note: 'SKProductsResponse' has been explicitly marked deprecated here
	42 | API_DEPRECATED("Get products using Product.products(for:).", ios(3.0, 18.0), macos(10.7, 15.0), watchos(6.2, 11.0), visionos(1.0, 2.0))
	43 | NS_SWIFT_SENDABLE
	44 | @interface SKProductsResponse : NSObject {
	   |            `- note: 'SKProductsResponse' has been explicitly marked deprecated here
	45 | @private
	46 |     id _internal;

	<module-includes>:1:9: note: in file included from <module-includes>:1:
	1 | #import "Headers/in_app_purchase_storekit-umbrella.h"
	  |         `- note: in file included from <module-includes>:1:
	2 |

	<REPO>/apps/mobile/ios/Pods/Target Support Files/in_app_purchase_storekit/in_app_purchase_storekit-umbrella.h:17:9: note: in file included from <REPO>/apps/mobile/ios/Pods/Target Support Files/in_app_purchase_storekit/in_app_purchase_storekit-umbrella.h:17:
	15 | #import "FIAPPaymentQueueDelegate.h"
	16 | #import "FIAPReceiptManager.h"
	17 | #import "FIAPRequestHandler.h"
	   |         `- note: in file included from <REPO>/apps/mobile/ios/Pods/Target Support Files/in_app_purchase_storekit/in_app_purchase_storekit-umbrella.h:17:
	18 | #import "FIATransactionCache.h"
	19 | #import "FLTMethodChannelProtocol.h"

	42 warnings generated.
	<HOME>/.pub-cache/hosted/pub.dev/in_app_purchase_storekit-0.4.4/darwin/in_app_purchase_storekit/Sources/in_app_purchase_storekit_objc/include/in_app_purchase_storekit_objc/FIAPRequestHandler.h:13:34: warning: 'SKRequest' is deprecated: first deprecated in iOS 18.0 - No longer supported.
	11 | @interface FIAPRequestHandler : NSObject <FLTRequestHandlerProtocol>
	12 |
	13 | - (instancetype)initWithRequest:(SKRequest *)request;
	   |                                  `- warning: 'SKRequest' is deprecated: first deprecated in iOS 18.0 - No longer supported.
	14 | - (void)startProductRequestWithCompletionHandler:(ProductRequestCompletion)completion;
	15 |

	/Applications/Xcode.app/Contents/Developer/Platforms/iPhoneSimulator.platform/Developer/SDKs/iPhoneSimulator26.2.sdk/System/Library/Frameworks/StoreKit.framework/Headers/SKRequest.h:19:12: note: 'SKRequest' has been explicitly marked deprecated here
	17 | API_DEPRECATED("No longer supported.", ios(3.0, 18.0), macos(10.7, 15.0), watchos(6.2, 11.0), visionos(1.0, 2.0))
	18 | NS_SWIFT_NONSENDABLE
	19 | @interface SKRequest : NSObject {
	   |            `- note: 'SKRequest' has been explicitly marked deprecated here
	20 | @private
	21 |     id _requestInternal;
	<HOME>/.pub-cache/hosted/pub.dev/flutter_doc_scanner-0.0.20/ios/Classes/AutoScanViewController.swift:51:16: warning: 'contentEdgeInsets' was deprecated in iOS 15.0: This property is ignored when using UIButtonConfiguration
	        button.contentEdgeInsets = UIEdgeInsets(top: 8, left: 14, bottom: 8, right: 14)
	               ^
	<HOME>/.pub-cache/hosted/pub.dev/url_launcher_ios-6.3.3/ios/url_launcher_ios/Sources/url_launcher_ios/URLLauncherPlugin.swift:22:26: warning: 'keyWindow' was deprecated in iOS 13.0: Should not be used for applications that support multiple scenes as it returns a key window across all connected scenes
	    UIApplication.shared.keyWindow?.rootViewController?.topViewController
	                         ^
	<REPO>/apps/mobile/ios/Pods/Sentry/Sources/Swift/Integrations/Performance/IO/Data+SentryTracing.swift:1:22: warning: using '@_implementationOnly' without enabling library evolution for 'Sentry' may lead to instability during execution
	@_implementationOnly import _SentryPrivate
	                     ^
	<REPO>/apps/mobile/ios/Pods/Sentry/Sources/Swift/Integrations/Performance/IO/FileManager+SentryTracing.swift:1:22: warning: using '@_implementationOnly' without enabling library evolution for 'Sentry' may lead to instability during execution
	@_implementationOnly import _SentryPrivate
	                     ^
	<REPO>/apps/mobile/ios/Pods/Sentry/Sources/Swift/Tools/LoadValidator.swift:1:22: warning: using '@_implementationOnly' without enabling library evolution for 'Sentry' may lead to instability during execution
	@_implementationOnly import _SentryPrivate
	                     ^
	<REPO>/apps/mobile/ios/Pods/Sentry/Sources/Swift/SentryAppState.swift:1:22: warning: using '@_implementationOnly' without enabling library evolution for 'Sentry' may lead to instability during execution
	@_implementationOnly import _SentryPrivate
	                     ^
	<REPO>/apps/mobile/ios/Pods/Sentry/Sources/Swift/Core/Helper/SentryBinaryImageCache.swift:1:22: warning: using '@_implementationOnly' without enabling library evolution for 'Sentry' may lead to instability during execution
	@_implementationOnly import _SentryPrivate
	                     ^
	<REPO>/apps/mobile/ios/Pods/Sentry/Sources/Swift/Protocol/Codable/SentryBreadcrumbCodable.swift:1:22: warning: using '@_implementationOnly' without enabling library evolution for 'Sentry' may lead to instability during execution
	@_implementationOnly import _SentryPrivate
	                     ^
	<REPO>/apps/mobile/ios/Pods/Sentry/Sources/Swift/Protocol/Codable/SentryCodable.swift:1:22: warning: using '@_implementationOnly' without enabling library evolution for 'Sentry' may lead to instability during execution
	@_implementationOnly import _SentryPrivate
	                     ^
	<REPO>/apps/mobile/ios/Pods/Sentry/Sources/Swift/SentryCrash/SentryCrashWrapper.swift:1:22: warning: using '@_implementationOnly' without enabling library evolution for 'Sentry' may lead to instability during execution
	@_implementationOnly import _SentryPrivate
	                     ^
	<REPO>/apps/mobile/ios/Pods/Sentry/Sources/Swift/Protocol/Codable/SentryDebugMetaCodable.swift:1:22: warning: using '@_implementationOnly' without enabling library evolution for 'Sentry' may lead to instability during execution
	@_implementationOnly import _SentryPrivate
	                     ^
	<REPO>/apps/mobile/ios/Pods/Sentry/Sources/Swift/Helper/SentryDispatchQueueWrapper.swift:1:22: warning: using '@_implementationOnly' without enabling library evolution for 'Sentry' may lead to instability during execution
	@_implementationOnly import _SentryPrivate
	                     ^
	<REPO>/apps/mobile/ios/Pods/Sentry/Sources/Swift/Helper/SentryDispatchSourceWrapper.swift:1:22: warning: using '@_implementationOnly' without enabling library evolution for 'Sentry' may lead to instability during execution
	@_implementationOnly import _SentryPrivate
	                     ^
	<REPO>/apps/mobile/ios/Pods/Sentry/Sources/Swift/Helper/SentryEnabledFeaturesBuilder.swift:1:22: warning: using '@_implementationOnly' without enabling library evolution for 'Sentry' may lead to instability during execution
	@_implementationOnly import _SentryPrivate
	                     ^
	<REPO>/apps/mobile/ios/Pods/Sentry/Sources/Swift/Tools/SentryEnvelope.swift:1:22: warning: using '@_implementationOnly' without enabling library evolution for 'Sentry' may lead to instability during execution
	@_implementationOnly import _SentryPrivate
	                     ^
	<REPO>/apps/mobile/ios/Pods/Sentry/Sources/Swift/Tools/SentryEnvelopeHeader.swift:1:22: warning: using '@_implementationOnly' without enabling library evolution for 'Sentry' may lead to instability during execution
	@_implementationOnly import _SentryPrivate
	                     ^
	<REPO>/apps/mobile/ios/Pods/Sentry/Sources/Swift/Tools/SentryEnvelopeItem.swift:1:22: warning: using '@_implementationOnly' without enabling library evolution for 'Sentry' may lead to instability during execution
	@_implementationOnly import _SentryPrivate
	                     ^
	<REPO>/apps/mobile/ios/Pods/Sentry/Sources/Swift/Protocol/Codable/SentryEventCodable.swift:1:22: warning: using '@_implementationOnly' without enabling library evolution for 'Sentry' may lead to instability during execution
	@_implementationOnly import _SentryPrivate
	                     ^
	<REPO>/apps/mobile/ios/Pods/Sentry/Sources/Swift/Protocol/Codable/SentryExceptionCodable.swift:1:22: warning: using '@_implementationOnly' without enabling library evolution for 'Sentry' may lead to instability during execution
	@_implementationOnly import _SentryPrivate
	                     ^
	<REPO>/apps/mobile/ios/Pods/Sentry/Sources/Swift/Integrations/UserFeedback/SentryFeedback.swift:1:22: warning: using '@_implementationOnly' without enabling library evolution for 'Sentry' may lead to instability during execution
	@_implementationOnly import _SentryPrivate
	                     ^
	<REPO>/apps/mobile/ios/Pods/Sentry/Sources/Swift/Integrations/Performance/IO/SentryFileIOTracker+SwiftHelpers.swift:1:22: warning: using '@_implementationOnly' without enabling library evolution for 'Sentry' may lead to instability during execution
	@_implementationOnly import _SentryPrivate
	                     ^
	<REPO>/apps/mobile/ios/Pods/Sentry/Sources/Swift/Protocol/Codable/SentryFrameCodable.swift:1:22: warning: using '@_implementationOnly' without enabling library evolution for 'Sentry' may lead to instability during execution
	@_implementationOnly import _SentryPrivate
	                     ^
	<REPO>/apps/mobile/ios/Pods/Sentry/Sources/Swift/Protocol/Codable/SentryGeoCodable.swift:1:22: warning: using '@_implementationOnly' without enabling library evolution for 'Sentry' may lead to instability during execution
	@_implementationOnly import _SentryPrivate
	                     ^
	<REPO>/apps/mobile/ios/Pods/Sentry/Sources/Swift/Tools/SentryLogBatcher.swift:1:22: warning: using '@_implementationOnly' without enabling library evolution for 'Sentry' may lead to instability during execution
	@_implementationOnly import _SentryPrivate
	                     ^
	<REPO>/apps/mobile/ios/Pods/Sentry/Sources/Swift/Tools/SentryLogger.swift:1:22: warning: using '@_implementationOnly' without enabling library evolution for 'Sentry' may lead to instability during execution
	@_implementationOnly import _SentryPrivate
	                     ^
	<REPO>/apps/mobile/ios/Pods/Sentry/Sources/Swift/Protocol/Codable/SentryMechanismCodable.swift:1:22: warning: using '@_implementationOnly' without enabling library evolution for 'Sentry' may lead to instability during execution
	@_implementationOnly import _SentryPrivate
	                     ^
	<REPO>/apps/mobile/ios/Pods/Sentry/Sources/Swift/Protocol/Codable/SentryMechanismMetaCodable.swift:1:22: warning: using '@_implementationOnly' without enabling library evolution for 'Sentry' may lead to instability during execution
	@_implementationOnly import _SentryPrivate
	                     ^
	<REPO>/apps/mobile/ios/Pods/Sentry/Sources/Swift/Protocol/Codable/SentryMessage.swift:1:22: warning: using '@_implementationOnly' without enabling library evolution for 'Sentry' may lead to instability during execution
	@_implementationOnly import _SentryPrivate
	                     ^
	<REPO>/apps/mobile/ios/Pods/Sentry/Sources/Swift/Helper/SentryMigrateSessionInit.swift:1:22: warning: using '@_implementationOnly' without enabling library evolution for 'Sentry' may lead to instability during execution
	@_implementationOnly import _SentryPrivate
	                     ^
	<REPO>/apps/mobile/ios/Pods/Sentry/Sources/Swift/Protocol/Codable/SentryNSErrorCodable.swift:1:22: warning: using '@_implementationOnly' without enabling library evolution for 'Sentry' may lead to instability during execution
	@_implementationOnly import _SentryPrivate
	                     ^
	<REPO>/apps/mobile/ios/Pods/Sentry/Sources/Swift/Integrations/SessionReplay/SentryOnDemandReplay.swift:5:22: warning: using '@_implementationOnly' without enabling library evolution for 'Sentry' may lead to instability during execution
	@_implementationOnly import _SentryPrivate
	                     ^
	<REPO>/apps/mobile/ios/Pods/Sentry/Sources/Swift/Integrations/SessionReplay/SentryReplayEvent.swift:1:22: warning: using '@_implementationOnly' without enabling library evolution for 'Sentry' may lead to instability during execution
	@_implementationOnly import _SentryPrivate
	                     ^
	<REPO>/apps/mobile/ios/Pods/Sentry/Sources/Swift/Integrations/SessionReplay/SentryReplayRecording.swift:1:22: warning: using '@_implementationOnly' without enabling library evolution for 'Sentry' may lead to instability during execution
	@_implementationOnly import _SentryPrivate
	                     ^
	<REPO>/apps/mobile/ios/Pods/Sentry/Sources/Swift/Protocol/Codable/SentryRequestCodable.swift:1:22: warning: using '@_implementationOnly' without enabling library evolution for 'Sentry' may lead to instability during execution
	@_implementationOnly import _SentryPrivate
	                     ^
	<REPO>/apps/mobile/ios/Pods/Sentry/Sources/Swift/Integrations/SessionReplay/RRWeb/SentryRRWebEvent.swift:1:22: warning: using '@_implementationOnly' without enabling library evolution for 'Sentry' may lead to instability during execution
	@_implementationOnly import _SentryPrivate
	                     ^
	<REPO>/apps/mobile/ios/Pods/Sentry/Sources/Swift/Integrations/SessionReplay/RRWeb/SentryRRWebOptionsEvent.swift:1:22: warning: using '@_implementationOnly' without enabling library evolution for 'Sentry' may lead to instability during execution
	@_implementationOnly import _SentryPrivate
	                     ^
	<REPO>/apps/mobile/ios/Pods/Sentry/Sources/Swift/Persistence/SentryScopePersistentStore.swift:1:22: warning: using '@_implementationOnly' without enabling library evolution for 'Sentry' may lead to instability during execution
	@_implementationOnly import _SentryPrivate
	                     ^
	<REPO>/apps/mobile/ios/Pods/Sentry/Sources/Swift/Persistence/SentryScopePersistentStore+Context.swift:1:22: warning: using '@_implementationOnly' without enabling library evolution for 'Sentry' may lead to instability during execution
	@_implementationOnly import _SentryPrivate
	                     ^
	<REPO>/apps/mobile/ios/Pods/Sentry/Sources/Swift/Persistence/SentryScopePersistentStore+Extras.swift:1:22: warning: using '@_implementationOnly' without enabling library evolution for 'Sentry' may lead to instability during execution
	@_implementationOnly import _SentryPrivate
	                     ^
	<REPO>/apps/mobile/ios/Pods/Sentry/Sources/Swift/Persistence/SentryScopePersistentStore+Fingerprint.swift:1:22: warning: using '@_implementationOnly' without enabling library evolution for 'Sentry' may lead to instability during execution
	@_implementationOnly import _SentryPrivate
	                     ^
	<REPO>/apps/mobile/ios/Pods/Sentry/Sources/Swift/Persistence/SentryScopePersistentStore+Helper.swift:1:22: warning: using '@_implementationOnly' without enabling library evolution for 'Sentry' may lead to instability during execution
	@_implementationOnly import _SentryPrivate
	                     ^
	<REPO>/apps/mobile/ios/Pods/Sentry/Sources/Swift/Persistence/SentryScopePersistentStore+Tags.swift:1:22: warning: using '@_implementationOnly' without enabling library evolution for 'Sentry' may lead to instability during execution
	@_implementationOnly import _SentryPrivate
	                     ^
	<REPO>/apps/mobile/ios/Pods/Sentry/Sources/Swift/Persistence/SentryScopePersistentStore+User.swift:1:22: warning: using '@_implementationOnly' without enabling library evolution for 'Sentry' may lead to instability during execution
	@_implementationOnly import _SentryPrivate
	                     ^
	<REPO>/apps/mobile/ios/Pods/Sentry/Sources/Swift/Core/Tools/ViewCapture/SentryScreenshotSource.swift:4:22: warning: using '@_implementationOnly' without enabling library evolution for 'Sentry' may lead to instability during execution
	@_implementationOnly import _SentryPrivate
	                     ^
	<REPO>/apps/mobile/ios/Pods/Sentry/Sources/Swift/Helper/SentrySDK.swift:2:22: warning: using '@_implementationOnly' without enabling library evolution for 'Sentry' may lead to instability during execution
	@_implementationOnly import _SentryPrivate
	                     ^
	<REPO>/apps/mobile/ios/Pods/Sentry/Sources/Swift/Helper/SentrySdkInfo.swift:1:22: warning: using '@_implementationOnly' without enabling library evolution for 'Sentry' may lead to instability during execution
	@_implementationOnly import _SentryPrivate
	                     ^
	<REPO>/apps/mobile/ios/Pods/Sentry/Sources/Swift/Tools/SentrySDKLog+Configure.swift:1:22: warning: using '@_implementationOnly' without enabling library evolution for 'Sentry' may lead to instability during execution
	@_implementationOnly import _SentryPrivate
	                     ^
	<REPO>/apps/mobile/ios/Pods/Sentry/Sources/Swift/Helper/SentrySdkPackage.swift:1:22: warning: using '@_implementationOnly' without enabling library evolution for 'Sentry' may lead to instability during execution
	@_implementationOnly import _SentryPrivate
	                     ^
	<REPO>/apps/mobile/ios/Pods/Sentry/Sources/Swift/Helper/SentrySerializationSwift.swift:1:22: warning: using '@_implementationOnly' without enabling library evolution for 'Sentry' may lead to instability during execution
	@_implementationOnly import _SentryPrivate
	                     ^
	<REPO>/apps/mobile/ios/Pods/Sentry/Sources/Swift/SentrySession.swift:1:22: warning: using '@_implementationOnly' without enabling library evolution for 'Sentry' may lead to instability during execution
	@_implementationOnly import _SentryPrivate
	                     ^
	<REPO>/apps/mobile/ios/Pods/Sentry/Sources/Swift/Integrations/SessionReplay/SentrySessionReplay.swift:3:22: warning: using '@_implementationOnly' without enabling library evolution for 'Sentry' may lead to instability during execution
	@_implementationOnly import _SentryPrivate
	                     ^
	<REPO>/apps/mobile/ios/Pods/Sentry/Sources/Swift/Integrations/SessionReplay/SentrySRDefaultBreadcrumbConverter.swift:1:22: warning: using '@_implementationOnly' without enabling library evolution for 'Sentry' may lead to instability during execution
	@_implementationOnly import _SentryPrivate
	                     ^
	<REPO>/apps/mobile/ios/Pods/Sentry/Sources/Swift/Protocol/Codable/SentryStacktraceCodable.swift:1:22: warning: using '@_implementationOnly' without enabling library evolution for 'Sentry' may lead to instability during execution
	@_implementationOnly import _SentryPrivate
	                     ^
	<REPO>/apps/mobile/ios/Pods/Sentry/Sources/Swift/Helper/SentrySysctl.swift:1:22: warning: using '@_implementationOnly' without enabling library evolution for 'Sentry' may lead to instability during execution
	@_implementationOnly import _SentryPrivate
	                     ^
	<REPO>/apps/mobile/ios/Pods/Sentry/Sources/Swift/Protocol/Codable/SentryThreadCodable.swift:1:22: warning: using '@_implementationOnly' without enabling library evolution for 'Sentry' may lead to instability during execution
	@_implementationOnly import _SentryPrivate
	                     ^
	<REPO>/apps/mobile/ios/Pods/Sentry/Sources/Swift/Integrations/SessionReplay/SentryTouchTracker.swift:3:22: warning: using '@_implementationOnly' without enabling library evolution for 'Sentry' may lead to instability during execution
	@_implementationOnly import _SentryPrivate
	                     ^
	<REPO>/apps/mobile/ios/Pods/Sentry/Sources/Swift/Tools/SentryURLRequestFactory.swift:1:22: warning: using '@_implementationOnly' without enabling library evolution for 'Sentry' may lead to instability during execution
	@_implementationOnly import _SentryPrivate
	                     ^
	<REPO>/apps/mobile/ios/Pods/Sentry/Sources/Swift/Protocol/Codable/SentryUserCodable.swift:1:22: warning: using '@_implementationOnly' without enabling library evolution for 'Sentry' may lead to instability during execution
	@_implementationOnly import _SentryPrivate
	                     ^
	<REPO>/apps/mobile/ios/Pods/Sentry/Sources/Swift/Integrations/UserFeedback/SentryUserFeedbackFormViewModel.swift:5:22: warning: using '@_implementationOnly' without enabling library evolution for 'Sentry' may lead to instability during execution
	@_implementationOnly import _SentryPrivate
	                     ^
	<REPO>/apps/mobile/ios/Pods/Sentry/Sources/Swift/Integrations/UserFeedback/SentryUserFeedbackIntegrationDriver.swift:3:22: warning: using '@_implementationOnly' without enabling library evolution for 'Sentry' may lead to instability during execution
	@_implementationOnly import _SentryPrivate
	                     ^
	<REPO>/apps/mobile/ios/Pods/Sentry/Sources/Swift/Integrations/UserFeedback/SentryUserFeedbackWidgetButtonMegaphoneIconView.swift:3:22: warning: using '@_implementationOnly' without enabling library evolution for 'Sentry' may lead to instability during execution
	@_implementationOnly import _SentryPrivate
	                     ^
	<REPO>/apps/mobile/ios/Pods/Sentry/Sources/Swift/Integrations/UserFeedback/SentryUserFeedbackWidgetButtonView.swift:3:22: warning: using '@_implementationOnly' without enabling library evolution for 'Sentry' may lead to instability during execution
	@_implementationOnly import _SentryPrivate
	                     ^
	<REPO>/apps/mobile/ios/Pods/Sentry/Sources/Swift/Tools/SentryViewHierarchyProvider.swift:3:22: warning: using '@_implementationOnly' without enabling library evolution for 'Sentry' may lead to instability during execution
	@_implementationOnly import _SentryPrivate
	                     ^
	<REPO>/apps/mobile/ios/Pods/Sentry/Sources/Swift/Core/Tools/ViewCapture/SentryViewPhotographer.swift:4:22: warning: using '@_implementationOnly' without enabling library evolution for 'Sentry' may lead to instability during execution
	@_implementationOnly import _SentryPrivate
	                     ^
	<REPO>/apps/mobile/ios/Pods/Sentry/Sources/Swift/Integrations/WatchdogTerminations/Processors/SentryWatchdogTerminationAttributesProcessor.swift:1:22: warning: using '@_implementationOnly' without enabling library evolution for 'Sentry' may lead to instability during execution
	@_implementationOnly import _SentryPrivate
	                     ^
	<HOME>/.pub-cache/hosted/pub.dev/url_launcher_ios-6.3.3/ios/url_launcher_ios/Sources/url_launcher_ios/URLLauncherPlugin.swift:22:26: warning: 'keyWindow' was deprecated in iOS 13.0: Should not be used for applications that support multiple scenes as it returns a key window across all connected scenes
	    UIApplication.shared.keyWindow?.rootViewController?.topViewController
	                         ^
	<HOME>/.pub-cache/hosted/pub.dev/sign_in_with_apple-6.1.4/ios/Classes/SignInWithAppleError.swift:99:13: warning: switch must be exhaustive
	            switch code {
	            ^
	<HOME>/.pub-cache/hosted/pub.dev/sign_in_with_apple-6.1.4/ios/Classes/SignInWithAppleError.swift:99:13: note: add missing case: '.credentialImport'
	            switch code {
	            ^
	<HOME>/.pub-cache/hosted/pub.dev/sign_in_with_apple-6.1.4/ios/Classes/SignInWithAppleError.swift:99:13: note: add missing case: '.credentialExport'
	            switch code {
	            ^
	<HOME>/.pub-cache/hosted/pub.dev/sign_in_with_apple-6.1.4/ios/Classes/SignInWithAppleError.swift:99:13: note: add missing case: '.preferSignInWithApple'
	            switch code {
	            ^
	<HOME>/.pub-cache/hosted/pub.dev/sign_in_with_apple-6.1.4/ios/Classes/SignInWithAppleError.swift:99:13: note: add missing case: '.deviceNotConfiguredForPasskeyCreation'
	            switch code {
	            ^
	<HOME>/.pub-cache/hosted/pub.dev/sign_in_with_apple-6.1.4/ios/Classes/SignInWithAppleError.swift:99:13: note: add missing cases
	            switch code {
	            ^
	<HOME>/.pub-cache/hosted/pub.dev/sign_in_with_apple-6.1.4/ios/Classes/SignInWithAppleError.swift:99:13: warning: switch must be exhaustive
	            switch code {
	            ^
	<HOME>/.pub-cache/hosted/pub.dev/sign_in_with_apple-6.1.4/ios/Classes/SignInWithAppleError.swift:99:13: note: add missing case: '.credentialImport'
	            switch code {
	            ^
	<HOME>/.pub-cache/hosted/pub.dev/sign_in_with_apple-6.1.4/ios/Classes/SignInWithAppleError.swift:99:13: note: add missing case: '.credentialExport'
	            switch code {
	            ^
	<HOME>/.pub-cache/hosted/pub.dev/sign_in_with_apple-6.1.4/ios/Classes/SignInWithAppleError.swift:99:13: note: add missing case: '.preferSignInWithApple'
	            switch code {
	            ^
	<HOME>/.pub-cache/hosted/pub.dev/sign_in_with_apple-6.1.4/ios/Classes/SignInWithAppleError.swift:99:13: note: add missing case: '.deviceNotConfiguredForPasskeyCreation'
	            switch code {
	            ^
	<HOME>/.pub-cache/hosted/pub.dev/sign_in_with_apple-6.1.4/ios/Classes/SignInWithAppleError.swift:99:13: note: add missing cases
	            switch code {
	            ^
	<HOME>/.pub-cache/hosted/pub.dev/patrol-4.6.1/darwin/Classes/AutomatorServer/Automator/IOSAutomator.swift:254:15: warning: value 'element' was defined but never used; consider replacing with boolean test
	          let element = self.waitFor(
	          ~~~~^~~~~~~~~~

	<HOME>/.pub-cache/hosted/pub.dev/patrol-4.6.1/darwin/Classes/AutomatorServer/Automator/IOSAutomator.swift:1062:7: warning: code after 'throw' will never be executed
	      try runAction(log) {
	      ^
	<HOME>/.pub-cache/hosted/pub.dev/patrol-4.6.1/darwin/Classes/AutomatorServer/Localization.swift:13:52: warning: 'languageCode' was deprecated in iOS 16: renamed to 'language.languageCode.identifier'
	      return Locale(identifier: preferredLanguage).languageCode
	                                                   ^
	<HOME>/.pub-cache/hosted/pub.dev/patrol-4.6.1/darwin/Classes/AutomatorServer/Localization.swift:13:52: note: use 'language.languageCode.identifier' instead
	      return Locale(identifier: preferredLanguage).languageCode
	                                                   ^~~~~~~~~~~~
	                                                   language.languageCode.identifier
	<HOME>/.pub-cache/hosted/pub.dev/patrol-4.6.1/darwin/Classes/AutomatorServer/Automator/IOSAutomator.swift:254:15: warning: value 'element' was defined but never used; consider replacing with boolean test
	          let element = self.waitFor(
	          ~~~~^~~~~~~~~~

	<HOME>/.pub-cache/hosted/pub.dev/patrol-4.6.1/darwin/Classes/AutomatorServer/Automator/IOSAutomator.swift:1062:7: warning: code after 'throw' will never be executed
	      try runAction(log) {
	      ^
	<HOME>/.pub-cache/hosted/pub.dev/patrol-4.6.1/darwin/Classes/AutomatorServer/Localization.swift:13:52: warning: 'languageCode' was deprecated in iOS 16: renamed to 'language.languageCode.identifier'
	      return Locale(identifier: preferredLanguage).languageCode
	                                                   ^
	<HOME>/.pub-cache/hosted/pub.dev/patrol-4.6.1/darwin/Classes/AutomatorServer/Localization.swift:13:52: note: use 'language.languageCode.identifier' instead
	      return Locale(identifier: preferredLanguage).languageCode
	                                                   ^~~~~~~~~~~~
	                                                   language.languageCode.identifier
	<HOME>/.pub-cache/hosted/pub.dev/patrol-4.6.1/darwin/Classes/Telegraph/Helpers/Extensions/FileManager+Ext.swift:25:18: warning: 'UTTypeCreatePreferredIdentifierForTag' was deprecated in iOS 15.0: Use the UTType class instead.
	    if let uti = UTTypeCreatePreferredIdentifierForTag(
	                 ^
	<HOME>/.pub-cache/hosted/pub.dev/patrol-4.6.1/darwin/Classes/Telegraph/Helpers/Extensions/FileManager+Ext.swift:26:7: warning: 'kUTTagClassFilenameExtension' was deprecated in iOS 15.0: Use UTTagClassFilenameExtension instead.
	      kUTTagClassFilenameExtension, pathExtension as CFString, nil)?.takeRetainedValue(),
	      ^
	<HOME>/.pub-cache/hosted/pub.dev/patrol-4.6.1/darwin/Classes/Telegraph/Helpers/Extensions/FileManager+Ext.swift:27:22: warning: 'UTTypeCopyPreferredTagWithClass' was deprecated in iOS 15.0: Use the UTType class instead.
	      let mimeType = UTTypeCopyPreferredTagWithClass(uti, kUTTagClassMIMEType)?.takeRetainedValue()
	                     ^
	<HOME>/.pub-cache/hosted/pub.dev/patrol-4.6.1/darwin/Classes/Telegraph/Helpers/Extensions/FileManager+Ext.swift:27:59: warning: 'kUTTagClassMIMEType' was deprecated in iOS 15.0: Use UTTagClassMIMEType instead.
	      let mimeType = UTTypeCopyPreferredTagWithClass(uti, kUTTagClassMIMEType)?.takeRetainedValue()
	                                                          ^
	<HOME>/.pub-cache/hosted/pub.dev/patrol-4.6.1/darwin/Classes/Telegraph/Helpers/Extensions/FileManager+Ext.swift:25:18: warning: 'UTTypeCreatePreferredIdentifierForTag' was deprecated in iOS 15.0: Use the UTType class instead.
	    if let uti = UTTypeCreatePreferredIdentifierForTag(
	                 ^
	<HOME>/.pub-cache/hosted/pub.dev/patrol-4.6.1/darwin/Classes/Telegraph/Helpers/Extensions/FileManager+Ext.swift:26:7: warning: 'kUTTagClassFilenameExtension' was deprecated in iOS 15.0: Use UTTagClassFilenameExtension instead.
	      kUTTagClassFilenameExtension, pathExtension as CFString, nil)?.takeRetainedValue(),
	      ^
	<HOME>/.pub-cache/hosted/pub.dev/patrol-4.6.1/darwin/Classes/Telegraph/Helpers/Extensions/FileManager+Ext.swift:27:22: warning: 'UTTypeCopyPreferredTagWithClass' was deprecated in iOS 15.0: Use the UTType class instead.
	      let mimeType = UTTypeCopyPreferredTagWithClass(uti, kUTTagClassMIMEType)?.takeRetainedValue()
	                     ^
	<HOME>/.pub-cache/hosted/pub.dev/patrol-4.6.1/darwin/Classes/Telegraph/Helpers/Extensions/FileManager+Ext.swift:27:59: warning: 'kUTTagClassMIMEType' was deprecated in iOS 15.0: Use UTTagClassMIMEType instead.
	      let mimeType = UTTypeCopyPreferredTagWithClass(uti, kUTTagClassMIMEType)?.takeRetainedValue()
	                                                          ^
	<HOME>/.pub-cache/hosted/pub.dev/patrol-4.6.1/darwin/Classes/Telegraph/Security/TLSPolicy.swift:36:5: warning: 'SecTrustEvaluate' was deprecated in iOS 13.0: renamed to 'SecTrustEvaluateWithError(_:_:)'
	    SecTrustEvaluate(trust, &result)
	    ^
	<HOME>/.pub-cache/hosted/pub.dev/patrol-4.6.1/darwin/Classes/Telegraph/Security/TLSPolicy.swift:36:5: note: use 'SecTrustEvaluateWithError(_:_:)' instead
	    SecTrustEvaluate(trust, &result)
	    ^~~~~~~~~~~~~~~~
	    SecTrustEvaluateWithError
	<HOME>/.pub-cache/hosted/pub.dev/patrol-4.6.1/darwin/Classes/Telegraph/Security/TLSPolicy.swift:36:5: warning: 'SecTrustEvaluate' was deprecated in iOS 13.0: renamed to 'SecTrustEvaluateWithError(_:_:)'
	    SecTrustEvaluate(trust, &result)
	    ^
	<HOME>/.pub-cache/hosted/pub.dev/patrol-4.6.1/darwin/Classes/Telegraph/Security/TLSPolicy.swift:36:5: note: use 'SecTrustEvaluateWithError(_:_:)' instead
	    SecTrustEvaluate(trust, &result)
	    ^~~~~~~~~~~~~~~~
	    SecTrustEvaluateWithError
	<HOME>/.pub-cache/hosted/pub.dev/in_app_purchase_storekit-0.4.4/darwin/in_app_purchase_storekit/Sources/in_app_purchase_storekit/StoreKit2/StoreKit2Translators.swift:204:21: warning: 'currencyCode' was deprecated in iOS 16: renamed to 'currency.identifier'
	      currencyCode: currencyCode ?? "",
	                    ^
	<HOME>/.pub-cache/hosted/pub.dev/in_app_purchase_storekit-0.4.4/darwin/in_app_purchase_storekit/Sources/in_app_purchase_storekit/StoreKit2/StoreKit2Translators.swift:204:21: note: use 'currency.identifier' instead
	      currencyCode: currencyCode ?? "",
	                    ^~~~~~~~~~~~
	                    currency.identifier
	<HOME>/.pub-cache/hosted/pub.dev/in_app_purchase_storekit-0.4.4/darwin/in_app_purchase_storekit/Sources/in_app_purchase_storekit/StoreKit2/StoreKit2Translators.swift:204:21: warning: 'currencyCode' was deprecated in iOS 16: renamed to 'currency.identifier'
	      currencyCode: currencyCode ?? "",
	                    ^
	<HOME>/.pub-cache/hosted/pub.dev/in_app_purchase_storekit-0.4.4/darwin/in_app_purchase_storekit/Sources/in_app_purchase_storekit/StoreKit2/StoreKit2Translators.swift:204:21: note: use 'currency.identifier' instead
	      currencyCode: currencyCode ?? "",
	                    ^~~~~~~~~~~~
	                    currency.identifier
	<HOME>/.pub-cache/hosted/pub.dev/flutter_tts-4.2.5/ios/Classes/SwiftFlutterTtsPlugin.swift:10:7: warning: stored property 'synthesizer' of 'Sendable'-conforming class 'SwiftFlutterTtsPlugin' has non-Sendable type 'AVSpeechSynthesizer'
	  let synthesizer = AVSpeechSynthesizer()
	      ^
	/Applications/Xcode.app/Contents/Developer/Platforms/iPhoneSimulator.platform/Developer/SDKs/iPhoneSimulator26.2.sdk/System/Library/Frameworks/AVFAudio.framework/Headers/AVSpeechSynthesis.h:227:12: note: class 'AVSpeechSynthesizer' does not conform to the 'Sendable' protocol
	@interface AVSpeechSynthesizer : NSObject
	           ^
	<HOME>/.pub-cache/hosted/pub.dev/image_picker_ios-0.8.13/ios/image_picker_ios/Sources/image_picker_ios/FLTImagePickerImageUtil.m:120:71: warning: 'kUTTypeGIF' is deprecated: first deprecated in iOS 15.0 - Use UTTypeGIF or UTType.gif (swift) instead. [-Wdeprecated-declarations]
	  120 |   options[(NSString *)kCGImageSourceTypeIdentifierHint] = (NSString *)kUTTypeGIF;
	      |                                                                       ^
	In module 'MobileCoreServices' imported from <HOME>/.pub-cache/hosted/pub.dev/image_picker_ios-0.8.13/ios/image_picker_ios/Sources/image_picker_ios/FLTImagePickerImageUtil.m:6:
	In module 'CoreServices' imported from /Applications/Xcode.app/Contents/Developer/Platforms/iPhoneSimulator.platform/Developer/SDKs/iPhoneSimulator.sdk/System/Library/Frameworks/MobileCoreServices.framework/Headers/MobileCoreServices.h:9:
	/Applications/Xcode.app/Contents/Developer/Platforms/iPhoneSimulator.platform/Developer/SDKs/iPhoneSimulator26.2.sdk/System/Library/Frameworks/CoreServices.framework/Headers/UTCoreTypes.h:729:26: note: 'kUTTypeGIF' has been explicitly marked deprecated here
	  729 | extern const CFStringRef kUTTypeGIF                                  API_DEPRECATED("Use UTTypeGIF or UTType.gif (swift) instead.", ios(3.0, 15.0), macos(10.4, 12.0), tvos(9.0, 15.0), watchos(1.0, 8.0));
	      |                          ^
	1 warning generated.
	<HOME>/.pub-cache/hosted/pub.dev/flutter_tts-4.2.5/ios/Classes/AudioCategoryOptions.swift:25:15: warning: 'allowBluetooth' was deprecated in iOS 8.0: renamed to 'AVAudioSession.CategoryOptions.allowBluetoothHFP'
	      return .allowBluetooth
	              ^
	<HOME>/.pub-cache/hosted/pub.dev/flutter_tts-4.2.5/ios/Classes/AudioCategoryOptions.swift:25:15: note: use 'AVAudioSession.CategoryOptions.allowBluetoothHFP' instead
	      return .allowBluetooth
	              ^~~~~~~~~~~~~~
	              AVAudioSession.CategoryOptions.allowBluetoothHFP
	<HOME>/.pub-cache/hosted/pub.dev/image_picker_ios-0.8.13/ios/image_picker_ios/Sources/image_picker_ios/FLTImagePickerImageUtil.m:120:71: warning: 'kUTTypeGIF' is deprecated: first deprecated in iOS 15.0 - Use UTTypeGIF or UTType.gif (swift) instead. [-Wdeprecated-declarations]
	  120 |   options[(NSString *)kCGImageSourceTypeIdentifierHint] = (NSString *)kUTTypeGIF;
	      |                                                                       ^
	In module 'MobileCoreServices' imported from <HOME>/.pub-cache/hosted/pub.dev/image_picker_ios-0.8.13/ios/image_picker_ios/Sources/image_picker_ios/FLTImagePickerImageUtil.m:6:
	In module 'CoreServices' imported from /Applications/Xcode.app/Contents/Developer/Platforms/iPhoneSimulator.platform/Developer/SDKs/iPhoneSimulator.sdk/System/Library/Frameworks/MobileCoreServices.framework/Headers/MobileCoreServices.h:9:
	/Applications/Xcode.app/Contents/Developer/Platforms/iPhoneSimulator.platform/Developer/SDKs/iPhoneSimulator26.2.sdk/System/Library/Frameworks/CoreServices.framework/Headers/UTCoreTypes.h:729:26: note: 'kUTTypeGIF' has been explicitly marked deprecated here
	  729 | extern const CFStringRef kUTTypeGIF                                  API_DEPRECATED("Use UTTypeGIF or UTType.gif (swift) instead.", ios(3.0, 15.0), macos(10.4, 12.0), tvos(9.0, 15.0), watchos(1.0, 8.0));
	      |                          ^
	1 warning generated.
	<HOME>/.pub-cache/hosted/pub.dev/flutter_tts-4.2.5/ios/Classes/AudioCategoryOptions.swift:25:15: warning: 'allowBluetooth' was deprecated in iOS 8.0: renamed to 'AVAudioSession.CategoryOptions.allowBluetoothHFP'
	      return .allowBluetooth
	              ^
	<HOME>/.pub-cache/hosted/pub.dev/flutter_tts-4.2.5/ios/Classes/AudioCategoryOptions.swift:25:15: note: use 'AVAudioSession.CategoryOptions.allowBluetoothHFP' instead
	      return .allowBluetooth
	              ^~~~~~~~~~~~~~
	              AVAudioSession.CategoryOptions.allowBluetoothHFP
	<HOME>/.pub-cache/hosted/pub.dev/flutter_tts-4.2.5/ios/Classes/SwiftFlutterTtsPlugin.swift:10:7: warning: stored property 'synthesizer' of 'Sendable'-conforming class 'SwiftFlutterTtsPlugin' has non-Sendable type 'AVSpeechSynthesizer'
	  let synthesizer = AVSpeechSynthesizer()
	      ^
	/Applications/Xcode.app/Contents/Developer/Platforms/iPhoneSimulator.platform/Developer/SDKs/iPhoneSimulator26.2.sdk/System/Library/Frameworks/AVFAudio.framework/Headers/AVSpeechSynthesis.h:227:12: note: class 'AVSpeechSynthesizer' does not conform to the 'Sendable' protocol
	@interface AVSpeechSynthesizer : NSObject
	           ^
	<HOME>/.pub-cache/hosted/pub.dev/image_picker_ios-0.8.13/ios/image_picker_ios/Sources/image_picker_ios/FLTImagePickerPlugin.m:70:64: warning: 'windows' is deprecated: first deprecated in iOS 15.0 - Use UIWindowScene.windows on a relevant window scene instead [-Wdeprecated-declarations]
	   70 |     for (UIWindow *window in [UIApplication sharedApplication].windows) {
	      |                                                                ^
	In module 'UIKit' imported from <REPO>/apps/mobile/ios/Pods/Target Support Files/image_picker_ios/image_picker_ios-prefix.pch:2:
	/Applications/Xcode.app/Contents/Developer/Platforms/iPhoneSimulator.platform/Developer/SDKs/iPhoneSimulator26.2.sdk/System/Library/Frameworks/UIKit.framework/Headers/UIApplication.h:109:62: note: 'windows' has been explicitly marked deprecated here
	  109 | @property(nonatomic,readonly) NSArray<__kindof UIWindow *>  *windows API_DEPRECATED("Use UIWindowScene.windows on a relevant window scene instead", ios(2.0, 15.0), visionos(1.0, 1.0)) API_UNAVAILABLE(watchos);
	      |                                                              ^
	<HOME>/.pub-cache/hosted/pub.dev/image_picker_ios-0.8.13/ios/image_picker_ios/Sources/image_picker_ios/FLTImagePickerPlugin.m:127:39: warning: 'kUTTypeImage' is deprecated: first deprecated in iOS 15.0 - Use UTTypeImage or UTType.image (swift) instead. [-Wdeprecated-declarations]
	  127 |     [mediaTypes addObject:(NSString *)kUTTypeImage];
	      |                                       ^
	In module 'MobileCoreServices' imported from <HOME>/.pub-cache/hosted/pub.dev/image_picker_ios-0.8.13/ios/image_picker_ios/Sources/image_picker_ios/FLTImagePickerPlugin.m:9:
	In module 'CoreServices' imported from /Applications/Xcode.app/Contents/Developer/Platforms/iPhoneSimulator.platform/Developer/SDKs/iPhoneSimulator.sdk/System/Library/Frameworks/MobileCoreServices.framework/Headers/MobileCoreServices.h:9:
	/Applications/Xcode.app/Contents/Developer/Platforms/iPhoneSimulator.platform/Developer/SDKs/iPhoneSimulator26.2.sdk/System/Library/Frameworks/CoreServices.framework/Headers/UTCoreTypes.h:725:26: note: 'kUTTypeImage' has been explicitly marked deprecated here
	  725 | extern const CFStringRef kUTTypeImage                                API_DEPRECATED("Use UTTypeImage or UTType.image (swift) instead.", ios(3.0, 15.0), macos(10.4, 12.0), tvos(9.0, 15.0), watchos(1.0, 8.0));
	      |                          ^
	<HOME>/.pub-cache/hosted/pub.dev/image_picker_ios-0.8.13/ios/image_picker_ios/Sources/image_picker_ios/FLTImagePickerPlugin.m:130:39: warning: 'kUTTypeMovie' is deprecated: first deprecated in iOS 15.0 - Use UTTypeMovie or UTType.movie (swift) instead. [-Wdeprecated-declarations]
	  130 |     [mediaTypes addObject:(NSString *)kUTTypeMovie];
	      |                                       ^
	In module 'MobileCoreServices' imported from <HOME>/.pub-cache/hosted/pub.dev/image_picker_ios-0.8.13/ios/image_picker_ios/Sources/image_picker_ios/FLTImagePickerPlugin.m:9:
	In module 'CoreServices' imported from /Applications/Xcode.app/Contents/Developer/Platforms/iPhoneSimulator.platform/Developer/SDKs/iPhoneSimulator.sdk/System/Library/Frameworks/MobileCoreServices.framework/Headers/MobileCoreServices.h:9:
	/Applications/Xcode.app/Contents/Developer/Platforms/iPhoneSimulator.platform/Developer/SDKs/iPhoneSimulator26.2.sdk/System/Library/Frameworks/CoreServices.framework/Headers/UTCoreTypes.h:880:26: note: 'kUTTypeMovie' has been explicitly marked deprecated here
	  880 | extern const CFStringRef kUTTypeMovie                                API_DEPRECATED("Use UTTypeMovie or UTType.movie (swift) instead.", ios(3.0, 15.0), macos(10.4, 12.0), tvos(9.0, 15.0), watchos(1.0, 8.0));
	      |                          ^
	3 warnings generated.
	<HOME>/.pub-cache/hosted/pub.dev/image_picker_ios-0.8.13/ios/image_picker_ios/Sources/image_picker_ios/FLTImagePickerPhotoAssetUtil.m:102:56: warning: 'kUTTypeGIF' is deprecated: first deprecated in iOS 15.0 - Use UTTypeGIF or UTType.gif (swift) instead. [-Wdeprecated-declarations]
	  102 |       (__bridge CFURLRef)[NSURL fileURLWithPath:path], kUTTypeGIF, gifInfo.images.count, NULL);
	      |                                                        ^
	In module 'MobileCoreServices' imported from <HOME>/.pub-cache/hosted/pub.dev/image_picker_ios-0.8.13/ios/image_picker_ios/Sources/image_picker_ios/FLTImagePickerPhotoAssetUtil.m:9:
	In module 'CoreServices' imported from /Applications/Xcode.app/Contents/Developer/Platforms/iPhoneSimulator.platform/Developer/SDKs/iPhoneSimulator.sdk/System/Library/Frameworks/MobileCoreServices.framework/Headers/MobileCoreServices.h:9:
	/Applications/Xcode.app/Contents/Developer/Platforms/iPhoneSimulator.platform/Developer/SDKs/iPhoneSimulator26.2.sdk/System/Library/Frameworks/CoreServices.framework/Headers/UTCoreTypes.h:729:26: note: 'kUTTypeGIF' has been explicitly marked deprecated here
	  729 | extern const CFStringRef kUTTypeGIF                                  API_DEPRECATED("Use UTTypeGIF or UTType.gif (swift) instead.", ios(3.0, 15.0), macos(10.4, 12.0), tvos(9.0, 15.0), watchos(1.0, 8.0));
	      |                          ^
	1 warning generated.
	<HOME>/.pub-cache/hosted/pub.dev/flutter_doc_scanner-0.0.20/ios/Classes/AutoScanViewController.swift:51:16: warning: 'contentEdgeInsets' was deprecated in iOS 15.0: This property is ignored when using UIButtonConfiguration
	        button.contentEdgeInsets = UIEdgeInsets(top: 8, left: 14, bottom: 8, right: 14)
	               ^
	<HOME>/.pub-cache/hosted/pub.dev/flutter_doc_scanner-0.0.20/ios/Classes/AutoScanViewController.swift:192:21: warning: 'isHighResolutionCaptureEnabled' was deprecated in iOS 16.0: Use maxPhotoDimensions instead.
	        photoOutput.isHighResolutionCaptureEnabled = false
	                    ^
	<HOME>/.pub-cache/hosted/pub.dev/flutter_doc_scanner-0.0.20/ios/Classes/AutoScanViewController.swift:245:18: warning: 'isHighResolutionPhotoEnabled' was deprecated in iOS 16.0: Use maxPhotoDimensions instead.
	        settings.isHighResolutionPhotoEnabled = false
	                 ^
	<HOME>/.pub-cache/hosted/pub.dev/flutter_doc_scanner-0.0.20/ios/Classes/AutoScanViewController.swift:358:50: warning: conditional downcast from '[VNRectangleObservation]?' to '[VNRectangleObservation]' does nothing
	        guard let observation = (request.results as? [VNRectangleObservation])?.first else {
	                                 ~~~~~~~~~~~~~~~~^~~~~~~~~~~~~~~~~~~~~~~~~~~~

	<HOME>/.pub-cache/hosted/pub.dev/flutter_doc_scanner-0.0.20/ios/Classes/AutoScanViewController.swift:51:16: warning: 'contentEdgeInsets' was deprecated in iOS 15.0: This property is ignored when using UIButtonConfiguration
	        button.contentEdgeInsets = UIEdgeInsets(top: 8, left: 14, bottom: 8, right: 14)
	               ^
	<HOME>/.pub-cache/hosted/pub.dev/flutter_doc_scanner-0.0.20/ios/Classes/AutoScanViewController.swift:192:21: warning: 'isHighResolutionCaptureEnabled' was deprecated in iOS 16.0: Use maxPhotoDimensions instead.
	        photoOutput.isHighResolutionCaptureEnabled = false
	                    ^
	<HOME>/.pub-cache/hosted/pub.dev/flutter_doc_scanner-0.0.20/ios/Classes/AutoScanViewController.swift:245:18: warning: 'isHighResolutionPhotoEnabled' was deprecated in iOS 16.0: Use maxPhotoDimensions instead.
	        settings.isHighResolutionPhotoEnabled = false
	                 ^
	<HOME>/.pub-cache/hosted/pub.dev/flutter_doc_scanner-0.0.20/ios/Classes/AutoScanViewController.swift:358:50: warning: conditional downcast from '[VNRectangleObservation]?' to '[VNRectangleObservation]' does nothing
	        guard let observation = (request.results as? [VNRectangleObservation])?.first else {
	                                 ~~~~~~~~~~~~~~~~^~~~~~~~~~~~~~~~~~~~~~~~~~~~

	<HOME>/.pub-cache/hosted/pub.dev/image_picker_ios-0.8.13/ios/image_picker_ios/Sources/image_picker_ios/FLTImagePickerPlugin.m:70:64: warning: 'windows' is deprecated: first deprecated in iOS 15.0 - Use UIWindowScene.windows on a relevant window scene instead [-Wdeprecated-declarations]
	   70 |     for (UIWindow *window in [UIApplication sharedApplication].windows) {
	      |                                                                ^
	In module 'UIKit' imported from <REPO>/apps/mobile/ios/Pods/Target Support Files/image_picker_ios/image_picker_ios-prefix.pch:2:
	/Applications/Xcode.app/Contents/Developer/Platforms/iPhoneSimulator.platform/Developer/SDKs/iPhoneSimulator26.2.sdk/System/Library/Frameworks/UIKit.framework/Headers/UIApplication.h:109:62: note: 'windows' has been explicitly marked deprecated here
	  109 | @property(nonatomic,readonly) NSArray<__kindof UIWindow *>  *windows API_DEPRECATED("Use UIWindowScene.windows on a relevant window scene instead", ios(2.0, 15.0), visionos(1.0, 1.0)) API_UNAVAILABLE(watchos);
	      |                                                              ^
	<HOME>/.pub-cache/hosted/pub.dev/image_picker_ios-0.8.13/ios/image_picker_ios/Sources/image_picker_ios/FLTImagePickerPlugin.m:127:39: warning: 'kUTTypeImage' is deprecated: first deprecated in iOS 15.0 - Use UTTypeImage or UTType.image (swift) instead. [-Wdeprecated-declarations]
	  127 |     [mediaTypes addObject:(NSString *)kUTTypeImage];
	      |                                       ^
	In module 'MobileCoreServices' imported from <HOME>/.pub-cache/hosted/pub.dev/image_picker_ios-0.8.13/ios/image_picker_ios/Sources/image_picker_ios/FLTImagePickerPlugin.m:9:
	In module 'CoreServices' imported from /Applications/Xcode.app/Contents/Developer/Platforms/iPhoneSimulator.platform/Developer/SDKs/iPhoneSimulator.sdk/System/Library/Frameworks/MobileCoreServices.framework/Headers/MobileCoreServices.h:9:
	/Applications/Xcode.app/Contents/Developer/Platforms/iPhoneSimulator.platform/Developer/SDKs/iPhoneSimulator26.2.sdk/System/Library/Frameworks/CoreServices.framework/Headers/UTCoreTypes.h:725:26: note: 'kUTTypeImage' has been explicitly marked deprecated here
	  725 | extern const CFStringRef kUTTypeImage                                API_DEPRECATED("Use UTTypeImage or UTType.image (swift) instead.", ios(3.0, 15.0), macos(10.4, 12.0), tvos(9.0, 15.0), watchos(1.0, 8.0));
	      |                          ^
	<HOME>/.pub-cache/hosted/pub.dev/image_picker_ios-0.8.13/ios/image_picker_ios/Sources/image_picker_ios/FLTImagePickerPlugin.m:130:39: warning: 'kUTTypeMovie' is deprecated: first deprecated in iOS 15.0 - Use UTTypeMovie or UTType.movie (swift) instead. [-Wdeprecated-declarations]
	  130 |     [mediaTypes addObject:(NSString *)kUTTypeMovie];
	      |                                       ^
	In module 'MobileCoreServices' imported from <HOME>/.pub-cache/hosted/pub.dev/image_picker_ios-0.8.13/ios/image_picker_ios/Sources/image_picker_ios/FLTImagePickerPlugin.m:9:
	In module 'CoreServices' imported from /Applications/Xcode.app/Contents/Developer/Platforms/iPhoneSimulator.platform/Developer/SDKs/iPhoneSimulator.sdk/System/Library/Frameworks/MobileCoreServices.framework/Headers/MobileCoreServices.h:9:
	/Applications/Xcode.app/Contents/Developer/Platforms/iPhoneSimulator.platform/Developer/SDKs/iPhoneSimulator26.2.sdk/System/Library/Frameworks/CoreServices.framework/Headers/UTCoreTypes.h:880:26: note: 'kUTTypeMovie' has been explicitly marked deprecated here
	  880 | extern const CFStringRef kUTTypeMovie                                API_DEPRECATED("Use UTTypeMovie or UTType.movie (swift) instead.", ios(3.0, 15.0), macos(10.4, 12.0), tvos(9.0, 15.0), watchos(1.0, 8.0));
	      |                          ^
	3 warnings generated.
	<HOME>/.pub-cache/hosted/pub.dev/image_picker_ios-0.8.13/ios/image_picker_ios/Sources/image_picker_ios/FLTImagePickerPhotoAssetUtil.m:102:56: warning: 'kUTTypeGIF' is deprecated: first deprecated in iOS 15.0 - Use UTTypeGIF or UTType.gif (swift) instead. [-Wdeprecated-declarations]
	  102 |       (__bridge CFURLRef)[NSURL fileURLWithPath:path], kUTTypeGIF, gifInfo.images.count, NULL);
	      |                                                        ^
	In module 'MobileCoreServices' imported from <HOME>/.pub-cache/hosted/pub.dev/image_picker_ios-0.8.13/ios/image_picker_ios/Sources/image_picker_ios/FLTImagePickerPhotoAssetUtil.m:9:
	In module 'CoreServices' imported from /Applications/Xcode.app/Contents/Developer/Platforms/iPhoneSimulator.platform/Developer/SDKs/iPhoneSimulator.sdk/System/Library/Frameworks/MobileCoreServices.framework/Headers/MobileCoreServices.h:9:
	/Applications/Xcode.app/Contents/Developer/Platforms/iPhoneSimulator.platform/Developer/SDKs/iPhoneSimulator26.2.sdk/System/Library/Frameworks/CoreServices.framework/Headers/UTCoreTypes.h:729:26: note: 'kUTTypeGIF' has been explicitly marked deprecated here
	  729 | extern const CFStringRef kUTTypeGIF                                  API_DEPRECATED("Use UTTypeGIF or UTType.gif (swift) instead.", ios(3.0, 15.0), macos(10.4, 12.0), tvos(9.0, 15.0), watchos(1.0, 8.0));
	      |                          ^
	1 warning generated.
	<HOME>/.pub-cache/hosted/pub.dev/flutter_doc_scanner-0.0.20/ios/Classes/SwiftFlutterDocScannerPlugin.swift:21:70: warning: 'keyWindow' was deprecated in iOS 13.0: Should not be used for applications that support multiple scenes as it returns a key window across all connected scenes
	           let presentedVC: UIViewController? = UIApplication.shared.keyWindow?.rootViewController
	                                                                     ^
	<HOME>/.pub-cache/hosted/pub.dev/flutter_doc_scanner-0.0.20/ios/Classes/SwiftFlutterDocScannerPlugin.swift:28:70: warning: 'keyWindow' was deprecated in iOS 13.0: Should not be used for applications that support multiple scenes as it returns a key window across all connected scenes
	           let presentedVC: UIViewController? = UIApplication.shared.keyWindow?.rootViewController
	                                                                     ^
	<HOME>/.pub-cache/hosted/pub.dev/flutter_doc_scanner-0.0.20/ios/Classes/SwiftFlutterDocScannerPlugin.swift:67:70: warning: 'keyWindow' was deprecated in iOS 13.0: Should not be used for applications that support multiple scenes as it returns a key window across all connected scenes
	           let presentedVC: UIViewController? = UIApplication.shared.keyWindow?.rootViewController
	                                                                     ^
	<HOME>/.pub-cache/hosted/pub.dev/flutter_doc_scanner-0.0.20/ios/Classes/SwiftFlutterDocScannerPlugin.swift:143:12: warning: no calls to throwing functions occur within 'try' expression
	           try pdfDocument.write(to: pdfFilePath)
	           ^
	<HOME>/.pub-cache/hosted/pub.dev/flutter_doc_scanner-0.0.20/ios/Classes/SwiftFlutterDocScannerPlugin.swift:145:10: warning: 'catch' block is unreachable because no errors are thrown in 'do' block
	       } catch {
	         ^
	<HOME>/.pub-cache/hosted/pub.dev/flutter_local_notifications-18.0.1/ios/Classes/FlutterLocalNotificationsPlugin.m:913:30: warning: 'UNNotificationPresentationOptionAlert' is deprecated: first deprecated in iOS 14.0 [-Wdeprecated-declarations]
	  913 |       presentationOptions |= UNNotificationPresentationOptionAlert;
	      |                              ^~~~~~~~~~~~~~~~~~~~~~~~~~~~~~~~~~~~~
	      |                              UNNotificationPresentationOptionList | UNNotificationPresentationOptionBanner
	In module 'UserNotifications' imported from <HOME>/.pub-cache/hosted/pub.dev/flutter_local_notifications-18.0.1/ios/Classes/FlutterLocalNotificationsPlugin.h:2:
	/Applications/Xcode.app/Contents/Developer/Platforms/iPhoneSimulator.platform/Developer/SDKs/iPhoneSimulator26.2.sdk/System/Library/Frameworks/UserNotifications.framework/Headers/UNUserNotificationCenter.h:84:5: note: 'UNNotificationPresentationOptionAlert' has been explicitly marked deprecated here
	   84 |     UNNotificationPresentationOptionAlert API_DEPRECATED_WITH_REPLACEMENT("UNNotificationPresentationOptionList | UNNotificationPresentationOptionBanner", macos(10.14, 11.0), ios(10.0, 14.0), watchos(3.0, 7.0), tvos(10.0, 14.0)) = (1 << 2),
	      |     ^
	1 warning generated.
	<HOME>/.pub-cache/hosted/pub.dev/flutter_doc_scanner-0.0.20/ios/Classes/SwiftFlutterDocScannerPlugin.swift:21:70: warning: 'keyWindow' was deprecated in iOS 13.0: Should not be used for applications that support multiple scenes as it returns a key window across all connected scenes
	           let presentedVC: UIViewController? = UIApplication.shared.keyWindow?.rootViewController
	                                                                     ^
	<HOME>/.pub-cache/hosted/pub.dev/flutter_doc_scanner-0.0.20/ios/Classes/SwiftFlutterDocScannerPlugin.swift:28:70: warning: 'keyWindow' was deprecated in iOS 13.0: Should not be used for applications that support multiple scenes as it returns a key window across all connected scenes
	           let presentedVC: UIViewController? = UIApplication.shared.keyWindow?.rootViewController
	                                                                     ^
	<HOME>/.pub-cache/hosted/pub.dev/flutter_doc_scanner-0.0.20/ios/Classes/SwiftFlutterDocScannerPlugin.swift:67:70: warning: 'keyWindow' was deprecated in iOS 13.0: Should not be used for applications that support multiple scenes as it returns a key window across all connected scenes
	           let presentedVC: UIViewController? = UIApplication.shared.keyWindow?.rootViewController
	                                                                     ^
	<HOME>/.pub-cache/hosted/pub.dev/flutter_doc_scanner-0.0.20/ios/Classes/SwiftFlutterDocScannerPlugin.swift:143:12: warning: no calls to throwing functions occur within 'try' expression
	           try pdfDocument.write(to: pdfFilePath)
	           ^
	<HOME>/.pub-cache/hosted/pub.dev/flutter_doc_scanner-0.0.20/ios/Classes/SwiftFlutterDocScannerPlugin.swift:145:10: warning: 'catch' block is unreachable because no errors are thrown in 'do' block
	       } catch {
	         ^
	<HOME>/.pub-cache/hosted/pub.dev/flutter_local_notifications-18.0.1/ios/Classes/FlutterLocalNotificationsPlugin.m:913:30: warning: 'UNNotificationPresentationOptionAlert' is deprecated: first deprecated in iOS 14.0 [-Wdeprecated-declarations]
	  913 |       presentationOptions |= UNNotificationPresentationOptionAlert;
	      |                              ^~~~~~~~~~~~~~~~~~~~~~~~~~~~~~~~~~~~~
	      |                              UNNotificationPresentationOptionList | UNNotificationPresentationOptionBanner
	In module 'UserNotifications' imported from <HOME>/.pub-cache/hosted/pub.dev/flutter_local_notifications-18.0.1/ios/Classes/FlutterLocalNotificationsPlugin.h:2:
	/Applications/Xcode.app/Contents/Developer/Platforms/iPhoneSimulator.platform/Developer/SDKs/iPhoneSimulator26.2.sdk/System/Library/Frameworks/UserNotifications.framework/Headers/UNUserNotificationCenter.h:84:5: note: 'UNNotificationPresentationOptionAlert' has been explicitly marked deprecated here
	   84 |     UNNotificationPresentationOptionAlert API_DEPRECATED_WITH_REPLACEMENT("UNNotificationPresentationOptionList | UNNotificationPresentationOptionBanner", macos(10.14, 11.0), ios(10.0, 14.0), watchos(3.0, 7.0), tvos(10.0, 14.0)) = (1 << 2),
	      |     ^
	1 warning generated.
	<REPO>/apps/mobile/ios/Pods/SwiftyGif/SwiftyGif/ObjcAssociatedWeakObject.swift:13:14: warning: weak variable 'weakValue' was never mutated; consider changing to 'let' constant
	    weak var weakValue = value
	         ~~~ ^
	         let
	<REPO>/apps/mobile/ios/Pods/SwiftyGif/SwiftyGif/ObjcAssociatedWeakObject.swift:13:14: warning: weak variable 'weakValue' was never mutated; consider changing to 'let' constant
	    weak var weakValue = value
	         ~~~ ^
	         let
	<REPO>/apps/mobile/ios/Pods/Sentry/Sources/Swift/SentryAppState.swift:1:22: warning: using '@_implementationOnly' without enabling library evolution for 'Sentry' may lead to instability during execution
	@_implementationOnly import _SentryPrivate
	                     ^
	<REPO>/apps/mobile/ios/Pods/Sentry/Sources/Swift/Core/Helper/SentryBinaryImageCache.swift:1:22: warning: using '@_implementationOnly' without enabling library evolution for 'Sentry' may lead to instability during execution
	@_implementationOnly import _SentryPrivate
	                     ^
	<REPO>/apps/mobile/ios/Pods/Sentry/Sources/Swift/Protocol/Codable/SentryBreadcrumbCodable.swift:1:22: warning: using '@_implementationOnly' without enabling library evolution for 'Sentry' may lead to instability during execution
	@_implementationOnly import _SentryPrivate
	                     ^
	<REPO>/apps/mobile/ios/Pods/Sentry/Sources/Swift/Protocol/Codable/SentryCodable.swift:1:22: warning: using '@_implementationOnly' without enabling library evolution for 'Sentry' may lead to instability during execution
	@_implementationOnly import _SentryPrivate
	                     ^
	<REPO>/apps/mobile/ios/Pods/Sentry/Sources/Swift/SentryCrash/SentryCrashWrapper.swift:1:22: warning: using '@_implementationOnly' without enabling library evolution for 'Sentry' may lead to instability during execution
	@_implementationOnly import _SentryPrivate
	                     ^
	<REPO>/apps/mobile/ios/Pods/Sentry/Sources/Swift/Protocol/Codable/SentryDebugMetaCodable.swift:1:22: warning: using '@_implementationOnly' without enabling library evolution for 'Sentry' may lead to instability during execution
	@_implementationOnly import _SentryPrivate
	                     ^
	<REPO>/apps/mobile/ios/Pods/Sentry/Sources/Swift/Core/Tools/ViewCapture/SentryViewPhotographer.swift:4:22: warning: using '@_implementationOnly' without enabling library evolution for 'Sentry' may lead to instability during execution
	@_implementationOnly import _SentryPrivate
	                     ^
	<REPO>/apps/mobile/ios/Pods/Sentry/Sources/Swift/Integrations/WatchdogTerminations/Processors/SentryWatchdogTerminationAttributesProcessor.swift:1:22: warning: using '@_implementationOnly' without enabling library evolution for 'Sentry' may lead to instability during execution
	@_implementationOnly import _SentryPrivate
	                     ^
	<REPO>/apps/mobile/ios/Pods/Sentry/Sources/Swift/Helper/SentryDispatchQueueWrapper.swift:1:22: warning: using '@_implementationOnly' without enabling library evolution for 'Sentry' may lead to instability during execution
	@_implementationOnly import _SentryPrivate
	                     ^
	<REPO>/apps/mobile/ios/Pods/Sentry/Sources/Swift/Helper/SentryDispatchSourceWrapper.swift:1:22: warning: using '@_implementationOnly' without enabling library evolution for 'Sentry' may lead to instability during execution
	@_implementationOnly import _SentryPrivate
	                     ^
	<REPO>/apps/mobile/ios/Pods/Sentry/Sources/Swift/Helper/SentryEnabledFeaturesBuilder.swift:1:22: warning: using '@_implementationOnly' without enabling library evolution for 'Sentry' may lead to instability during execution
	@_implementationOnly import _SentryPrivate
	                     ^
	<REPO>/apps/mobile/ios/Pods/Sentry/Sources/Swift/Tools/SentryEnvelope.swift:1:22: warning: using '@_implementationOnly' without enabling library evolution for 'Sentry' may lead to instability during execution
	@_implementationOnly import _SentryPrivate
	                     ^
	<REPO>/apps/mobile/ios/Pods/Sentry/Sources/Swift/Tools/SentryEnvelopeHeader.swift:1:22: warning: using '@_implementationOnly' without enabling library evolution for 'Sentry' may lead to instability during execution
	@_implementationOnly import _SentryPrivate
	                     ^
	<REPO>/apps/mobile/ios/Pods/Sentry/Sources/Swift/Tools/SentryEnvelopeItem.swift:1:22: warning: using '@_implementationOnly' without enabling library evolution for 'Sentry' may lead to instability during execution
	@_implementationOnly import _SentryPrivate
	                     ^
	<REPO>/apps/mobile/ios/Pods/Sentry/Sources/Swift/Protocol/Codable/SentryEventCodable.swift:1:22: warning: using '@_implementationOnly' without enabling library evolution for 'Sentry' may lead to instability during execution
	@_implementationOnly import _SentryPrivate
	                     ^
	<REPO>/apps/mobile/ios/Pods/Sentry/Sources/Swift/Protocol/Codable/SentryExceptionCodable.swift:1:22: warning: using '@_implementationOnly' without enabling library evolution for 'Sentry' may lead to instability during execution
	@_implementationOnly import _SentryPrivate
	                     ^
	<REPO>/apps/mobile/ios/Pods/Sentry/Sources/Swift/Integrations/UserFeedback/SentryFeedback.swift:1:22: warning: using '@_implementationOnly' without enabling library evolution for 'Sentry' may lead to instability during execution
	@_implementationOnly import _SentryPrivate
	                     ^
	<REPO>/apps/mobile/ios/Pods/Sentry/Sources/Swift/Tools/SentryLogBatcher.swift:1:22: warning: using '@_implementationOnly' without enabling library evolution for 'Sentry' may lead to instability during execution
	@_implementationOnly import _SentryPrivate
	                     ^
	<REPO>/apps/mobile/ios/Pods/Sentry/Sources/Swift/Tools/SentryLogger.swift:1:22: warning: using '@_implementationOnly' without enabling library evolution for 'Sentry' may lead to instability during execution
	@_implementationOnly import _SentryPrivate
	                     ^
	<REPO>/apps/mobile/ios/Pods/Sentry/Sources/Swift/Protocol/Codable/SentryMechanismCodable.swift:1:22: warning: using '@_implementationOnly' without enabling library evolution for 'Sentry' may lead to instability during execution
	@_implementationOnly import _SentryPrivate
	                     ^
	<REPO>/apps/mobile/ios/Pods/Sentry/Sources/Swift/Protocol/Codable/SentryMechanismMetaCodable.swift:1:22: warning: using '@_implementationOnly' without enabling library evolution for 'Sentry' may lead to instability during execution
	@_implementationOnly import _SentryPrivate
	                     ^
	<REPO>/apps/mobile/ios/Pods/Sentry/Sources/Swift/Protocol/Codable/SentryMessage.swift:1:22: warning: using '@_implementationOnly' without enabling library evolution for 'Sentry' may lead to instability during execution
	@_implementationOnly import _SentryPrivate
	                     ^
	<REPO>/apps/mobile/ios/Pods/Sentry/Sources/Swift/Helper/SentryMigrateSessionInit.swift:1:22: warning: using '@_implementationOnly' without enabling library evolution for 'Sentry' may lead to instability during execution
	@_implementationOnly import _SentryPrivate
	                     ^
	<REPO>/apps/mobile/ios/Pods/Sentry/Sources/Swift/Protocol/Codable/SentryNSErrorCodable.swift:1:22: warning: using '@_implementationOnly' without enabling library evolution for 'Sentry' may lead to instability during execution
	@_implementationOnly import _SentryPrivate
	                     ^
	<REPO>/apps/mobile/ios/Pods/Sentry/Sources/Swift/Integrations/SessionReplay/SentryOnDemandReplay.swift:5:22: warning: using '@_implementationOnly' without enabling library evolution for 'Sentry' may lead to instability during execution
	@_implementationOnly import _SentryPrivate
	                     ^
	<REPO>/apps/mobile/ios/Pods/Sentry/Sources/Swift/Integrations/SessionReplay/SentrySRDefaultBreadcrumbConverter.swift:1:22: warning: using '@_implementationOnly' without enabling library evolution for 'Sentry' may lead to instability during execution
	@_implementationOnly import _SentryPrivate
	                     ^
	<REPO>/apps/mobile/ios/Pods/Sentry/Sources/Swift/Protocol/Codable/SentryStacktraceCodable.swift:1:22: warning: using '@_implementationOnly' without enabling library evolution for 'Sentry' may lead to instability during execution
	@_implementationOnly import _SentryPrivate
	                     ^
	<REPO>/apps/mobile/ios/Pods/Sentry/Sources/Swift/Helper/SentrySysctl.swift:1:22: warning: using '@_implementationOnly' without enabling library evolution for 'Sentry' may lead to instability during execution
	@_implementationOnly import _SentryPrivate
	                     ^
	<REPO>/apps/mobile/ios/Pods/Sentry/Sources/Swift/Protocol/Codable/SentryThreadCodable.swift:1:22: warning: using '@_implementationOnly' without enabling library evolution for 'Sentry' may lead to instability during execution
	@_implementationOnly import _SentryPrivate
	                     ^
	<REPO>/apps/mobile/ios/Pods/Sentry/Sources/Swift/Integrations/SessionReplay/SentryTouchTracker.swift:3:22: warning: using '@_implementationOnly' without enabling library evolution for 'Sentry' may lead to instability during execution
	@_implementationOnly import _SentryPrivate
	                     ^
	<REPO>/apps/mobile/ios/Pods/Sentry/Sources/Swift/Tools/SentryURLRequestFactory.swift:1:22: warning: using '@_implementationOnly' without enabling library evolution for 'Sentry' may lead to instability during execution
	@_implementationOnly import _SentryPrivate
	                     ^
	<REPO>/apps/mobile/ios/Pods/Sentry/Sources/Swift/Protocol/Codable/SentryUserCodable.swift:1:22: warning: using '@_implementationOnly' without enabling library evolution for 'Sentry' may lead to instability during execution
	@_implementationOnly import _SentryPrivate
	                     ^
	<REPO>/apps/mobile/ios/Pods/Sentry/Sources/Swift/Helper/SentryDispatchQueueWrapper.swift:1:22: warning: using '@_implementationOnly' without enabling library evolution for 'Sentry' may lead to instability during execution
	@_implementationOnly import _SentryPrivate
	                     ^
	<REPO>/apps/mobile/ios/Pods/Sentry/Sources/Swift/Helper/SentryDispatchSourceWrapper.swift:1:22: warning: using '@_implementationOnly' without enabling library evolution for 'Sentry' may lead to instability during execution
	@_implementationOnly import _SentryPrivate
	                     ^
	<REPO>/apps/mobile/ios/Pods/Sentry/Sources/Swift/Helper/SentryEnabledFeaturesBuilder.swift:1:22: warning: using '@_implementationOnly' without enabling library evolution for 'Sentry' may lead to instability during execution
	@_implementationOnly import _SentryPrivate
	                     ^
	<REPO>/apps/mobile/ios/Pods/Sentry/Sources/Swift/Tools/SentryEnvelope.swift:1:22: warning: using '@_implementationOnly' without enabling library evolution for 'Sentry' may lead to instability during execution
	@_implementationOnly import _SentryPrivate
	                     ^
	<REPO>/apps/mobile/ios/Pods/Sentry/Sources/Swift/Tools/SentryEnvelopeHeader.swift:1:22: warning: using '@_implementationOnly' without enabling library evolution for 'Sentry' may lead to instability during execution
	@_implementationOnly import _SentryPrivate
	                     ^
	<REPO>/apps/mobile/ios/Pods/Sentry/Sources/Swift/Tools/SentryEnvelopeItem.swift:1:22: warning: using '@_implementationOnly' without enabling library evolution for 'Sentry' may lead to instability during execution
	@_implementationOnly import _SentryPrivate
	                     ^
	<REPO>/apps/mobile/ios/Pods/Sentry/Sources/Swift/Protocol/Codable/SentryEventCodable.swift:1:22: warning: using '@_implementationOnly' without enabling library evolution for 'Sentry' may lead to instability during execution
	@_implementationOnly import _SentryPrivate
	                     ^
	<REPO>/apps/mobile/ios/Pods/Sentry/Sources/Swift/Protocol/Codable/SentryExceptionCodable.swift:1:22: warning: using '@_implementationOnly' without enabling library evolution for 'Sentry' may lead to instability during execution
	@_implementationOnly import _SentryPrivate
	                     ^
	<REPO>/apps/mobile/ios/Pods/Sentry/Sources/Swift/Integrations/UserFeedback/SentryFeedback.swift:1:22: warning: using '@_implementationOnly' without enabling library evolution for 'Sentry' may lead to instability during execution
	@_implementationOnly import _SentryPrivate
	                     ^
	<REPO>/apps/mobile/ios/Pods/Sentry/Sources/Swift/Protocol/Codable/SentryNSErrorCodable.swift:1:22: warning: using '@_implementationOnly' without enabling library evolution for 'Sentry' may lead to instability during execution
	@_implementationOnly import _SentryPrivate
	                     ^
	<REPO>/apps/mobile/ios/Pods/Sentry/Sources/Swift/Integrations/SessionReplay/SentryOnDemandReplay.swift:5:22: warning: using '@_implementationOnly' without enabling library evolution for 'Sentry' may lead to instability during execution
	@_implementationOnly import _SentryPrivate
	                     ^
	<REPO>/apps/mobile/ios/Pods/Sentry/Sources/Swift/Persistence/SentryScopePersistentStore+User.swift:1:22: warning: using '@_implementationOnly' without enabling library evolution for 'Sentry' may lead to instability during execution
	@_implementationOnly import _SentryPrivate
	                     ^
	<REPO>/apps/mobile/ios/Pods/Sentry/Sources/Swift/Core/Tools/ViewCapture/SentryScreenshotSource.swift:4:22: warning: using '@_implementationOnly' without enabling library evolution for 'Sentry' may lead to instability during execution
	@_implementationOnly import _SentryPrivate
	                     ^
	<REPO>/apps/mobile/ios/Pods/Sentry/Sources/Swift/Helper/SentrySDK.swift:2:22: warning: using '@_implementationOnly' without enabling library evolution for 'Sentry' may lead to instability during execution
	@_implementationOnly import _SentryPrivate
	                     ^
	<REPO>/apps/mobile/ios/Pods/Sentry/Sources/Swift/Helper/SentrySdkInfo.swift:1:22: warning: using '@_implementationOnly' without enabling library evolution for 'Sentry' may lead to instability during execution
	@_implementationOnly import _SentryPrivate
	                     ^
	<REPO>/apps/mobile/ios/Pods/Sentry/Sources/Swift/Tools/SentrySDKLog+Configure.swift:1:22: warning: using '@_implementationOnly' without enabling library evolution for 'Sentry' may lead to instability during execution
	@_implementationOnly import _SentryPrivate
	                     ^
	<REPO>/apps/mobile/ios/Pods/Sentry/Sources/Swift/Helper/SentrySdkPackage.swift:1:22: warning: using '@_implementationOnly' without enabling library evolution for 'Sentry' may lead to instability during execution
	@_implementationOnly import _SentryPrivate
	                     ^
	<REPO>/apps/mobile/ios/Pods/Sentry/Sources/Swift/Helper/SentrySerializationSwift.swift:1:22: warning: using '@_implementationOnly' without enabling library evolution for 'Sentry' may lead to instability during execution
	@_implementationOnly import _SentryPrivate
	                     ^
	<REPO>/apps/mobile/ios/Pods/Sentry/Sources/Swift/SentrySession.swift:1:22: warning: using '@_implementationOnly' without enabling library evolution for 'Sentry' may lead to instability during execution
	@_implementationOnly import _SentryPrivate
	                     ^
	<REPO>/apps/mobile/ios/Pods/Sentry/Sources/Swift/Integrations/SessionReplay/SentrySessionReplay.swift:3:22: warning: using '@_implementationOnly' without enabling library evolution for 'Sentry' may lead to instability during execution
	@_implementationOnly import _SentryPrivate
	                     ^
	<REPO>/apps/mobile/ios/Pods/Sentry/Sources/Swift/Tools/SentryLogBatcher.swift:1:22: warning: using '@_implementationOnly' without enabling library evolution for 'Sentry' may lead to instability during execution
	@_implementationOnly import _SentryPrivate
	                     ^
	<REPO>/apps/mobile/ios/Pods/Sentry/Sources/Swift/Tools/SentryLogger.swift:1:22: warning: using '@_implementationOnly' without enabling library evolution for 'Sentry' may lead to instability during execution
	@_implementationOnly import _SentryPrivate
	                     ^
	<REPO>/apps/mobile/ios/Pods/Sentry/Sources/Swift/Protocol/Codable/SentryMechanismCodable.swift:1:22: warning: using '@_implementationOnly' without enabling library evolution for 'Sentry' may lead to instability during execution
	@_implementationOnly import _SentryPrivate
	                     ^
	<REPO>/apps/mobile/ios/Pods/Sentry/Sources/Swift/Protocol/Codable/SentryMechanismMetaCodable.swift:1:22: warning: using '@_implementationOnly' without enabling library evolution for 'Sentry' may lead to instability during execution
	@_implementationOnly import _SentryPrivate
	                     ^
	<REPO>/apps/mobile/ios/Pods/Sentry/Sources/Swift/Protocol/Codable/SentryMessage.swift:1:22: warning: using '@_implementationOnly' without enabling library evolution for 'Sentry' may lead to instability during execution
	@_implementationOnly import _SentryPrivate
	                     ^
	<REPO>/apps/mobile/ios/Pods/Sentry/Sources/Swift/Helper/SentryMigrateSessionInit.swift:1:22: warning: using '@_implementationOnly' without enabling library evolution for 'Sentry' may lead to instability during execution
	@_implementationOnly import _SentryPrivate
	                     ^
	<REPO>/apps/mobile/ios/Pods/Sentry/Sources/Swift/Integrations/Performance/IO/Data+SentryTracing.swift:1:22: warning: using '@_implementationOnly' without enabling library evolution for 'Sentry' may lead to instability during execution
	@_implementationOnly import _SentryPrivate
	                     ^
	<REPO>/apps/mobile/ios/Pods/Sentry/Sources/Swift/Integrations/Performance/IO/FileManager+SentryTracing.swift:1:22: warning: using '@_implementationOnly' without enabling library evolution for 'Sentry' may lead to instability during execution
	@_implementationOnly import _SentryPrivate
	                     ^
	<REPO>/apps/mobile/ios/Pods/Sentry/Sources/Swift/Tools/LoadValidator.swift:1:22: warning: using '@_implementationOnly' without enabling library evolution for 'Sentry' may lead to instability during execution
	@_implementationOnly import _SentryPrivate
	                     ^
	<REPO>/apps/mobile/ios/Pods/Sentry/Sources/Swift/Persistence/SentryScopePersistentStore+User.swift:1:22: warning: using '@_implementationOnly' without enabling library evolution for 'Sentry' may lead to instability during execution
	@_implementationOnly import _SentryPrivate
	                     ^
	<REPO>/apps/mobile/ios/Pods/Sentry/Sources/Swift/Core/Tools/ViewCapture/SentryScreenshotSource.swift:4:22: warning: using '@_implementationOnly' without enabling library evolution for 'Sentry' may lead to instability during execution
	@_implementationOnly import _SentryPrivate
	                     ^
	<REPO>/apps/mobile/ios/Pods/Sentry/Sources/Swift/Helper/SentrySDK.swift:2:22: warning: using '@_implementationOnly' without enabling library evolution for 'Sentry' may lead to instability during execution
	@_implementationOnly import _SentryPrivate
	                     ^
	<REPO>/apps/mobile/ios/Pods/Sentry/Sources/Swift/Helper/SentrySdkInfo.swift:1:22: warning: using '@_implementationOnly' without enabling library evolution for 'Sentry' may lead to instability during execution
	@_implementationOnly import _SentryPrivate
	                     ^
	<REPO>/apps/mobile/ios/Pods/Sentry/Sources/Swift/Tools/SentrySDKLog+Configure.swift:1:22: warning: using '@_implementationOnly' without enabling library evolution for 'Sentry' may lead to instability during execution
	@_implementationOnly import _SentryPrivate
	                     ^
	<REPO>/apps/mobile/ios/Pods/Sentry/Sources/Swift/Helper/SentrySdkPackage.swift:1:22: warning: using '@_implementationOnly' without enabling library evolution for 'Sentry' may lead to instability during execution
	@_implementationOnly import _SentryPrivate
	                     ^
	<REPO>/apps/mobile/ios/Pods/Sentry/Sources/Swift/Helper/SentrySerializationSwift.swift:1:22: warning: using '@_implementationOnly' without enabling library evolution for 'Sentry' may lead to instability during execution
	@_implementationOnly import _SentryPrivate
	                     ^
	<REPO>/apps/mobile/ios/Pods/Sentry/Sources/Swift/SentrySession.swift:1:22: warning: using '@_implementationOnly' without enabling library evolution for 'Sentry' may lead to instability during execution
	@_implementationOnly import _SentryPrivate
	                     ^
	<REPO>/apps/mobile/ios/Pods/Sentry/Sources/Swift/Integrations/SessionReplay/SentrySessionReplay.swift:3:22: warning: using '@_implementationOnly' without enabling library evolution for 'Sentry' may lead to instability during execution
	@_implementationOnly import _SentryPrivate
	                     ^
	<REPO>/apps/mobile/ios/Pods/Sentry/Sources/Swift/Integrations/Performance/IO/SentryFileIOTracker+SwiftHelpers.swift:1:22: warning: using '@_implementationOnly' without enabling library evolution for 'Sentry' may lead to instability during execution
	@_implementationOnly import _SentryPrivate
	                     ^
	<REPO>/apps/mobile/ios/Pods/Sentry/Sources/Swift/Protocol/Codable/SentryFrameCodable.swift:1:22: warning: using '@_implementationOnly' without enabling library evolution for 'Sentry' may lead to instability during execution
	@_implementationOnly import _SentryPrivate
	                     ^
	<REPO>/apps/mobile/ios/Pods/Sentry/Sources/Swift/Protocol/Codable/SentryGeoCodable.swift:1:22: warning: using '@_implementationOnly' without enabling library evolution for 'Sentry' may lead to instability during execution
	@_implementationOnly import _SentryPrivate
	                     ^
	<REPO>/apps/mobile/ios/Pods/Sentry/Sources/Swift/Integrations/Performance/IO/Data+SentryTracing.swift:1:22: warning: using '@_implementationOnly' without enabling library evolution for 'Sentry' may lead to instability during execution
	@_implementationOnly import _SentryPrivate
	                     ^
	<REPO>/apps/mobile/ios/Pods/Sentry/Sources/Swift/Integrations/Performance/IO/FileManager+SentryTracing.swift:1:22: warning: using '@_implementationOnly' without enabling library evolution for 'Sentry' may lead to instability during execution
	@_implementationOnly import _SentryPrivate
	                     ^
	<REPO>/apps/mobile/ios/Pods/Sentry/Sources/Swift/Tools/LoadValidator.swift:1:22: warning: using '@_implementationOnly' without enabling library evolution for 'Sentry' may lead to instability during execution
	@_implementationOnly import _SentryPrivate
	                     ^
	<REPO>/apps/mobile/ios/Pods/Sentry/Sources/Swift/Integrations/Performance/IO/SentryFileIOTracker+SwiftHelpers.swift:1:22: warning: using '@_implementationOnly' without enabling library evolution for 'Sentry' may lead to instability during execution
	@_implementationOnly import _SentryPrivate
	                     ^
	<REPO>/apps/mobile/ios/Pods/Sentry/Sources/Swift/Protocol/Codable/SentryFrameCodable.swift:1:22: warning: using '@_implementationOnly' without enabling library evolution for 'Sentry' may lead to instability during execution
	@_implementationOnly import _SentryPrivate
	                     ^
	<REPO>/apps/mobile/ios/Pods/Sentry/Sources/Swift/Protocol/Codable/SentryGeoCodable.swift:1:22: warning: using '@_implementationOnly' without enabling library evolution for 'Sentry' may lead to instability during execution
	@_implementationOnly import _SentryPrivate
	                     ^
	<REPO>/apps/mobile/ios/Pods/Sentry/Sources/Swift/Integrations/SessionReplay/RRWeb/SentryRRWebEvent.swift:1:22: warning: using '@_implementationOnly' without enabling library evolution for 'Sentry' may lead to instability during execution
	@_implementationOnly import _SentryPrivate
	                     ^
	<REPO>/apps/mobile/ios/Pods/Sentry/Sources/Swift/Integrations/SessionReplay/RRWeb/SentryRRWebOptionsEvent.swift:1:22: warning: using '@_implementationOnly' without enabling library evolution for 'Sentry' may lead to instability during execution
	@_implementationOnly import _SentryPrivate
	                     ^
	<REPO>/apps/mobile/ios/Pods/Sentry/Sources/Swift/Persistence/SentryScopePersistentStore.swift:1:22: warning: using '@_implementationOnly' without enabling library evolution for 'Sentry' may lead to instability during execution
	@_implementationOnly import _SentryPrivate
	                     ^
	<REPO>/apps/mobile/ios/Pods/Sentry/Sources/Swift/Persistence/SentryScopePersistentStore+Context.swift:1:22: warning: using '@_implementationOnly' without enabling library evolution for 'Sentry' may lead to instability during execution
	@_implementationOnly import _SentryPrivate
	                     ^
	<REPO>/apps/mobile/ios/Pods/Sentry/Sources/Swift/Persistence/SentryScopePersistentStore+Extras.swift:1:22: warning: using '@_implementationOnly' without enabling library evolution for 'Sentry' may lead to instability during execution
	@_implementationOnly import _SentryPrivate
	                     ^
	<REPO>/apps/mobile/ios/Pods/Sentry/Sources/Swift/Persistence/SentryScopePersistentStore+Fingerprint.swift:1:22: warning: using '@_implementationOnly' without enabling library evolution for 'Sentry' may lead to instability during execution
	@_implementationOnly import _SentryPrivate
	                     ^
	<REPO>/apps/mobile/ios/Pods/Sentry/Sources/Swift/Persistence/SentryScopePersistentStore+Helper.swift:1:22: warning: using '@_implementationOnly' without enabling library evolution for 'Sentry' may lead to instability during execution
	@_implementationOnly import _SentryPrivate
	                     ^
	<REPO>/apps/mobile/ios/Pods/Sentry/Sources/Swift/Persistence/SentryScopePersistentStore+Tags.swift:1:22: warning: using '@_implementationOnly' without enabling library evolution for 'Sentry' may lead to instability during execution
	@_implementationOnly import _SentryPrivate
	                     ^
	<REPO>/apps/mobile/ios/Pods/Sentry/Sources/Swift/Integrations/SessionReplay/RRWeb/SentryRRWebEvent.swift:1:22: warning: using '@_implementationOnly' without enabling library evolution for 'Sentry' may lead to instability during execution
	@_implementationOnly import _SentryPrivate
	                     ^
	<REPO>/apps/mobile/ios/Pods/Sentry/Sources/Swift/Integrations/SessionReplay/RRWeb/SentryRRWebOptionsEvent.swift:1:22: warning: using '@_implementationOnly' without enabling library evolution for 'Sentry' may lead to instability during execution
	@_implementationOnly import _SentryPrivate
	                     ^
	<REPO>/apps/mobile/ios/Pods/Sentry/Sources/Swift/Persistence/SentryScopePersistentStore.swift:1:22: warning: using '@_implementationOnly' without enabling library evolution for 'Sentry' may lead to instability during execution
	@_implementationOnly import _SentryPrivate
	                     ^
	<REPO>/apps/mobile/ios/Pods/Sentry/Sources/Swift/Persistence/SentryScopePersistentStore+Context.swift:1:22: warning: using '@_implementationOnly' without enabling library evolution for 'Sentry' may lead to instability during execution
	@_implementationOnly import _SentryPrivate
	                     ^
	<REPO>/apps/mobile/ios/Pods/Sentry/Sources/Swift/Persistence/SentryScopePersistentStore+Extras.swift:1:22: warning: using '@_implementationOnly' without enabling library evolution for 'Sentry' may lead to instability during execution
	@_implementationOnly import _SentryPrivate
	                     ^
	<REPO>/apps/mobile/ios/Pods/Sentry/Sources/Swift/Persistence/SentryScopePersistentStore+Fingerprint.swift:1:22: warning: using '@_implementationOnly' without enabling library evolution for 'Sentry' may lead to instability during execution
	@_implementationOnly import _SentryPrivate
	                     ^
	<REPO>/apps/mobile/ios/Pods/Sentry/Sources/Swift/Persistence/SentryScopePersistentStore+Helper.swift:1:22: warning: using '@_implementationOnly' without enabling library evolution for 'Sentry' may lead to instability during execution
	@_implementationOnly import _SentryPrivate
	                     ^
	<REPO>/apps/mobile/ios/Pods/Sentry/Sources/Swift/Persistence/SentryScopePersistentStore+Tags.swift:1:22: warning: using '@_implementationOnly' without enabling library evolution for 'Sentry' may lead to instability during execution
	@_implementationOnly import _SentryPrivate
	                     ^
	<REPO>/apps/mobile/ios/Pods/Sentry/Sources/Swift/Integrations/UserFeedback/SentryUserFeedbackFormViewModel.swift:5:22: warning: using '@_implementationOnly' without enabling library evolution for 'Sentry' may lead to instability during execution
	@_implementationOnly import _SentryPrivate
	                     ^
	<REPO>/apps/mobile/ios/Pods/Sentry/Sources/Swift/Integrations/UserFeedback/SentryUserFeedbackIntegrationDriver.swift:3:22: warning: using '@_implementationOnly' without enabling library evolution for 'Sentry' may lead to instability during execution
	@_implementationOnly import _SentryPrivate
	                     ^
	<REPO>/apps/mobile/ios/Pods/Sentry/Sources/Swift/Integrations/UserFeedback/SentryUserFeedbackWidgetButtonMegaphoneIconView.swift:3:22: warning: using '@_implementationOnly' without enabling library evolution for 'Sentry' may lead to instability during execution
	@_implementationOnly import _SentryPrivate
	                     ^
	<REPO>/apps/mobile/ios/Pods/Sentry/Sources/Swift/Integrations/UserFeedback/SentryUserFeedbackWidgetButtonView.swift:3:22: warning: using '@_implementationOnly' without enabling library evolution for 'Sentry' may lead to instability during execution
	@_implementationOnly import _SentryPrivate
	                     ^
	<REPO>/apps/mobile/ios/Pods/Sentry/Sources/Swift/Tools/SentryViewHierarchyProvider.swift:3:22: warning: using '@_implementationOnly' without enabling library evolution for 'Sentry' may lead to instability during execution
	@_implementationOnly import _SentryPrivate
	                     ^
	<REPO>/apps/mobile/ios/Pods/Sentry/Sources/Swift/Integrations/UserFeedback/SentryUserFeedbackFormViewModel.swift:5:22: warning: using '@_implementationOnly' without enabling library evolution for 'Sentry' may lead to instability during execution
	@_implementationOnly import _SentryPrivate
	                     ^
	<REPO>/apps/mobile/ios/Pods/Sentry/Sources/Swift/Integrations/UserFeedback/SentryUserFeedbackIntegrationDriver.swift:3:22: warning: using '@_implementationOnly' without enabling library evolution for 'Sentry' may lead to instability during execution
	@_implementationOnly import _SentryPrivate
	                     ^
	<REPO>/apps/mobile/ios/Pods/Sentry/Sources/Swift/Integrations/UserFeedback/SentryUserFeedbackWidgetButtonMegaphoneIconView.swift:3:22: warning: using '@_implementationOnly' without enabling library evolution for 'Sentry' may lead to instability during execution
	@_implementationOnly import _SentryPrivate
	                     ^
	<REPO>/apps/mobile/ios/Pods/Sentry/Sources/Swift/Integrations/UserFeedback/SentryUserFeedbackWidgetButtonView.swift:3:22: warning: using '@_implementationOnly' without enabling library evolution for 'Sentry' may lead to instability during execution
	@_implementationOnly import _SentryPrivate
	                     ^
	<REPO>/apps/mobile/ios/Pods/Sentry/Sources/Swift/Tools/SentryViewHierarchyProvider.swift:3:22: warning: using '@_implementationOnly' without enabling library evolution for 'Sentry' may lead to instability during execution
	@_implementationOnly import _SentryPrivate
	                     ^
	<REPO>/apps/mobile/ios/Pods/Sentry/Sources/Swift/Integrations/SessionReplay/SentryReplayEvent.swift:1:22: warning: using '@_implementationOnly' without enabling library evolution for 'Sentry' may lead to instability during execution
	@_implementationOnly import _SentryPrivate
	                     ^
	<REPO>/apps/mobile/ios/Pods/Sentry/Sources/Swift/Integrations/SessionReplay/SentryReplayRecording.swift:1:22: warning: using '@_implementationOnly' without enabling library evolution for 'Sentry' may lead to instability during execution
	@_implementationOnly import _SentryPrivate
	                     ^
	<REPO>/apps/mobile/ios/Pods/Sentry/Sources/Swift/Protocol/Codable/SentryRequestCodable.swift:1:22: warning: using '@_implementationOnly' without enabling library evolution for 'Sentry' may lead to instability during execution
	@_implementationOnly import _SentryPrivate
	                     ^
	<REPO>/apps/mobile/ios/Pods/Sentry/Sources/Swift/Core/Tools/ViewCapture/SentryViewPhotographer.swift:4:22: warning: using '@_implementationOnly' without enabling library evolution for 'Sentry' may lead to instability during execution
	@_implementationOnly import _SentryPrivate
	                     ^
	<REPO>/apps/mobile/ios/Pods/Sentry/Sources/Swift/Integrations/WatchdogTerminations/Processors/SentryWatchdogTerminationAttributesProcessor.swift:1:22: warning: using '@_implementationOnly' without enabling library evolution for 'Sentry' may lead to instability during execution
	@_implementationOnly import _SentryPrivate
	                     ^
	<REPO>/apps/mobile/ios/Pods/Sentry/Sources/Swift/Integrations/SessionReplay/SentrySRDefaultBreadcrumbConverter.swift:1:22: warning: using '@_implementationOnly' without enabling library evolution for 'Sentry' may lead to instability during execution
	@_implementationOnly import _SentryPrivate
	                     ^
	<REPO>/apps/mobile/ios/Pods/Sentry/Sources/Swift/Protocol/Codable/SentryStacktraceCodable.swift:1:22: warning: using '@_implementationOnly' without enabling library evolution for 'Sentry' may lead to instability during execution
	@_implementationOnly import _SentryPrivate
	                     ^
	<REPO>/apps/mobile/ios/Pods/Sentry/Sources/Swift/Helper/SentrySysctl.swift:1:22: warning: using '@_implementationOnly' without enabling library evolution for 'Sentry' may lead to instability during execution
	@_implementationOnly import _SentryPrivate
	                     ^
	<REPO>/apps/mobile/ios/Pods/Sentry/Sources/Swift/Protocol/Codable/SentryThreadCodable.swift:1:22: warning: using '@_implementationOnly' without enabling library evolution for 'Sentry' may lead to instability during execution
	@_implementationOnly import _SentryPrivate
	                     ^
	<REPO>/apps/mobile/ios/Pods/Sentry/Sources/Swift/Integrations/SessionReplay/SentryTouchTracker.swift:3:22: warning: using '@_implementationOnly' without enabling library evolution for 'Sentry' may lead to instability during execution
	@_implementationOnly import _SentryPrivate
	                     ^
	<REPO>/apps/mobile/ios/Pods/Sentry/Sources/Swift/Tools/SentryURLRequestFactory.swift:1:22: warning: using '@_implementationOnly' without enabling library evolution for 'Sentry' may lead to instability during execution
	@_implementationOnly import _SentryPrivate
	                     ^
	<REPO>/apps/mobile/ios/Pods/Sentry/Sources/Swift/Protocol/Codable/SentryUserCodable.swift:1:22: warning: using '@_implementationOnly' without enabling library evolution for 'Sentry' may lead to instability during execution
	@_implementationOnly import _SentryPrivate
	                     ^
	<REPO>/apps/mobile/ios/Pods/Sentry/Sources/Swift/SentryAppState.swift:1:22: warning: using '@_implementationOnly' without enabling library evolution for 'Sentry' may lead to instability during execution
	@_implementationOnly import _SentryPrivate
	                     ^
	<REPO>/apps/mobile/ios/Pods/Sentry/Sources/Swift/Core/Helper/SentryBinaryImageCache.swift:1:22: warning: using '@_implementationOnly' without enabling library evolution for 'Sentry' may lead to instability during execution
	@_implementationOnly import _SentryPrivate
	                     ^
	<REPO>/apps/mobile/ios/Pods/Sentry/Sources/Swift/Protocol/Codable/SentryBreadcrumbCodable.swift:1:22: warning: using '@_implementationOnly' without enabling library evolution for 'Sentry' may lead to instability during execution
	@_implementationOnly import _SentryPrivate
	                     ^
	<REPO>/apps/mobile/ios/Pods/Sentry/Sources/Swift/Protocol/Codable/SentryCodable.swift:1:22: warning: using '@_implementationOnly' without enabling library evolution for 'Sentry' may lead to instability during execution
	@_implementationOnly import _SentryPrivate
	                     ^
	<REPO>/apps/mobile/ios/Pods/Sentry/Sources/Swift/SentryCrash/SentryCrashWrapper.swift:1:22: warning: using '@_implementationOnly' without enabling library evolution for 'Sentry' may lead to instability during execution
	@_implementationOnly import _SentryPrivate
	                     ^
	<REPO>/apps/mobile/ios/Pods/Sentry/Sources/Swift/Protocol/Codable/SentryDebugMetaCodable.swift:1:22: warning: using '@_implementationOnly' without enabling library evolution for 'Sentry' may lead to instability during execution
	@_implementationOnly import _SentryPrivate
	                     ^
	<REPO>/apps/mobile/ios/Pods/Sentry/Sources/Swift/Integrations/SessionReplay/SentryReplayEvent.swift:1:22: warning: using '@_implementationOnly' without enabling library evolution for 'Sentry' may lead to instability during execution
	@_implementationOnly import _SentryPrivate
	                     ^
	<REPO>/apps/mobile/ios/Pods/Sentry/Sources/Swift/Integrations/SessionReplay/SentryReplayRecording.swift:1:22: warning: using '@_implementationOnly' without enabling library evolution for 'Sentry' may lead to instability during execution
	@_implementationOnly import _SentryPrivate
	                     ^
	<REPO>/apps/mobile/ios/Pods/Sentry/Sources/Swift/Protocol/Codable/SentryRequestCodable.swift:1:22: warning: using '@_implementationOnly' without enabling library evolution for 'Sentry' may lead to instability during execution
	@_implementationOnly import _SentryPrivate
	                     ^
	In module 'Darwin' imported from <REPO>/apps/mobile/ios/Pods/SQLCipher/sqlite3.c:27314:
	/Applications/Xcode.app/Contents/Developer/Platforms/iPhoneSimulator.platform/Developer/SDKs/iPhoneSimulator26.2.sdk/usr/include/sys/param.h:218:9: note: expanding this definition of 'MAX'
	  218 | #define MAX(a, b) (((a)>(b))?(a):(b))
	      |         ^
	<REPO>/apps/mobile/ios/Pods/SQLCipher/sqlite3.c:15290:10: note: other definition of 'MAX'
	 15290 | # define MAX(A,B) ((A)>(B)?(A):(B))
	       |          ^
	<REPO>/apps/mobile/ios/Pods/SQLCipher/sqlite3.c:258105:13: warning: ambiguous expansion of macro 'MAX' [-Wambiguous-macro]
	 258105 |     nSlot = MAX(nElem*4, MINSLOT);
	        |             ^
	In module 'Darwin' imported from <REPO>/apps/mobile/ios/Pods/SQLCipher/sqlite3.c:27314:
	/Applications/Xcode.app/Contents/Developer/Platforms/iPhoneSimulator.platform/Developer/SDKs/iPhoneSimulator26.2.sdk/usr/include/sys/param.h:218:9: note: expanding this definition of 'MAX'
	  218 | #define MAX(a, b) (((a)>(b))?(a):(b))
	      |         ^
	<REPO>/apps/mobile/ios/Pods/SQLCipher/sqlite3.c:15290:10: note: other definition of 'MAX'
	 15290 | # define MAX(A,B) ((A)>(B)?(A):(B))
	       |          ^
	<REPO>/apps/mobile/ios/Pods/SQLCipher/sqlite3.c:258612:53: warning: ambiguous expansion of macro 'MIN' [-Wambiguous-macro]
	 258612 |         res = fts5Memcmp(&pLeaf->p[iOff], zIdxTerm, MIN(nTerm, nIdxTerm));
	        |                                                     ^
	In module 'Darwin' imported from <REPO>/apps/mobile/ios/Pods/SQLCipher/sqlite3.c:27314:
	/Applications/Xcode.app/Contents/Developer/Platforms/iPhoneSimulator.platform/Developer/SDKs/iPhoneSimulator26.2.sdk/usr/include/sys/param.h:215:9: note: expanding this definition of 'MIN'
	  215 | #define MIN(a, b) (((a)<(b))?(a):(b))
	      |         ^
	<REPO>/apps/mobile/ios/Pods/SQLCipher/sqlite3.c:15287:10: note: other definition of 'MIN'
	 15287 | # define MIN(A,B) ((A)<(B)?(A):(B))
	       |          ^
	<REPO>/apps/mobile/ios/Pods/SQLCipher/sqlite3.c:260495:40: warning: implicit conversion loses integer precision: 'long' to 'int' [-Wshorten-64-to-32]
	 260495 |       pSorter->aIdx[i] = &aBlob[nBlob] - a;
	        |                        ~ ~~~~~~~~~~~~~~^~~
	<REPO>/apps/mobile/ios/Pods/SQLCipher/sqlite3.c:265479:19: warning: implicit conversion loses integer precision: 'long' to 'int' [-Wshorten-64-to-32]
	 265479 |         is = zCsr - (unsigned char*)pText;
	        |            ~ ~~~~~^~~~~~~~~~~~~~~~~~~~~~~
	<REPO>/apps/mobile/ios/Pods/SQLCipher/sqlite3.c:265486:21: warning: implicit conversion loses integer precision: 'long' to 'int' [-Wshorten-64-to-32]
	 265486 |           is = zCsr - (unsigned char*)pText;
	        |              ~ ~~~~~^~~~~~~~~~~~~~~~~~~~~~~
	<REPO>/apps/mobile/ios/Pods/SQLCipher/sqlite3.c:265536:17: warning: implicit conversion loses integer precision: 'long' to 'int' [-Wshorten-64-to-32]
	 265536 |       ie = zCsr - (unsigned char*)pText;
	        |          ~ ~~~~~^~~~~~~~~~~~~~~~~~~~~~~
	<REPO>/apps/mobile/ios/Pods/SQLCipher/sqlite3.c:265540:37: warning: implicit conversion loses integer precision: 'long' to 'int' [-Wshorten-64-to-32]
	 265540 |     rc = xToken(pCtx, 0, aFold, zOut-aFold, is, ie);
	        |          ~~~~~~                 ~~~~^~~~~~
	<REPO>/apps/mobile/ios/Pods/SQLCipher/sqlite3.c:266367:24: warning: implicit conversion loses integer precision: 'long' to 'int' [-Wshorten-64-to-32]
	 266367 |       aStart[ii] = zIn - (const unsigned char*)pText;
	        |                  ~ ~~~~^~~~~~~~~~~~~~~~~~~~~~~~~~~~~
	<REPO>/apps/mobile/ios/Pods/SQLCipher/sqlite3.c:266389:19: warning: implicit conversion loses integer precision: 'long' to 'int' [-Wshorten-64-to-32]
	 266389 |       iNext = zIn - (const unsigned char*)pText;
	        |             ~ ~~~~^~~~~~~~~~~~~~~~~~~~~~~~~~~~~
	<REPO>/apps/mobile/ios/Pods/SQLCipher/sqlite3.c:266399:36: warning: implicit conversion loses integer precision: 'long' to 'int' [-Wshorten-64-to-32]
	 266399 |     rc = xToken(pCtx, 0, aBuf, zOut-aBuf, aStart[0], iNext);
	        |          ~~~~~~                ~~~~^~~~~
	<REPO>/apps/mobile/ios/Pods/SQLCipher/sqlite3.c:268053:18: warning: ambiguous expansion of macro 'MIN' [-Wambiguous-macro]
	 268053 |       int nCmp = MIN(nTerm, pCsr->nLeTerm);
	        |                  ^
	In module 'Darwin' imported from <REPO>/apps/mobile/ios/Pods/SQLCipher/sqlite3.c:27314:
	/Applications/Xcode.app/Contents/Developer/Platforms/iPhoneSimulator.platform/Developer/SDKs/iPhoneSimulator26.2.sdk/usr/include/sys/param.h:215:9: note: expanding this definition of 'MIN'
	  215 | #define MIN(a, b) (((a)<(b))?(a):(b))
	      |         ^
	<REPO>/apps/mobile/ios/Pods/SQLCipher/sqlite3.c:15287:10: note: other definition of 'MIN'
	 15287 | # define MIN(A,B) ((A)<(B)?(A):(B))
	       |          ^
	<REPO>/apps/mobile/ios/Pods/SQLCipher/sqlite3.c:268127:20: warning: ambiguous expansion of macro 'MIN' [-Wambiguous-macro]
	 268127 |         int nCmp = MIN(nTerm, pCsr->nLeTerm);
	        |                    ^
	In module 'Darwin' imported from <REPO>/apps/mobile/ios/Pods/SQLCipher/sqlite3.c:27314:
	/Applications/Xcode.app/Contents/Developer/Platforms/iPhoneSimulator.platform/Developer/SDKs/iPhoneSimulator26.2.sdk/usr/include/sys/param.h:215:9: note: expanding this definition of 'MIN'
	  215 | #define MIN(a, b) (((a)<(b))?(a):(b))
	      |         ^
	<REPO>/apps/mobile/ios/Pods/SQLCipher/sqlite3.c:15287:10: note: other definition of 'MIN'
	 15287 | # define MIN(A,B) ((A)<(B)?(A):(B))
	       |          ^
	194 warnings generated.
	<REPO>/apps/mobile/ios/Pods/SDWebImage/SDWebImage/Core/SDImageIOCoder.m:208:64: warning: 'UTTypeCreatePreferredIdentifierForTag' is deprecated: first deprecated in iOS 15.0 - Use the UTType class instead. [-Wdeprecated-declarations]
	  208 |             typeIdentifierHint = (__bridge_transfer NSString *)UTTypeCreatePreferredIdentifierForTag(kUTTagClassFilenameExtension, (__bridge CFStringRef)fileExtensionHint, kUTTypeImage);
	      |                                                                ^
	In module 'CoreServices' imported from <REPO>/apps/mobile/ios/Pods/SDWebImage/SDWebImage/Core/SDImageIOCoder.m:17:
	/Applications/Xcode.app/Contents/Developer/Platforms/iPhoneSimulator.platform/Developer/SDKs/iPhoneSimulator26.2.sdk/System/Library/Frameworks/CoreServices.framework/Headers/UTType.h:317:1: note: 'UTTypeCreatePreferredIdentifierForTag' has been explicitly marked deprecated here
	  317 | UTTypeCreatePreferredIdentifierForTag(
	      | ^
	<REPO>/apps/mobile/ios/Pods/SDWebImage/SDWebImage/Core/SDImageIOCoder.m:208:102: warning: 'kUTTagClassFilenameExtension' is deprecated: first deprecated in iOS 15.0 - Use UTTagClassFilenameExtension instead. [-Wdeprecated-declarations]
	  208 |             typeIdentifierHint = (__bridge_transfer NSString *)UTTypeCreatePreferredIdentifierForTag(kUTTagClassFilenameExtension, (__bridge CFStringRef)fileExtensionHint, kUTTypeImage);
	      |                                                                                                      ^
	In module 'CoreServices' imported from <REPO>/apps/mobile/ios/Pods/SDWebImage/SDWebImage/Core/SDImageIOCoder.m:17:
	/Applications/Xcode.app/Contents/Developer/Platforms/iPhoneSimulator.platform/Developer/SDKs/iPhoneSimulator26.2.sdk/System/Library/Frameworks/CoreServices.framework/Headers/UTType.h:258:26: note: 'kUTTagClassFilenameExtension' has been explicitly marked deprecated here
	  258 | extern const CFStringRef kUTTagClassFilenameExtension                API_DEPRECATED("Use UTTagClassFilenameExtension instead.", ios(3.0, 15.0), macos(10.3, 12.0), tvos(9.0, 15.0), watchos(1.0, 8.0));
	      |                          ^
	<REPO>/apps/mobile/ios/Pods/SDWebImage/SDWebImage/Core/SDImageIOCoder.m:208:173: warning: 'kUTTypeImage' is deprecated: first deprecated in iOS 15.0 - Use UTTypeImage or UTType.image (swift) instead. [-Wdeprecated-declarations]
	  208 |             typeIdentifierHint = (__bridge_transfer NSString *)UTTypeCreatePreferredIdentifierForTag(kUTTagClassFilenameExtension, (__bridge CFStringRef)fileExtensionHint, kUTTypeImage);
	      |                                                                                                                                                                             ^
	In module 'CoreServices' imported from <REPO>/apps/mobile/ios/Pods/SDWebImage/SDWebImage/Core/SDImageIOCoder.m:17:
	/Applications/Xcode.app/Contents/Developer/Platforms/iPhoneSimulator.platform/Developer/SDKs/iPhoneSimulator26.2.sdk/System/Library/Frameworks/CoreServices.framework/Headers/UTCoreTypes.h:725:26: note: 'kUTTypeImage' has been explicitly marked deprecated here
	  725 | extern const CFStringRef kUTTypeImage                                API_DEPRECATED("Use UTTypeImage or UTType.image (swift) instead.", ios(3.0, 15.0), macos(10.4, 12.0), tvos(9.0, 15.0), watchos(1.0, 8.0));
	      |                          ^
	<REPO>/apps/mobile/ios/Pods/SDWebImage/SDWebImage/Core/SDImageIOCoder.m:210:17: warning: 'UTTypeIsDynamic' is deprecated: first deprecated in iOS 15.0 - Use UTType.dynamic instead. [-Wdeprecated-declarations]
	  210 |             if (UTTypeIsDynamic((__bridge CFStringRef)typeIdentifierHint)) {
	      |                 ^
	In module 'CoreServices' imported from <REPO>/apps/mobile/ios/Pods/SDWebImage/SDWebImage/Core/SDImageIOCoder.m:17:
	/Applications/Xcode.app/Contents/Developer/Platforms/iPhoneSimulator.platform/Developer/SDKs/iPhoneSimulator26.2.sdk/System/Library/Frameworks/CoreServices.framework/Headers/UTType.h:536:1: note: 'UTTypeIsDynamic' has been explicitly marked deprecated here
	  536 | UTTypeIsDynamic(CFStringRef inUTI)                                   API_DEPRECATED("Use UTType.dynamic instead.", ios(8.0, 15.0), macos(10.10, 12.0), tvos(9.0, 15.0), watchos(1.0, 8.0));
	      | ^
	4 warnings generated.
	|              ~ ~~~~~^~~~~~~~~~~~~~~~~~~~~~~
	<REPO>/apps/mobile/ios/Pods/SQLCipher/sqlite3.c:265536:17: warning: implicit conversion loses integer precision: 'long' to 'int' [-Wshorten-64-to-32]
	 265536 |       ie = zCsr - (unsigned char*)pText;
	        |          ~ ~~~~~^~~~~~~~~~~~~~~~~~~~~~~
	<REPO>/apps/mobile/ios/Pods/SQLCipher/sqlite3.c:265540:37: warning: implicit conversion loses integer precision: 'long' to 'int' [-Wshorten-64-to-32]
	 265540 |     rc = xToken(pCtx, 0, aFold, zOut-aFold, is, ie);
	        |          ~~~~~~                 ~~~~^~~~~~
	<REPO>/apps/mobile/ios/Pods/SQLCipher/sqlite3.c:266367:24: warning: implicit conversion loses integer precision: 'long' to 'int' [-Wshorten-64-to-32]
	 266367 |       aStart[ii] = zIn - (const unsigned char*)pText;
	        |                  ~ ~~~~^~~~~~~~~~~~~~~~~~~~~~~~~~~~~
	<REPO>/apps/mobile/ios/Pods/SQLCipher/sqlite3.c:266389:19: warning: implicit conversion loses integer precision: 'long' to 'int' [-Wshorten-64-to-32]
	 266389 |       iNext = zIn - (const unsigned char*)pText;
	        |             ~ ~~~~^~~~~~~~~~~~~~~~~~~~~~~~~~~~~
	<REPO>/apps/mobile/ios/Pods/SQLCipher/sqlite3.c:266399:36: warning: implicit conversion loses integer precision: 'long' to 'int' [-Wshorten-64-to-32]
	 266399 |     rc = xToken(pCtx, 0, aBuf, zOut-aBuf, aStart[0], iNext);
	        |          ~~~~~~                ~~~~^~~~~
	<REPO>/apps/mobile/ios/Pods/SQLCipher/sqlite3.c:268053:18: warning: ambiguous expansion of macro 'MIN' [-Wambiguous-macro]
	 268053 |       int nCmp = MIN(nTerm, pCsr->nLeTerm);
	        |                  ^
	In module 'Darwin' imported from <REPO>/apps/mobile/ios/Pods/SQLCipher/sqlite3.c:27314:
	/Applications/Xcode.app/Contents/Developer/Platforms/iPhoneSimulator.platform/Developer/SDKs/iPhoneSimulator26.2.sdk/usr/include/sys/param.h:215:9: note: expanding this definition of 'MIN'
	  215 | #define MIN(a, b) (((a)<(b))?(a):(b))
	      |         ^
	<REPO>/apps/mobile/ios/Pods/SQLCipher/sqlite3.c:15287:10: note: other definition of 'MIN'
	 15287 | # define MIN(A,B) ((A)<(B)?(A):(B))
	       |          ^
	<REPO>/apps/mobile/ios/Pods/SQLCipher/sqlite3.c:268127:20: warning: ambiguous expansion of macro 'MIN' [-Wambiguous-macro]
	 268127 |         int nCmp = MIN(nTerm, pCsr->nLeTerm);
	        |                    ^
	In module 'Darwin' imported from <REPO>/apps/mobile/ios/Pods/SQLCipher/sqlite3.c:27314:
	/Applications/Xcode.app/Contents/Developer/Platforms/iPhoneSimulator.platform/Developer/SDKs/iPhoneSimulator26.2.sdk/usr/include/sys/param.h:215:9: note: expanding this definition of 'MIN'
	  215 | #define MIN(a, b) (((a)<(b))?(a):(b))
	      |         ^
	<REPO>/apps/mobile/ios/Pods/SQLCipher/sqlite3.c:15287:10: note: other definition of 'MIN'
	 15287 | # define MIN(A,B) ((A)<(B)?(A):(B))
	       |          ^
	194 warnings generated.
	<REPO>/apps/mobile/ios/Pods/SDWebImage/SDWebImage/Core/SDImageIOAnimatedCoder.m:652:64: warning: 'UTTypeCreatePreferredIdentifierForTag' is deprecated: first deprecated in iOS 15.0 - Use the UTType class instead. [-Wdeprecated-declarations]
	  652 |             typeIdentifierHint = (__bridge_transfer NSString *)UTTypeCreatePreferredIdentifierForTag(kUTTagClassFilenameExtension, (__bridge CFStringRef)fileExtensionHint, kUTTypeImage);
	      |                                                                ^
	In module 'CoreServices' imported from <REPO>/apps/mobile/ios/Pods/SDWebImage/SDWebImage/Core/SDImageIOAnimatedCoder.m:20:
	/Applications/Xcode.app/Contents/Developer/Platforms/iPhoneSimulator.platform/Developer/SDKs/iPhoneSimulator26.2.sdk/System/Library/Frameworks/CoreServices.framework/Headers/UTType.h:317:1: note: 'UTTypeCreatePreferredIdentifierForTag' has been explicitly marked deprecated here
	  317 | UTTypeCreatePreferredIdentifierForTag(
	      | ^
	<REPO>/apps/mobile/ios/Pods/SDWebImage/SDWebImage/Core/SDImageIOAnimatedCoder.m:652:102: warning: 'kUTTagClassFilenameExtension' is deprecated: first deprecated in iOS 15.0 - Use UTTagClassFilenameExtension instead. [-Wdeprecated-declarations]
	  652 |             typeIdentifierHint = (__bridge_transfer NSString *)UTTypeCreatePreferredIdentifierForTag(kUTTagClassFilenameExtension, (__bridge CFStringRef)fileExtensionHint, kUTTypeImage);
	      |                                                                                                      ^
	In module 'CoreServices' imported from <REPO>/apps/mobile/ios/Pods/SDWebImage/SDWebImage/Core/SDImageIOAnimatedCoder.m:20:
	/Applications/Xcode.app/Contents/Developer/Platforms/iPhoneSimulator.platform/Developer/SDKs/iPhoneSimulator26.2.sdk/System/Library/Frameworks/CoreServices.framework/Headers/UTType.h:258:26: note: 'kUTTagClassFilenameExtension' has been explicitly marked deprecated here
	  258 | extern const CFStringRef kUTTagClassFilenameExtension                API_DEPRECATED("Use UTTagClassFilenameExtension instead.", ios(3.0, 15.0), macos(10.3, 12.0), tvos(9.0, 15.0), watchos(1.0, 8.0));
	      |                          ^
	<REPO>/apps/mobile/ios/Pods/SDWebImage/SDWebImage/Core/SDImageIOAnimatedCoder.m:652:173: warning: 'kUTTypeImage' is deprecated: first deprecated in iOS 15.0 - Use UTTypeImage or UTType.image (swift) instead. [-Wdeprecated-declarations]
	  652 |             typeIdentifierHint = (__bridge_transfer NSString *)UTTypeCreatePreferredIdentifierForTag(kUTTagClassFilenameExtension, (__bridge CFStringRef)fileExtensionHint, kUTTypeImage);
	      |                                                                                                                                                                             ^
	In module 'CoreServices' imported from <REPO>/apps/mobile/ios/Pods/SDWebImage/SDWebImage/Core/SDImageIOAnimatedCoder.m:20:
	/Applications/Xcode.app/Contents/Developer/Platforms/iPhoneSimulator.platform/Developer/SDKs/iPhoneSimulator26.2.sdk/System/Library/Frameworks/CoreServices.framework/Headers/UTCoreTypes.h:725:26: note: 'kUTTypeImage' has been explicitly marked deprecated here
	  725 | extern const CFStringRef kUTTypeImage                                API_DEPRECATED("Use UTTypeImage or UTType.image (swift) instead.", ios(3.0, 15.0), macos(10.4, 12.0), tvos(9.0, 15.0), watchos(1.0, 8.0));
	      |                          ^
	<REPO>/apps/mobile/ios/Pods/SDWebImage/SDWebImage/Core/SDImageIOAnimatedCoder.m:654:17: warning: 'UTTypeIsDynamic' is deprecated: first deprecated in iOS 15.0 - Use UTType.dynamic instead. [-Wdeprecated-declarations]
	  654 |             if (UTTypeIsDynamic((__bridge CFStringRef)typeIdentifierHint)) {
	      |                 ^
	In module 'CoreServices' imported from <REPO>/apps/mobile/ios/Pods/SDWebImage/SDWebImage/Core/SDImageIOAnimatedCoder.m:20:
	/Applications/Xcode.app/Contents/Developer/Platforms/iPhoneSimulator.platform/Developer/SDKs/iPhoneSimulator26.2.sdk/System/Library/Frameworks/CoreServices.framework/Headers/UTType.h:536:1: note: 'UTTypeIsDynamic' has been explicitly marked deprecated here
	  536 | UTTypeIsDynamic(CFStringRef inUTI)                                   API_DEPRECATED("Use UTType.dynamic instead.", ios(8.0, 15.0), macos(10.10, 12.0), tvos(9.0, 15.0), watchos(1.0, 8.0));
	      | ^
	4 warnings generated.
	<REPO>/apps/mobile/ios/Pods/SDWebImage/SDWebImage/Core/SDImageCacheDefine.m:89:64: warning: 'UTTypeCreatePreferredIdentifierForTag' is deprecated: first deprecated in iOS 15.0 - Use the UTType class instead. [-Wdeprecated-declarations]
	   89 |             typeIdentifierHint = (__bridge_transfer NSString *)UTTypeCreatePreferredIdentifierForTag(kUTTagClassFilenameExtension, (__bridge CFStringRef)fileExtensionHint, kUTTypeImage);
	      |                                                                ^
	In module 'CoreServices' imported from <REPO>/apps/mobile/ios/Pods/SDWebImage/SDWebImage/Core/SDImageCacheDefine.m:17:
	/Applications/Xcode.app/Contents/Developer/Platforms/iPhoneSimulator.platform/Developer/SDKs/iPhoneSimulator26.2.sdk/System/Library/Frameworks/CoreServices.framework/Headers/UTType.h:317:1: note: 'UTTypeCreatePreferredIdentifierForTag' has been explicitly marked deprecated here
	  317 | UTTypeCreatePreferredIdentifierForTag(
	      | ^
	<REPO>/apps/mobile/ios/Pods/SDWebImage/SDWebImage/Core/SDImageCacheDefine.m:89:102: warning: 'kUTTagClassFilenameExtension' is deprecated: first deprecated in iOS 15.0 - Use UTTagClassFilenameExtension instead. [-Wdeprecated-declarations]
	   89 |             typeIdentifierHint = (__bridge_transfer NSString *)UTTypeCreatePreferredIdentifierForTag(kUTTagClassFilenameExtension, (__bridge CFStringRef)fileExtensionHint, kUTTypeImage);
	      |                                                                                                      ^
	In module 'CoreServices' imported from <REPO>/apps/mobile/ios/Pods/SDWebImage/SDWebImage/Core/SDImageCacheDefine.m:17:
	/Applications/Xcode.app/Contents/Developer/Platforms/iPhoneSimulator.platform/Developer/SDKs/iPhoneSimulator26.2.sdk/System/Library/Frameworks/CoreServices.framework/Headers/UTType.h:258:26: note: 'kUTTagClassFilenameExtension' has been explicitly marked deprecated here
	  258 | extern const CFStringRef kUTTagClassFilenameExtension                API_DEPRECATED("Use UTTagClassFilenameExtension instead.", ios(3.0, 15.0), macos(10.3, 12.0), tvos(9.0, 15.0), watchos(1.0, 8.0));
	      |                          ^
	<REPO>/apps/mobile/ios/Pods/SDWebImage/SDWebImage/Core/SDImageCacheDefine.m:89:173: warning: 'kUTTypeImage' is deprecated: first deprecated in iOS 15.0 - Use UTTypeImage or UTType.image (swift) instead. [-Wdeprecated-declarations]
	   89 |             typeIdentifierHint = (__bridge_transfer NSString *)UTTypeCreatePreferredIdentifierForTag(kUTTagClassFilenameExtension, (__bridge CFStringRef)fileExtensionHint, kUTTypeImage);
	      |                                                                                                                                                                             ^
	In module 'CoreServices' imported from <REPO>/apps/mobile/ios/Pods/SDWebImage/SDWebImage/Core/SDImageCacheDefine.m:17:
	/Applications/Xcode.app/Contents/Developer/Platforms/iPhoneSimulator.platform/Developer/SDKs/iPhoneSimulator26.2.sdk/System/Library/Frameworks/CoreServices.framework/Headers/UTCoreTypes.h:725:26: note: 'kUTTypeImage' has been explicitly marked deprecated here
	  725 | extern const CFStringRef kUTTypeImage                                API_DEPRECATED("Use UTTypeImage or UTType.image (swift) instead.", ios(3.0, 15.0), macos(10.4, 12.0), tvos(9.0, 15.0), watchos(1.0, 8.0));
	      |                          ^
	<REPO>/apps/mobile/ios/Pods/SDWebImage/SDWebImage/Core/SDImageCacheDefine.m:91:17: warning: 'UTTypeIsDynamic' is deprecated: first deprecated in iOS 15.0 - Use UTType.dynamic instead. [-Wdeprecated-declarations]
	   91 |             if (UTTypeIsDynamic((__bridge CFStringRef)typeIdentifierHint)) {
	      |                 ^
	In module 'CoreServices' imported from <REPO>/apps/mobile/ios/Pods/SDWebImage/SDWebImage/Core/SDImageCacheDefine.m:17:
	/Applications/Xcode.app/Contents/Developer/Platforms/iPhoneSimulator.platform/Developer/SDKs/iPhoneSimulator26.2.sdk/System/Library/Frameworks/CoreServices.framework/Headers/UTType.h:536:1: note: 'UTTypeIsDynamic' has been explicitly marked deprecated here
	  536 | UTTypeIsDynamic(CFStringRef inUTI)                                   API_DEPRECATED("Use UTType.dynamic instead.", ios(8.0, 15.0), macos(10.10, 12.0), tvos(9.0, 15.0), watchos(1.0, 8.0));
	      | ^
	4 warnings generated.
	<REPO>/apps/mobile/ios/Pods/SDWebImage/SDWebImage/Core/NSData+ImageContentType.m:159:16: warning: 'UTTypeConformsTo' is deprecated: first deprecated in iOS 15.0 - Use -[UTType conformsToType:] instead. [-Wdeprecated-declarations]
	  159 |     } else if (UTTypeConformsTo(uttype, kSDUTTypeRAW)) {
	      |                ^
	In module 'MobileCoreServices' imported from <REPO>/apps/mobile/ios/Pods/SDWebImage/SDWebImage/Core/NSData+ImageContentType.m:14:
	In module 'CoreServices' imported from /Applications/Xcode.app/Contents/Developer/Platforms/iPhoneSimulator.platform/Developer/SDKs/iPhoneSimulator.sdk/System/Library/Frameworks/MobileCoreServices.framework/Headers/MobileCoreServices.h:9:
	/Applications/Xcode.app/Contents/Developer/Platforms/iPhoneSimulator.platform/Developer/SDKs/iPhoneSimulator26.2.sdk/System/Library/Frameworks/CoreServices.framework/Headers/UTType.h:472:1: note: 'UTTypeConformsTo' has been explicitly marked deprecated here
	  472 | UTTypeConformsTo(
	      | ^
	1 warning generated.
	<REPO>/apps/mobile/ios/Pods/SDWebImage/SDWebImage/Core/SDImageIOCoder.m:208:64: warning: 'UTTypeCreatePreferredIdentifierForTag' is deprecated: first deprecated in iOS 15.0 - Use the UTType class instead. [-Wdeprecated-declarations]
	  208 |             typeIdentifierHint = (__bridge_transfer NSString *)UTTypeCreatePreferredIdentifierForTag(kUTTagClassFilenameExtension, (__bridge CFStringRef)fileExtensionHint, kUTTypeImage);
	      |                                                                ^
	In module 'CoreServices' imported from <REPO>/apps/mobile/ios/Pods/SDWebImage/SDWebImage/Core/SDImageIOCoder.m:17:
	/Applications/Xcode.app/Contents/Developer/Platforms/iPhoneSimulator.platform/Developer/SDKs/iPhoneSimulator26.2.sdk/System/Library/Frameworks/CoreServices.framework/Headers/UTType.h:317:1: note: 'UTTypeCreatePreferredIdentifierForTag' has been explicitly marked deprecated here
	  317 | UTTypeCreatePreferredIdentifierForTag(
	      | ^
	<REPO>/apps/mobile/ios/Pods/SDWebImage/SDWebImage/Core/SDImageIOCoder.m:208:102: warning: 'kUTTagClassFilenameExtension' is deprecated: first deprecated in iOS 15.0 - Use UTTagClassFilenameExtension instead. [-Wdeprecated-declarations]
	  208 |             typeIdentifierHint = (__bridge_transfer NSString *)UTTypeCreatePreferredIdentifierForTag(kUTTagClassFilenameExtension, (__bridge CFStringRef)fileExtensionHint, kUTTypeImage);
	      |                                                                                                      ^
	In module 'CoreServices' imported from <REPO>/apps/mobile/ios/Pods/SDWebImage/SDWebImage/Core/SDImageIOCoder.m:17:
	/Applications/Xcode.app/Contents/Developer/Platforms/iPhoneSimulator.platform/Developer/SDKs/iPhoneSimulator26.2.sdk/System/Library/Frameworks/CoreServices.framework/Headers/UTType.h:258:26: note: 'kUTTagClassFilenameExtension' has been explicitly marked deprecated here
	  258 | extern const CFStringRef kUTTagClassFilenameExtension                API_DEPRECATED("Use UTTagClassFilenameExtension instead.", ios(3.0, 15.0), macos(10.3, 12.0), tvos(9.0, 15.0), watchos(1.0, 8.0));
	      |                          ^
	<REPO>/apps/mobile/ios/Pods/SDWebImage/SDWebImage/Core/SDImageIOCoder.m:208:173: warning: 'kUTTypeImage' is deprecated: first deprecated in iOS 15.0 - Use UTTypeImage or UTType.image (swift) instead. [-Wdeprecated-declarations]
	  208 |             typeIdentifierHint = (__bridge_transfer NSString *)UTTypeCreatePreferredIdentifierForTag(kUTTagClassFilenameExtension, (__bridge CFStringRef)fileExtensionHint, kUTTypeImage);
	      |                                                                                                                                                                             ^
	In module 'CoreServices' imported from <REPO>/apps/mobile/ios/Pods/SDWebImage/SDWebImage/Core/SDImageIOCoder.m:17:
	/Applications/Xcode.app/Contents/Developer/Platforms/iPhoneSimulator.platform/Developer/SDKs/iPhoneSimulator26.2.sdk/System/Library/Frameworks/CoreServices.framework/Headers/UTCoreTypes.h:725:26: note: 'kUTTypeImage' has been explicitly marked deprecated here
	  725 | extern const CFStringRef kUTTypeImage                                API_DEPRECATED("Use UTTypeImage or UTType.image (swift) instead.", ios(3.0, 15.0), macos(10.4, 12.0), tvos(9.0, 15.0), watchos(1.0, 8.0));
	      |                          ^
	<REPO>/apps/mobile/ios/Pods/SDWebImage/SDWebImage/Core/SDImageIOCoder.m:210:17: warning: 'UTTypeIsDynamic' is deprecated: first deprecated in iOS 15.0 - Use UTType.dynamic instead. [-Wdeprecated-declarations]
	  210 |             if (UTTypeIsDynamic((__bridge CFStringRef)typeIdentifierHint)) {
	      |                 ^
	In module 'CoreServices' imported from <REPO>/apps/mobile/ios/Pods/SDWebImage/SDWebImage/Core/SDImageIOCoder.m:17:
	/Applications/Xcode.app/Contents/Developer/Platforms/iPhoneSimulator.platform/Developer/SDKs/iPhoneSimulator26.2.sdk/System/Library/Frameworks/CoreServices.framework/Headers/UTType.h:536:1: note: 'UTTypeIsDynamic' has been explicitly marked deprecated here
	  536 | UTTypeIsDynamic(CFStringRef inUTI)                                   API_DEPRECATED("Use UTType.dynamic instead.", ios(8.0, 15.0), macos(10.10, 12.0), tvos(9.0, 15.0), watchos(1.0, 8.0));
	      | ^
	4 warnings generated.
	<REPO>/apps/mobile/ios/Pods/SDWebImage/SDWebImage/Core/SDImageIOAnimatedCoder.m:652:64: warning: 'UTTypeCreatePreferredIdentifierForTag' is deprecated: first deprecated in iOS 15.0 - Use the UTType class instead. [-Wdeprecated-declarations]
	  652 |             typeIdentifierHint = (__bridge_transfer NSString *)UTTypeCreatePreferredIdentifierForTag(kUTTagClassFilenameExtension, (__bridge CFStringRef)fileExtensionHint, kUTTypeImage);
	      |                                                                ^
	In module 'CoreServices' imported from <REPO>/apps/mobile/ios/Pods/SDWebImage/SDWebImage/Core/SDImageIOAnimatedCoder.m:20:
	/Applications/Xcode.app/Contents/Developer/Platforms/iPhoneSimulator.platform/Developer/SDKs/iPhoneSimulator26.2.sdk/System/Library/Frameworks/CoreServices.framework/Headers/UTType.h:317:1: note: 'UTTypeCreatePreferredIdentifierForTag' has been explicitly marked deprecated here
	  317 | UTTypeCreatePreferredIdentifierForTag(
	      | ^
	<REPO>/apps/mobile/ios/Pods/SDWebImage/SDWebImage/Core/SDImageIOAnimatedCoder.m:652:102: warning: 'kUTTagClassFilenameExtension' is deprecated: first deprecated in iOS 15.0 - Use UTTagClassFilenameExtension instead. [-Wdeprecated-declarations]
	  652 |             typeIdentifierHint = (__bridge_transfer NSString *)UTTypeCreatePreferredIdentifierForTag(kUTTagClassFilenameExtension, (__bridge CFStringRef)fileExtensionHint, kUTTypeImage);
	      |                                                                                                      ^
	In module 'CoreServices' imported from <REPO>/apps/mobile/ios/Pods/SDWebImage/SDWebImage/Core/SDImageIOAnimatedCoder.m:20:
	/Applications/Xcode.app/Contents/Developer/Platforms/iPhoneSimulator.platform/Developer/SDKs/iPhoneSimulator26.2.sdk/System/Library/Frameworks/CoreServices.framework/Headers/UTType.h:258:26: note: 'kUTTagClassFilenameExtension' has been explicitly marked deprecated here
	  258 | extern const CFStringRef kUTTagClassFilenameExtension                API_DEPRECATED("Use UTTagClassFilenameExtension instead.", ios(3.0, 15.0), macos(10.3, 12.0), tvos(9.0, 15.0), watchos(1.0, 8.0));
	      |                          ^
	<REPO>/apps/mobile/ios/Pods/SDWebImage/SDWebImage/Core/SDImageIOAnimatedCoder.m:652:173: warning: 'kUTTypeImage' is deprecated: first deprecated in iOS 15.0 - Use UTTypeImage or UTType.image (swift) instead. [-Wdeprecated-declarations]
	  652 |             typeIdentifierHint = (__bridge_transfer NSString *)UTTypeCreatePreferredIdentifierForTag(kUTTagClassFilenameExtension, (__bridge CFStringRef)fileExtensionHint, kUTTypeImage);
	      |                                                                                                                                                                             ^
	In module 'CoreServices' imported from <REPO>/apps/mobile/ios/Pods/SDWebImage/SDWebImage/Core/SDImageIOAnimatedCoder.m:20:
	/Applications/Xcode.app/Contents/Developer/Platforms/iPhoneSimulator.platform/Developer/SDKs/iPhoneSimulator26.2.sdk/System/Library/Frameworks/CoreServices.framework/Headers/UTCoreTypes.h:725:26: note: 'kUTTypeImage' has been explicitly marked deprecated here
	  725 | extern const CFStringRef kUTTypeImage                                API_DEPRECATED("Use UTTypeImage or UTType.image (swift) instead.", ios(3.0, 15.0), macos(10.4, 12.0), tvos(9.0, 15.0), watchos(1.0, 8.0));
	      |                          ^
	<REPO>/apps/mobile/ios/Pods/SDWebImage/SDWebImage/Core/SDImageIOAnimatedCoder.m:654:17: warning: 'UTTypeIsDynamic' is deprecated: first deprecated in iOS 15.0 - Use UTType.dynamic instead. [-Wdeprecated-declarations]
	  654 |             if (UTTypeIsDynamic((__bridge CFStringRef)typeIdentifierHint)) {
	      |                 ^
	In module 'CoreServices' imported from <REPO>/apps/mobile/ios/Pods/SDWebImage/SDWebImage/Core/SDImageIOAnimatedCoder.m:20:
	/Applications/Xcode.app/Contents/Developer/Platforms/iPhoneSimulator.platform/Developer/SDKs/iPhoneSimulator26.2.sdk/System/Library/Frameworks/CoreServices.framework/Headers/UTType.h:536:1: note: 'UTTypeIsDynamic' has been explicitly marked deprecated here
	  536 | UTTypeIsDynamic(CFStringRef inUTI)                                   API_DEPRECATED("Use UTType.dynamic instead.", ios(8.0, 15.0), macos(10.10, 12.0), tvos(9.0, 15.0), watchos(1.0, 8.0));
	      | ^
	4 warnings generated.
	<REPO>/apps/mobile/ios/Pods/SDWebImage/SDWebImage/Core/SDImageCacheDefine.m:89:64: warning: 'UTTypeCreatePreferredIdentifierForTag' is deprecated: first deprecated in iOS 15.0 - Use the UTType class instead. [-Wdeprecated-declarations]
	   89 |             typeIdentifierHint = (__bridge_transfer NSString *)UTTypeCreatePreferredIdentifierForTag(kUTTagClassFilenameExtension, (__bridge CFStringRef)fileExtensionHint, kUTTypeImage);
	      |                                                                ^
	In module 'CoreServices' imported from <REPO>/apps/mobile/ios/Pods/SDWebImage/SDWebImage/Core/SDImageCacheDefine.m:17:
	/Applications/Xcode.app/Contents/Developer/Platforms/iPhoneSimulator.platform/Developer/SDKs/iPhoneSimulator26.2.sdk/System/Library/Frameworks/CoreServices.framework/Headers/UTType.h:317:1: note: 'UTTypeCreatePreferredIdentifierForTag' has been explicitly marked deprecated here
	  317 | UTTypeCreatePreferredIdentifierForTag(
	      | ^
	<REPO>/apps/mobile/ios/Pods/SDWebImage/SDWebImage/Core/SDImageCacheDefine.m:89:102: warning: 'kUTTagClassFilenameExtension' is deprecated: first deprecated in iOS 15.0 - Use UTTagClassFilenameExtension instead. [-Wdeprecated-declarations]
	   89 |             typeIdentifierHint = (__bridge_transfer NSString *)UTTypeCreatePreferredIdentifierForTag(kUTTagClassFilenameExtension, (__bridge CFStringRef)fileExtensionHint, kUTTypeImage);
	      |                                                                                                      ^
	In module 'CoreServices' imported from <REPO>/apps/mobile/ios/Pods/SDWebImage/SDWebImage/Core/SDImageCacheDefine.m:17:
	/Applications/Xcode.app/Contents/Developer/Platforms/iPhoneSimulator.platform/Developer/SDKs/iPhoneSimulator26.2.sdk/System/Library/Frameworks/CoreServices.framework/Headers/UTType.h:258:26: note: 'kUTTagClassFilenameExtension' has been explicitly marked deprecated here
	  258 | extern const CFStringRef kUTTagClassFilenameExtension                API_DEPRECATED("Use UTTagClassFilenameExtension instead.", ios(3.0, 15.0), macos(10.3, 12.0), tvos(9.0, 15.0), watchos(1.0, 8.0));
	      |                          ^
	<REPO>/apps/mobile/ios/Pods/SDWebImage/SDWebImage/Core/SDImageCacheDefine.m:89:173: warning: 'kUTTypeImage' is deprecated: first deprecated in iOS 15.0 - Use UTTypeImage or UTType.image (swift) instead. [-Wdeprecated-declarations]
	   89 |             typeIdentifierHint = (__bridge_transfer NSString *)UTTypeCreatePreferredIdentifierForTag(kUTTagClassFilenameExtension, (__bridge CFStringRef)fileExtensionHint, kUTTypeImage);
	      |                                                                                                                                                                             ^
	In module 'CoreServices' imported from <REPO>/apps/mobile/ios/Pods/SDWebImage/SDWebImage/Core/SDImageCacheDefine.m:17:
	/Applications/Xcode.app/Contents/Developer/Platforms/iPhoneSimulator.platform/Developer/SDKs/iPhoneSimulator26.2.sdk/System/Library/Frameworks/CoreServices.framework/Headers/UTCoreTypes.h:725:26: note: 'kUTTypeImage' has been explicitly marked deprecated here
	  725 | extern const CFStringRef kUTTypeImage                                API_DEPRECATED("Use UTTypeImage or UTType.image (swift) instead.", ios(3.0, 15.0), macos(10.4, 12.0), tvos(9.0, 15.0), watchos(1.0, 8.0));
	      |                          ^
	<REPO>/apps/mobile/ios/Pods/SDWebImage/SDWebImage/Core/SDImageCacheDefine.m:91:17: warning: 'UTTypeIsDynamic' is deprecated: first deprecated in iOS 15.0 - Use UTType.dynamic instead. [-Wdeprecated-declarations]
	   91 |             if (UTTypeIsDynamic((__bridge CFStringRef)typeIdentifierHint)) {
	      |                 ^
	In module 'CoreServices' imported from <REPO>/apps/mobile/ios/Pods/SDWebImage/SDWebImage/Core/SDImageCacheDefine.m:17:
	/Applications/Xcode.app/Contents/Developer/Platforms/iPhoneSimulator.platform/Developer/SDKs/iPhoneSimulator26.2.sdk/System/Library/Frameworks/CoreServices.framework/Headers/UTType.h:536:1: note: 'UTTypeIsDynamic' has been explicitly marked deprecated here
	  536 | UTTypeIsDynamic(CFStringRef inUTI)                                   API_DEPRECATED("Use UTType.dynamic instead.", ios(8.0, 15.0), macos(10.10, 12.0), tvos(9.0, 15.0), watchos(1.0, 8.0));
	      | ^
	4 warnings generated.
	<REPO>/apps/mobile/ios/Pods/SDWebImage/SDWebImage/Core/NSData+ImageContentType.m:159:16: warning: 'UTTypeConformsTo' is deprecated: first deprecated in iOS 15.0 - Use -[UTType conformsToType:] instead. [-Wdeprecated-declarations]
	  159 |     } else if (UTTypeConformsTo(uttype, kSDUTTypeRAW)) {
	      |                ^
	In module 'MobileCoreServices' imported from <REPO>/apps/mobile/ios/Pods/SDWebImage/SDWebImage/Core/NSData+ImageContentType.m:14:
	In module 'CoreServices' imported from /Applications/Xcode.app/Contents/Developer/Platforms/iPhoneSimulator.platform/Developer/SDKs/iPhoneSimulator.sdk/System/Library/Frameworks/MobileCoreServices.framework/Headers/MobileCoreServices.h:9:
	/Applications/Xcode.app/Contents/Developer/Platforms/iPhoneSimulator.platform/Developer/SDKs/iPhoneSimulator26.2.sdk/System/Library/Frameworks/CoreServices.framework/Headers/UTType.h:472:1: note: 'UTTypeConformsTo' has been explicitly marked deprecated here
	  472 | UTTypeConformsTo(
	      | ^
	1 warning generated.
	<REPO>/apps/mobile/ios/Pods/CocoaAsyncSocket/Source/GCD/GCDAsyncSocket.m:3251:3: warning: 'SSLClose' is deprecated: first deprecated in iOS 13.0 - No longer supported. Use Network.framework. [-Wdeprecated-declarations]
	 3251 |                 SSLClose(sslContext);
	      |                 ^
	In module 'Security' imported from <REPO>/apps/mobile/ios/Pods/CocoaAsyncSocket/Source/GCD/GCDAsyncSocket.h:12:
	/Applications/Xcode.app/Contents/Developer/Platforms/iPhoneSimulator.platform/Developer/SDKs/iPhoneSimulator.sdk/System/Library/Frameworks/Security.framework/Headers/SecureTransport.h:1731:1: note: 'SSLClose' has been explicitly marked deprecated here
	 1731 | SSLClose                                        (SSLContextRef          context)
	      | ^
	<REPO>/apps/mobile/ios/Pods/CocoaAsyncSocket/Source/GCD/GCDAsyncSocket.m:4786:9: warning: 'SSLGetBufferedReadSize' is deprecated: first deprecated in iOS 13.0 - No longer supported. Use Network.framework. [-Wdeprecated-declarations]
	 4786 |         SSLGetBufferedReadSize(self->sslContext, &sslInternalBufSize);
	      |         ^
	In module 'Security' imported from <REPO>/apps/mobile/ios/Pods/CocoaAsyncSocket/Source/GCD/GCDAsyncSocket.h:12:
	/Applications/Xcode.app/Contents/Developer/Platforms/iPhoneSimulator.platform/Developer/SDKs/iPhoneSimulator.sdk/System/Library/Frameworks/Security.framework/Headers/SecureTransport.h:1705:1: note: 'SSLGetBufferedReadSize' has been explicitly marked deprecated here
	 1705 | SSLGetBufferedReadSize          (SSLContextRef context,
	      | ^
	<REPO>/apps/mobile/ios/Pods/CocoaAsyncSocket/Source/GCD/GCDAsyncSocket.m:4811:22: warning: 'SSLRead' is deprecated: first deprecated in iOS 13.0 - No longer supported. Use Network.framework. [-Wdeprecated-declarations]
	 4811 |                         OSStatus result = SSLRead(sslContext, buffer, (size_t)estimatedBytesAvailable, &bytesRead);
	      |                                           ^
	In module 'Security' imported from <REPO>/apps/mobile/ios/Pods/CocoaAsyncSocket/Source/GCD/GCDAsyncSocket.h:12:
	/Applications/Xcode.app/Contents/Developer/Platforms/iPhoneSimulator.platform/Developer/SDKs/iPhoneSimulator.sdk/System/Library/Frameworks/Security.framework/Headers/SecureTransport.h:1689:1: note: 'SSLRead' has been explicitly marked deprecated here
	 1689 | SSLRead                                         (SSLContextRef          context,
	      | ^
	<REPO>/apps/mobile/ios/Pods/CocoaAsyncSocket/Source/GCD/GCDAsyncSocket.m:4939:4: warning: 'SSLGetBufferedReadSize' is deprecated: first deprecated in iOS 13.0 - No longer supported. Use Network.framework. [-Wdeprecated-declarations]
	 4939 |                         SSLGetBufferedReadSize(sslContext, &sslInternalBufSize);
	      |                         ^
	In module 'Security' imported from <REPO>/apps/mobile/ios/Pods/CocoaAsyncSocket/Source/GCD/GCDAsyncSocket.h:12:
	/Applications/Xcode.app/Contents/Developer/Platforms/iPhoneSimulator.platform/Developer/SDKs/iPhoneSimulator.sdk/System/Library/Frameworks/Security.framework/Headers/SecureTransport.h:1705:1: note: 'SSLGetBufferedReadSize' has been explicitly marked deprecated here
	 1705 | SSLGetBufferedReadSize          (SSLContextRef context,
	      | ^
	<REPO>/apps/mobile/ios/Pods/CocoaAsyncSocket/Source/GCD/GCDAsyncSocket.m:5222:15: warning: 'SSLRead' is deprecated: first deprecated in iOS 13.0 - No longer supported. Use Network.framework. [-Wdeprecated-declarations]
	 5222 |                                         result = SSLRead(sslContext, loop_buffer, loop_bytesToRead, &loop_bytesRead);
	      |                                                  ^
	In module 'Security' imported from <REPO>/apps/mobile/ios/Pods/CocoaAsyncSocket/Source/GCD/GCDAsyncSocket.h:12:
	/Applications/Xcode.app/Contents/Developer/Platforms/iPhoneSimulator.platform/Developer/SDKs/iPhoneSimulator.sdk/System/Library/Frameworks/Security.framework/Headers/SecureTransport.h:1689:1: note: 'SSLRead' has been explicitly marked deprecated here
	 1689 | SSLRead                                         (SSLContextRef          context,
	      | ^
	<REPO>/apps/mobile/ios/Pods/CocoaAsyncSocket/Source/GCD/GCDAsyncSocket.m:6186:14: warning: 'SSLWrite' is deprecated: first deprecated in iOS 13.0 - No longer supported. Use Network.framework. [-Wdeprecated-declarations]
	 6186 |                                 result = SSLWrite(sslContext, NULL, 0, &processed);
	      |                                          ^
	In module 'Security' imported from <REPO>/apps/mobile/ios/Pods/CocoaAsyncSocket/Source/GCD/GCDAsyncSocket.h:12:
	/Applications/Xcode.app/Contents/Developer/Platforms/iPhoneSimulator.platform/Developer/SDKs/iPhoneSimulator.sdk/System/Library/Frameworks/Security.framework/Headers/SecureTransport.h:1670:1: note: 'SSLWrite' has been explicitly marked deprecated here
	 1670 | SSLWrite                                        (SSLContextRef          context,
	      | ^
	<REPO>/apps/mobile/ios/Pods/CocoaAsyncSocket/Source/GCD/GCDAsyncSocket.m:6237:15: warning: 'SSLWrite' is deprecated: first deprecated in iOS 13.0 - No longer supported. Use Network.framework. [-Wdeprecated-declarations]
	 6237 |                                         result = SSLWrite(sslContext, buffer, sslBytesToWrite, &sslBytesWritten);
	      |                                                  ^
	In module 'Security' imported from <REPO>/apps/mobile/ios/Pods/CocoaAsyncSocket/Source/GCD/GCDAsyncSocket.h:12:
	/Applications/Xcode.app/Contents/Developer/Platforms/iPhoneSimulator.platform/Developer/SDKs/iPhoneSimulator.sdk/System/Library/Frameworks/Security.framework/Headers/SecureTransport.h:1670:1: note: 'SSLWrite' has been explicitly marked deprecated here
	 1670 | SSLWrite                                        (SSLContextRef          context,
	      | ^
	<REPO>/apps/mobile/ios/Pods/CocoaAsyncSocket/Source/GCD/GCDAsyncSocket.m:6872:17: warning: 'SSLCreateContext' is deprecated: first deprecated in iOS 13.0 - No longer supported. Use Network.framework. [-Wdeprecated-declarations]
	 6872 |                         sslContext = SSLCreateContext(kCFAllocatorDefault, kSSLServerSide, kSSLStreamType);
	      |                                      ^
	In module 'Security' imported from <REPO>/apps/mobile/ios/Pods/CocoaAsyncSocket/Source/GCD/GCDAsyncSocket.h:12:
	/Applications/Xcode.app/Contents/Developer/Platforms/iPhoneSimulator.platform/Developer/SDKs/iPhoneSimulator.sdk/System/Library/Frameworks/Security.framework/Headers/SecureTransport.h:316:1: note: 'SSLCreateContext' has been explicitly marked deprecated here
	  316 | SSLCreateContext(CFAllocatorRef __nullable alloc, SSLProtocolSide protocolSide, SSLConnectionType connectionType)
	      | ^
	<REPO>/apps/mobile/ios/Pods/CocoaAsyncSocket/Source/GCD/GCDAsyncSocket.m:6872:55: warning: 'kSSLServerSide' is deprecated: first deprecated in iOS 13.0 [-Wdeprecated-declarations]
	 6872 |                         sslContext = SSLCreateContext(kCFAllocatorDefault, kSSLServerSide, kSSLStreamType);
	      |                                                                            ^
	In module 'Security' imported from <REPO>/apps/mobile/ios/Pods/CocoaAsyncSocket/Source/GCD/GCDAsyncSocket.h:12:
	/Applications/Xcode.app/Contents/Developer/Platforms/iPhoneSimulator.platform/Developer/SDKs/iPhoneSimulator.sdk/System/Library/Frameworks/Security.framework/Headers/SecureTransport.h:217:5: note: 'kSSLServerSide' has been explicitly marked deprecated here
	  217 |     kSSLServerSide CF_ENUM_DEPRECATED(10_2, 10_15, 2_0, 13_0),
	      |     ^
	<REPO>/apps/mobile/ios/Pods/CocoaAsyncSocket/Source/GCD/GCDAsyncSocket.m:6872:71: warning: 'kSSLStreamType' is deprecated: first deprecated in iOS 13.0 [-Wdeprecated-declarations]
	 6872 |                         sslContext = SSLCreateContext(kCFAllocatorDefault, kSSLServerSide, kSSLStreamType);
	      |                                                                                            ^
	In module 'Security' imported from <REPO>/apps/mobile/ios/Pods/CocoaAsyncSocket/Source/GCD/GCDAsyncSocket.h:12:
	/Applications/Xcode.app/Contents/Developer/Platforms/iPhoneSimulator.platform/Developer/SDKs/iPhoneSimulator.sdk/System/Library/Frameworks/Security.framework/Headers/SecureTransport.h:223:5: note: 'kSSLStreamType' has been explicitly marked deprecated here
	  223 |     kSSLStreamType CF_ENUM_DEPRECATED(10_2, 10_15, 2_0, 13_0),
	      |     ^
	<REPO>/apps/mobile/ios/Pods/CocoaAsyncSocket/Source/GCD/GCDAsyncSocket.m:6874:17: warning: 'SSLCreateContext' is deprecated: first deprecated in iOS 13.0 - No longer supported. Use Network.framework. [-Wdeprecated-declarations]
	 6874 |                         sslContext = SSLCreateContext(kCFAllocatorDefault, kSSLClientSide, kSSLStreamType);
	      |                                      ^
	In module 'Security' imported from <REPO>/apps/mobile/ios/Pods/CocoaAsyncSocket/Source/GCD/GCDAsyncSocket.h:12:
	/Applications/Xcode.app/Contents/Developer/Platforms/iPhoneSimulator.platform/Developer/SDKs/iPhoneSimulator.sdk/System/Library/Frameworks/Security.framework/Headers/SecureTransport.h:316:1: note: 'SSLCreateContext' has been explicitly marked deprecated here
	  316 | SSLCreateContext(CFAllocatorRef __nullable alloc, SSLProtocolSide protocolSide, SSLConnectionType connectionType)
	      | ^
	<REPO>/apps/mobile/ios/Pods/CocoaAsyncSocket/Source/GCD/GCDAsyncSocket.m:6874:55: warning: 'kSSLClientSide' is deprecated: first deprecated in iOS 13.0 [-Wdeprecated-declarations]
	 6874 |                         sslContext = SSLCreateContext(kCFAllocatorDefault, kSSLClientSide, kSSLStreamType);
	      |                                                                            ^
	In module 'Security' imported from <REPO>/apps/mobile/ios/Pods/CocoaAsyncSocket/Source/GCD/GCDAsyncSocket.h:12:
	/Applications/Xcode.app/Contents/Developer/Platforms/iPhoneSimulator.platform/Developer/SDKs/iPhoneSimulator.sdk/System/Library/Frameworks/Security.framework/Headers/SecureTransport.h:218:5: note: 'kSSLClientSide' has been explicitly marked deprecated here
	  218 |     kSSLClientSide CF_ENUM_DEPRECATED(10_2, 10_15, 2_0, 13_0)
	      |     ^
	<REPO>/apps/mobile/ios/Pods/CocoaAsyncSocket/Source/GCD/GCDAsyncSocket.m:6874:71: warning: 'kSSLStreamType' is deprecated: first deprecated in iOS 13.0 [-Wdeprecated-declarations]
	 6874 |                         sslContext = SSLCreateContext(kCFAllocatorDefault, kSSLClientSide, kSSLStreamType);
	      |                                                                                            ^
	In module 'Security' imported from <REPO>/apps/mobile/ios/Pods/CocoaAsyncSocket/Source/GCD/GCDAsyncSocket.h:12:
	/Applications/Xcode.app/Contents/Developer/Platforms/iPhoneSimulator.platform/Developer/SDKs/iPhoneSimulator.sdk/System/Library/Frameworks/Security.framework/Headers/SecureTransport.h:223:5: note: 'kSSLStreamType' has been explicitly marked deprecated here
	  223 |     kSSLStreamType CF_ENUM_DEPRECATED(10_2, 10_15, 2_0, 13_0),
	      |     ^
	<REPO>/apps/mobile/ios/Pods/CocoaAsyncSocket/Source/GCD/GCDAsyncSocket.m:6893:11: warning: 'SSLSetIOFuncs' is deprecated: first deprecated in iOS 13.0 - No longer supported. Use Network.framework. [-Wdeprecated-declarations]
	 6893 |         status = SSLSetIOFuncs(sslContext, &SSLReadFunction, &SSLWriteFunction);
	      |                  ^
	In module 'Security' imported from <REPO>/apps/mobile/ios/Pods/CocoaAsyncSocket/Source/GCD/GCDAsyncSocket.h:12:
	/Applications/Xcode.app/Contents/Developer/Platforms/iPhoneSimulator.platform/Developer/SDKs/iPhoneSimulator.sdk/System/Library/Frameworks/Security.framework/Headers/SecureTransport.h:418:1: note: 'SSLSetIOFuncs' has been explicitly marked deprecated here
	  418 | SSLSetIOFuncs                           (SSLContextRef          context,
	      | ^
	<REPO>/apps/mobile/ios/Pods/CocoaAsyncSocket/Source/GCD/GCDAsyncSocket.m:6900:11: warning: 'SSLSetConnection' is deprecated: first deprecated in iOS 13.0 - No longer supported. Use Network.framework. [-Wdeprecated-declarations]
	 6900 |         status = SSLSetConnection(sslContext, (__bridge SSLConnectionRef)self);
	      |                  ^
	In module 'Security' imported from <REPO>/apps/mobile/ios/Pods/CocoaAsyncSocket/Source/GCD/GCDAsyncSocket.h:12:
	/Applications/Xcode.app/Contents/Developer/Platforms/iPhoneSimulator.platform/Developer/SDKs/iPhoneSimulator.sdk/System/Library/Frameworks/Security.framework/Headers/SecureTransport.h:657:1: note: 'SSLSetConnection' has been explicitly marked deprecated here
	  657 | SSLSetConnection                        (SSLContextRef                  context,
	      | ^
	<REPO>/apps/mobile/ios/Pods/CocoaAsyncSocket/Source/GCD/GCDAsyncSocket.m:6917:12: warning: 'SSLSetSessionOption' is deprecated: first deprecated in iOS 13.0 - No longer supported. Use Network.framework. [-Wdeprecated-declarations]
	 6917 |                 status = SSLSetSessionOption(sslContext, kSSLSessionOptionBreakOnServerAuth, true);
	      |                          ^
	In module 'Security' imported from <REPO>/apps/mobile/ios/Pods/CocoaAsyncSocket/Source/GCD/GCDAsyncSocket.h:12:
	/Applications/Xcode.app/Contents/Developer/Platforms/iPhoneSimulator.platform/Developer/SDKs/iPhoneSimulator.sdk/System/Library/Frameworks/Security.framework/Headers/SecureTransport.h:384:1: note: 'SSLSetSessionOption' has been explicitly marked deprecated here
	  384 | SSLSetSessionOption                     (SSLContextRef          context,
	      | ^
	<REPO>/apps/mobile/ios/Pods/CocoaAsyncSocket/Source/GCD/GCDAsyncSocket.m:6917:44: warning: 'kSSLSessionOptionBreakOnServerAuth' is deprecated: first deprecated in iOS 13.0 [-Wdeprecated-declarations]
	 6917 |                 status = SSLSetSessionOption(sslContext, kSSLSessionOptionBreakOnServerAuth, true);
	      |                                                          ^
	In module 'Security' imported from <REPO>/apps/mobile/ios/Pods/CocoaAsyncSocket/Source/GCD/GCDAsyncSocket.h:12:
	/Applications/Xcode.app/Contents/Developer/Platforms/iPhoneSimulator.platform/Developer/SDKs/iPhoneSimulator.sdk/System/Library/Frameworks/Security.framework/Headers/SecureTransport.h:99:2: note: 'kSSLSessionOptionBreakOnServerAuth' has been explicitly marked deprecated here
	   99 |         kSSLSessionOptionBreakOnServerAuth CF_ENUM_DEPRECATED(10_2, 10_15, 2_0, 13_0) = 0,
	      |         ^
	<REPO>/apps/mobile/ios/Pods/CocoaAsyncSocket/Source/GCD/GCDAsyncSocket.m:6976:12: warning: 'SSLSetPeerDomainName' is deprecated: first deprecated in iOS 13.0 - No longer supported. Use Network.framework. [-Wdeprecated-declarations]
	 6976 |                 status = SSLSetPeerDomainName(sslContext, peer, peerLen);
	      |                          ^
	In module 'Security' imported from <REPO>/apps/mobile/ios/Pods/CocoaAsyncSocket/Source/GCD/GCDAsyncSocket.h:12:
	/Applications/Xcode.app/Contents/Developer/Platforms/iPhoneSimulator.platform/Developer/SDKs/iPhoneSimulator.sdk/System/Library/Frameworks/Security.framework/Headers/SecureTransport.h:686:1: note: 'SSLSetPeerDomainName' has been explicitly marked deprecated here
	  686 | SSLSetPeerDomainName            (SSLContextRef          context,
	      | ^
	<REPO>/apps/mobile/ios/Pods/CocoaAsyncSocket/Source/GCD/GCDAsyncSocket.m:6998:12: warning: 'SSLSetCertificate' is deprecated: first deprecated in iOS 13.0 - No longer supported. Use Network.framework. [-Wdeprecated-declarations]
	 6998 |                 status = SSLSetCertificate(sslContext, (__bridge CFArrayRef)certs);
	      |                          ^
	In module 'Security' imported from <REPO>/apps/mobile/ios/Pods/CocoaAsyncSocket/Source/GCD/GCDAsyncSocket.h:12:
	/Applications/Xcode.app/Contents/Developer/Platforms/iPhoneSimulator.platform/Developer/SDKs/iPhoneSimulator.sdk/System/Library/Frameworks/Security.framework/Headers/SecureTransport.h:637:1: note: 'SSLSetCertificate' has been explicitly marked deprecated here
	  637 | SSLSetCertificate                       (SSLContextRef          context,
	      | ^
	<REPO>/apps/mobile/ios/Pods/CocoaAsyncSocket/Source/GCD/GCDAsyncSocket.m:7020:12: warning: 'SSLSetPeerID' is deprecated: first deprecated in iOS 13.0 - No longer supported. Use Network.framework. [-Wdeprecated-declarations]
	 7020 |                 status = SSLSetPeerID(sslContext, [peerIdData bytes], [peerIdData length]);
	      |                          ^
	In module 'Security' imported from <REPO>/apps/mobile/ios/Pods/CocoaAsyncSocket/Source/GCD/GCDAsyncSocket.h:12:
	/Applications/Xcode.app/Contents/Developer/Platforms/iPhoneSimulator.platform/Developer/SDKs/iPhoneSimulator.sdk/System/Library/Frameworks/Security.framework/Headers/SecureTransport.h:1285:1: note: 'SSLSetPeerID' has been explicitly marked deprecated here
	 1285 | SSLSetPeerID                            (SSLContextRef          context,
	      | ^
	<REPO>/apps/mobile/ios/Pods/CocoaAsyncSocket/Source/GCD/GCDAsyncSocket.m:7043:22: warning: 'kSSLProtocolUnknown' is deprecated: first deprecated in iOS 13.0 [-Wdeprecated-declarations]
	 7043 |                 if (minProtocol != kSSLProtocolUnknown)
	      |                                    ^
	In module 'Security' imported from <REPO>/apps/mobile/ios/Pods/CocoaAsyncSocket/Source/GCD/GCDAsyncSocket.h:12:
	/Applications/Xcode.app/Contents/Developer/Platforms/iPhoneSimulator.platform/Developer/SDKs/iPhoneSimulator26.2.sdk/System/Library/Frameworks/Security.framework/Headers/SecProtocolTypes.h:156:5: note: 'kSSLProtocolUnknown' has been explicitly marked deprecated here
	  156 |     kSSLProtocolUnknown CF_ENUM_DEPRECATED(10_2, 10_15, 5_0, 13_0) = 0,
	      |     ^
	<REPO>/apps/mobile/ios/Pods/CocoaAsyncSocket/Source/GCD/GCDAsyncSocket.m:7045:13: warning: 'SSLSetProtocolVersionMin' is deprecated: first deprecated in iOS 13.0 - No longer supported. Use Network.framework. [-Wdeprecated-declarations]
	 7045 |                         status = SSLSetProtocolVersionMin(sslContext, minProtocol);
	      |                                  ^
	In module 'Security' imported from <REPO>/apps/mobile/ios/Pods/CocoaAsyncSocket/Source/GCD/GCDAsyncSocket.h:12:
	/Applications/Xcode.app/Contents/Developer/Platforms/iPhoneSimulator.platform/Developer/SDKs/iPhoneSimulator.sdk/System/Library/Frameworks/Security.framework/Headers/SecureTransport.h:458:1: note: 'SSLSetProtocolVersionMin' has been explicitly marked deprecated here
	  458 | SSLSetProtocolVersionMin  (SSLContextRef      context,
	      | ^
	<REPO>/apps/mobile/ios/Pods/CocoaAsyncSocket/Source/GCD/GCDAsyncSocket.m:7067:22: warning: 'kSSLProtocolUnknown' is deprecated: first deprecated in iOS 13.0 [-Wdeprecated-declarations]
	 7067 |                 if (maxProtocol != kSSLProtocolUnknown)
	      |                                    ^
	In module 'Security' imported from <REPO>/apps/mobile/ios/Pods/CocoaAsyncSocket/Source/GCD/GCDAsyncSocket.h:12:
	/Applications/Xcode.app/Contents/Developer/Platforms/iPhoneSimulator.platform/Developer/SDKs/iPhoneSimulator26.2.sdk/System/Library/Frameworks/Security.framework/Headers/SecProtocolTypes.h:156:5: note: 'kSSLProtocolUnknown' has been explicitly marked deprecated here
	  156 |     kSSLProtocolUnknown CF_ENUM_DEPRECATED(10_2, 10_15, 5_0, 13_0) = 0,
	      |     ^
	<REPO>/apps/mobile/ios/Pods/CocoaAsyncSocket/Source/GCD/GCDAsyncSocket.m:7069:13: warning: 'SSLSetProtocolVersionMax' is deprecated: first deprecated in iOS 13.0 - No longer supported. Use Network.framework. [-Wdeprecated-declarations]
	 7069 |                         status = SSLSetProtocolVersionMax(sslContext, maxProtocol);
	      |                                  ^
	In module 'Security' imported from <REPO>/apps/mobile/ios/Pods/CocoaAsyncSocket/Source/GCD/GCDAsyncSocket.h:12:
	/Applications/Xcode.app/Contents/Developer/Platforms/iPhoneSimulator.platform/Developer/SDKs/iPhoneSimulator.sdk/System/Library/Frameworks/Security.framework/Headers/SecureTransport.h:494:1: note: 'SSLSetProtocolVersionMax' has been explicitly marked deprecated here
	  494 | SSLSetProtocolVersionMax  (SSLContextRef      context,
	      | ^
	<REPO>/apps/mobile/ios/Pods/CocoaAsyncSocket/Source/GCD/GCDAsyncSocket.m:7091:12: warning: 'SSLSetSessionOption' is deprecated: first deprecated in iOS 13.0 - No longer supported. Use Network.framework. [-Wdeprecated-declarations]
	 7091 |                 status = SSLSetSessionOption(sslContext, kSSLSessionOptionFalseStart, [falseStart boolValue]);
	      |                          ^
	In module 'Security' imported from <REPO>/apps/mobile/ios/Pods/CocoaAsyncSocket/Source/GCD/GCDAsyncSocket.h:12:
	/Applications/Xcode.app/Contents/Developer/Platforms/iPhoneSimulator.platform/Developer/SDKs/iPhoneSimulator.sdk/System/Library/Frameworks/Security.framework/Headers/SecureTransport.h:384:1: note: 'SSLSetSessionOption' has been explicitly marked deprecated here
	  384 | SSLSetSessionOption                     (SSLContextRef          context,
	      | ^
	<REPO>/apps/mobile/ios/Pods/CocoaAsyncSocket/Source/GCD/GCDAsyncSocket.m:7091:44: warning: 'kSSLSessionOptionFalseStart' is deprecated: first deprecated in iOS 13.0 [-Wdeprecated-declarations]
	 7091 |                 status = SSLSetSessionOption(sslContext, kSSLSessionOptionFalseStart, [falseStart boolValue]);
	      |                                                          ^
	In module 'Security' imported from <REPO>/apps/mobile/ios/Pods/CocoaAsyncSocket/Source/GCD/GCDAsyncSocket.h:12:
	/Applications/Xcode.app/Contents/Developer/Platforms/iPhoneSimulator.platform/Developer/SDKs/iPhoneSimulator.sdk/System/Library/Frameworks/Security.framework/Headers/SecureTransport.h:117:5: note: 'kSSLSessionOptionFalseStart' has been explicitly marked deprecated here
	  117 |     kSSLSessionOptionFalseStart CF_ENUM_DEPRECATED(10_2, 10_15, 2_0, 13_0) = 3,
	      |     ^
	<REPO>/apps/mobile/ios/Pods/CocoaAsyncSocket/Source/GCD/GCDAsyncSocket.m:7112:12: warning: 'SSLSetSessionOption' is deprecated: first deprecated in iOS 13.0 - No longer supported. Use Network.framework. [-Wdeprecated-declarations]
	 7112 |                 status = SSLSetSessionOption(sslContext, kSSLSessionOptionSendOneByteRecord, [oneByteRecord boolValue]);
	      |                          ^
	In module 'Security' imported from <REPO>/apps/mobile/ios/Pods/CocoaAsyncSocket/Source/GCD/GCDAsyncSocket.h:12:
	/Applications/Xcode.app/Contents/Developer/Platforms/iPhoneSimulator.platform/Developer/SDKs/iPhoneSimulator.sdk/System/Library/Frameworks/Security.framework/Headers/SecureTransport.h:384:1: note: 'SSLSetSessionOption' has been explicitly marked deprecated here
	  384 | SSLSetSessionOption                     (SSLContextRef          context,
	      | ^
	<REPO>/apps/mobile/ios/Pods/CocoaAsyncSocket/Source/GCD/GCDAsyncSocket.m:7112:44: warning: 'kSSLSessionOptionSendOneByteRecord' is deprecated: first deprecated in iOS 13.0 [-Wdeprecated-declarations]
	 7112 |                 status = SSLSetSessionOption(sslContext, kSSLSessionOptionSendOneByteRecord, [oneByteRecord boolValue]);
	      |                                                          ^
	In module 'Security' imported from <REPO>/apps/mobile/ios/Pods/CocoaAsyncSocket/Source/GCD/GCDAsyncSocket.h:12:
	/Applications/Xcode.app/Contents/Developer/Platforms/iPhoneSimulator.platform/Developer/SDKs/iPhoneSimulator.sdk/System/Library/Frameworks/Security.framework/Headers/SecureTransport.h:123:5: note: 'kSSLSessionOptionSendOneByteRecord' has been explicitly marked deprecated here
	  123 |     kSSLSessionOptionSendOneByteRecord CF_ENUM_DEPRECATED(10_2, 10_15, 2_0, 13_0) = 4,
	      |     ^
	<REPO>/apps/mobile/ios/Pods/CocoaAsyncSocket/Source/GCD/GCDAsyncSocket.m:7145:12: warning: 'SSLSetEnabledCiphers' is deprecated: first deprecated in iOS 13.0 - No longer supported. Use Network.framework. [-Wdeprecated-declarations]
	 7145 |                 status = SSLSetEnabledCiphers(sslContext, ciphers, numberCiphers);
	      |                          ^
	In module 'Security' imported from <REPO>/apps/mobile/ios/Pods/CocoaAsyncSocket/Source/GCD/GCDAsyncSocket.h:12:
	/Applications/Xcode.app/Contents/Developer/Platforms/iPhoneSimulator.platform/Developer/SDKs/iPhoneSimulator.sdk/System/Library/Frameworks/Security.framework/Headers/SecureTransport.h:865:1: note: 'SSLSetEnabledCiphers' has been explicitly marked deprecated here
	  865 | SSLSetEnabledCiphers            (SSLContextRef                  context,
	      | ^
	<REPO>/apps/mobile/ios/Pods/CocoaAsyncSocket/Source/GCD/GCDAsyncSocket.m:7191:22: warning: 'SSLSetALPNProtocols' is deprecated: first deprecated in iOS 13.0 - No longer supported. Use Network.framework. [-Wdeprecated-declarations]
	 7191 |             status = SSLSetALPNProtocols(sslContext, protocols);
	      |                      ^
	In module 'Security' imported from <REPO>/apps/mobile/ios/Pods/CocoaAsyncSocket/Source/GCD/GCDAsyncSocket.h:12:
	/Applications/Xcode.app/Contents/Developer/Platforms/iPhoneSimulator.platform/Developer/SDKs/iPhoneSimulator.sdk/System/Library/Frameworks/Security.framework/Headers/SecureTransport.h:1332:1: note: 'SSLSetALPNProtocols' has been explicitly marked deprecated here
	 1332 | SSLSetALPNProtocols         (SSLContextRef      context,
	      | ^
	<REPO>/apps/mobile/ios/Pods/CocoaAsyncSocket/Source/GCD/GCDAsyncSocket.m:7326:20: warning: 'SSLHandshake' is deprecated: first deprecated in iOS 13.0 - No longer supported. Use Network.framework. [-Wdeprecated-declarations]
	 7326 |         OSStatus status = SSLHandshake(sslContext);
	      |                           ^
	In module 'Security' imported from <REPO>/apps/mobile/ios/Pods/CocoaAsyncSocket/Source/GCD/GCDAsyncSocket.h:12:
	/Applications/Xcode.app/Contents/Developer/Platforms/iPhoneSimulator.platform/Developer/SDKs/iPhoneSimulator.sdk/System/Library/Frameworks/Security.framework/Headers/SecureTransport.h:1641:1: note: 'SSLHandshake' has been explicitly marked deprecated here
	 1641 | SSLHandshake                            (SSLContextRef          context)
	      | ^
	<REPO>/apps/mobile/ios/Pods/CocoaAsyncSocket/Source/GCD/GCDAsyncSocket.m:7359:12: warning: 'SSLCopyPeerTrust' is deprecated: first deprecated in iOS 13.0 - No longer supported. Use Network.framework. [-Wdeprecated-declarations]
	 7359 |                 status = SSLCopyPeerTrust(sslContext, &trust);
	      |                          ^
	In module 'Security' imported from <REPO>/apps/mobile/ios/Pods/CocoaAsyncSocket/Source/GCD/GCDAsyncSocket.h:12:
	/Applications/Xcode.app/Contents/Developer/Platforms/iPhoneSimulator.platform/Developer/SDKs/iPhoneSimulator.sdk/System/Library/Frameworks/Security.framework/Headers/SecureTransport.h:1261:1: note: 'SSLCopyPeerTrust' has been explicitly marked deprecated here
	 1261 | SSLCopyPeerTrust                        (SSLContextRef          context,
	      | ^
	32 warnings generated.
	<REPO>/apps/mobile/ios/Pods/CocoaAsyncSocket/Source/GCD/GCDAsyncSocket.m:3251:3: warning: 'SSLClose' is deprecated: first deprecated in iOS 13.0 - No longer supported. Use Network.framework. [-Wdeprecated-declarations]
	 3251 |                 SSLClose(sslContext);
	      |                 ^
	In module 'Security' imported from <REPO>/apps/mobile/ios/Pods/CocoaAsyncSocket/Source/GCD/GCDAsyncSocket.h:12:
	/Applications/Xcode.app/Contents/Developer/Platforms/iPhoneSimulator.platform/Developer/SDKs/iPhoneSimulator.sdk/System/Library/Frameworks/Security.framework/Headers/SecureTransport.h:1731:1: note: 'SSLClose' has been explicitly marked deprecated here
	 1731 | SSLClose                                        (SSLContextRef          context)
	      | ^
	<REPO>/apps/mobile/ios/Pods/CocoaAsyncSocket/Source/GCD/GCDAsyncSocket.m:4786:9: warning: 'SSLGetBufferedReadSize' is deprecated: first deprecated in iOS 13.0 - No longer supported. Use Network.framework. [-Wdeprecated-declarations]
	 4786 |         SSLGetBufferedReadSize(self->sslContext, &sslInternalBufSize);
	      |         ^
	In module 'Security' imported from <REPO>/apps/mobile/ios/Pods/CocoaAsyncSocket/Source/GCD/GCDAsyncSocket.h:12:
	/Applications/Xcode.app/Contents/Developer/Platforms/iPhoneSimulator.platform/Developer/SDKs/iPhoneSimulator.sdk/System/Library/Frameworks/Security.framework/Headers/SecureTransport.h:1705:1: note: 'SSLGetBufferedReadSize' has been explicitly marked deprecated here
	 1705 | SSLGetBufferedReadSize          (SSLContextRef context,
	      | ^
	<REPO>/apps/mobile/ios/Pods/CocoaAsyncSocket/Source/GCD/GCDAsyncSocket.m:4811:22: warning: 'SSLRead' is deprecated: first deprecated in iOS 13.0 - No longer supported. Use Network.framework. [-Wdeprecated-declarations]
	 4811 |                         OSStatus result = SSLRead(sslContext, buffer, (size_t)estimatedBytesAvailable, &bytesRead);
	      |                                           ^
	In module 'Security' imported from <REPO>/apps/mobile/ios/Pods/CocoaAsyncSocket/Source/GCD/GCDAsyncSocket.h:12:
	/Applications/Xcode.app/Contents/Developer/Platforms/iPhoneSimulator.platform/Developer/SDKs/iPhoneSimulator.sdk/System/Library/Frameworks/Security.framework/Headers/SecureTransport.h:1689:1: note: 'SSLRead' has been explicitly marked deprecated here
	 1689 | SSLRead                                         (SSLContextRef          context,
	      | ^
	<REPO>/apps/mobile/ios/Pods/CocoaAsyncSocket/Source/GCD/GCDAsyncSocket.m:4939:4: warning: 'SSLGetBufferedReadSize' is deprecated: first deprecated in iOS 13.0 - No longer supported. Use Network.framework. [-Wdeprecated-declarations]
	 4939 |                         SSLGetBufferedReadSize(sslContext, &sslInternalBufSize);
	      |                         ^
	In module 'Security' imported from <REPO>/apps/mobile/ios/Pods/CocoaAsyncSocket/Source/GCD/GCDAsyncSocket.h:12:
	/Applications/Xcode.app/Contents/Developer/Platforms/iPhoneSimulator.platform/Developer/SDKs/iPhoneSimulator.sdk/System/Library/Frameworks/Security.framework/Headers/SecureTransport.h:1705:1: note: 'SSLGetBufferedReadSize' has been explicitly marked deprecated here
	 1705 | SSLGetBufferedReadSize          (SSLContextRef context,
	      | ^
	<REPO>/apps/mobile/ios/Pods/CocoaAsyncSocket/Source/GCD/GCDAsyncSocket.m:5222:15: warning: 'SSLRead' is deprecated: first deprecated in iOS 13.0 - No longer supported. Use Network.framework. [-Wdeprecated-declarations]
	 5222 |                                         result = SSLRead(sslContext, loop_buffer, loop_bytesToRead, &loop_bytesRead);
	      |                                                  ^
	In module 'Security' imported from <REPO>/apps/mobile/ios/Pods/CocoaAsyncSocket/Source/GCD/GCDAsyncSocket.h:12:
	/Applications/Xcode.app/Contents/Developer/Platforms/iPhoneSimulator.platform/Developer/SDKs/iPhoneSimulator.sdk/System/Library/Frameworks/Security.framework/Headers/SecureTransport.h:1689:1: note: 'SSLRead' has been explicitly marked deprecated here
	 1689 | SSLRead                                         (SSLContextRef          context,
	      | ^
	<REPO>/apps/mobile/ios/Pods/CocoaAsyncSocket/Source/GCD/GCDAsyncSocket.m:6186:14: warning: 'SSLWrite' is deprecated: first deprecated in iOS 13.0 - No longer supported. Use Network.framework. [-Wdeprecated-declarations]
	 6186 |                                 result = SSLWrite(sslContext, NULL, 0, &processed);
	      |                                          ^
	In module 'Security' imported from <REPO>/apps/mobile/ios/Pods/CocoaAsyncSocket/Source/GCD/GCDAsyncSocket.h:12:
	/Applications/Xcode.app/Contents/Developer/Platforms/iPhoneSimulator.platform/Developer/SDKs/iPhoneSimulator.sdk/System/Library/Frameworks/Security.framework/Headers/SecureTransport.h:1670:1: note: 'SSLWrite' has been explicitly marked deprecated here
	 1670 | SSLWrite                                        (SSLContextRef          context,
	      | ^
	<REPO>/apps/mobile/ios/Pods/CocoaAsyncSocket/Source/GCD/GCDAsyncSocket.m:6237:15: warning: 'SSLWrite' is deprecated: first deprecated in iOS 13.0 - No longer supported. Use Network.framework. [-Wdeprecated-declarations]
	 6237 |                                         result = SSLWrite(sslContext, buffer, sslBytesToWrite, &sslBytesWritten);
	      |                                                  ^
	In module 'Security' imported from <REPO>/apps/mobile/ios/Pods/CocoaAsyncSocket/Source/GCD/GCDAsyncSocket.h:12:
	/Applications/Xcode.app/Contents/Developer/Platforms/iPhoneSimulator.platform/Developer/SDKs/iPhoneSimulator.sdk/System/Library/Frameworks/Security.framework/Headers/SecureTransport.h:1670:1: note: 'SSLWrite' has been explicitly marked deprecated here
	 1670 | SSLWrite                                        (SSLContextRef          context,
	      | ^
	<REPO>/apps/mobile/ios/Pods/CocoaAsyncSocket/Source/GCD/GCDAsyncSocket.m:6872:17: warning: 'SSLCreateContext' is deprecated: first deprecated in iOS 13.0 - No longer supported. Use Network.framework. [-Wdeprecated-declarations]
	 6872 |                         sslContext = SSLCreateContext(kCFAllocatorDefault, kSSLServerSide, kSSLStreamType);
	      |                                      ^
	In module 'Security' imported from <REPO>/apps/mobile/ios/Pods/CocoaAsyncSocket/Source/GCD/GCDAsyncSocket.h:12:
	/Applications/Xcode.app/Contents/Developer/Platforms/iPhoneSimulator.platform/Developer/SDKs/iPhoneSimulator.sdk/System/Library/Frameworks/Security.framework/Headers/SecureTransport.h:316:1: note: 'SSLCreateContext' has been explicitly marked deprecated here
	  316 | SSLCreateContext(CFAllocatorRef __nullable alloc, SSLProtocolSide protocolSide, SSLConnectionType connectionType)
	      | ^
	<REPO>/apps/mobile/ios/Pods/CocoaAsyncSocket/Source/GCD/GCDAsyncSocket.m:6872:55: warning: 'kSSLServerSide' is deprecated: first deprecated in iOS 13.0 [-Wdeprecated-declarations]
	 6872 |                         sslContext = SSLCreateContext(kCFAllocatorDefault, kSSLServerSide, kSSLStreamType);
	      |                                                                            ^
	In module 'Security' imported from <REPO>/apps/mobile/ios/Pods/CocoaAsyncSocket/Source/GCD/GCDAsyncSocket.h:12:
	/Applications/Xcode.app/Contents/Developer/Platforms/iPhoneSimulator.platform/Developer/SDKs/iPhoneSimulator.sdk/System/Library/Frameworks/Security.framework/Headers/SecureTransport.h:217:5: note: 'kSSLServerSide' has been explicitly marked deprecated here
	  217 |     kSSLServerSide CF_ENUM_DEPRECATED(10_2, 10_15, 2_0, 13_0),
	      |     ^
	<REPO>/apps/mobile/ios/Pods/CocoaAsyncSocket/Source/GCD/GCDAsyncSocket.m:6872:71: warning: 'kSSLStreamType' is deprecated: first deprecated in iOS 13.0 [-Wdeprecated-declarations]
	 6872 |                         sslContext = SSLCreateContext(kCFAllocatorDefault, kSSLServerSide, kSSLStreamType);
	      |                                                                                            ^
	In module 'Security' imported from <REPO>/apps/mobile/ios/Pods/CocoaAsyncSocket/Source/GCD/GCDAsyncSocket.h:12:
	/Applications/Xcode.app/Contents/Developer/Platforms/iPhoneSimulator.platform/Developer/SDKs/iPhoneSimulator.sdk/System/Library/Frameworks/Security.framework/Headers/SecureTransport.h:223:5: note: 'kSSLStreamType' has been explicitly marked deprecated here
	  223 |     kSSLStreamType CF_ENUM_DEPRECATED(10_2, 10_15, 2_0, 13_0),
	      |     ^
	<REPO>/apps/mobile/ios/Pods/CocoaAsyncSocket/Source/GCD/GCDAsyncSocket.m:6874:17: warning: 'SSLCreateContext' is deprecated: first deprecated in iOS 13.0 - No longer supported. Use Network.framework. [-Wdeprecated-declarations]
	 6874 |                         sslContext = SSLCreateContext(kCFAllocatorDefault, kSSLClientSide, kSSLStreamType);
	      |                                      ^
	In module 'Security' imported from <REPO>/apps/mobile/ios/Pods/CocoaAsyncSocket/Source/GCD/GCDAsyncSocket.h:12:
	/Applications/Xcode.app/Contents/Developer/Platforms/iPhoneSimulator.platform/Developer/SDKs/iPhoneSimulator.sdk/System/Library/Frameworks/Security.framework/Headers/SecureTransport.h:316:1: note: 'SSLCreateContext' has been explicitly marked deprecated here
	  316 | SSLCreateContext(CFAllocatorRef __nullable alloc, SSLProtocolSide protocolSide, SSLConnectionType connectionType)
	      | ^
	<REPO>/apps/mobile/ios/Pods/CocoaAsyncSocket/Source/GCD/GCDAsyncSocket.m:6874:55: warning: 'kSSLClientSide' is deprecated: first deprecated in iOS 13.0 [-Wdeprecated-declarations]
	 6874 |                         sslContext = SSLCreateContext(kCFAllocatorDefault, kSSLClientSide, kSSLStreamType);
	      |                                                                            ^
	In module 'Security' imported from <REPO>/apps/mobile/ios/Pods/CocoaAsyncSocket/Source/GCD/GCDAsyncSocket.h:12:
	/Applications/Xcode.app/Contents/Developer/Platforms/iPhoneSimulator.platform/Developer/SDKs/iPhoneSimulator.sdk/System/Library/Frameworks/Security.framework/Headers/SecureTransport.h:218:5: note: 'kSSLClientSide' has been explicitly marked deprecated here
	  218 |     kSSLClientSide CF_ENUM_DEPRECATED(10_2, 10_15, 2_0, 13_0)
	      |     ^
	<REPO>/apps/mobile/ios/Pods/CocoaAsyncSocket/Source/GCD/GCDAsyncSocket.m:6874:71: warning: 'kSSLStreamType' is deprecated: first deprecated in iOS 13.0 [-Wdeprecated-declarations]
	 6874 |                         sslContext = SSLCreateContext(kCFAllocatorDefault, kSSLClientSide, kSSLStreamType);
	      |                                                                                            ^
	In module 'Security' imported from <REPO>/apps/mobile/ios/Pods/CocoaAsyncSocket/Source/GCD/GCDAsyncSocket.h:12:
	/Applications/Xcode.app/Contents/Developer/Platforms/iPhoneSimulator.platform/Developer/SDKs/iPhoneSimulator.sdk/System/Library/Frameworks/Security.framework/Headers/SecureTransport.h:223:5: note: 'kSSLStreamType' has been explicitly marked deprecated here
	  223 |     kSSLStreamType CF_ENUM_DEPRECATED(10_2, 10_15, 2_0, 13_0),
	      |     ^
	<REPO>/apps/mobile/ios/Pods/CocoaAsyncSocket/Source/GCD/GCDAsyncSocket.m:6893:11: warning: 'SSLSetIOFuncs' is deprecated: first deprecated in iOS 13.0 - No longer supported. Use Network.framework. [-Wdeprecated-declarations]
	 6893 |         status = SSLSetIOFuncs(sslContext, &SSLReadFunction, &SSLWriteFunction);
	      |                  ^
	In module 'Security' imported from <REPO>/apps/mobile/ios/Pods/CocoaAsyncSocket/Source/GCD/GCDAsyncSocket.h:12:
	/Applications/Xcode.app/Contents/Developer/Platforms/iPhoneSimulator.platform/Developer/SDKs/iPhoneSimulator.sdk/System/Library/Frameworks/Security.framework/Headers/SecureTransport.h:418:1: note: 'SSLSetIOFuncs' has been explicitly marked deprecated here
	  418 | SSLSetIOFuncs                           (SSLContextRef          context,
	      | ^
	<REPO>/apps/mobile/ios/Pods/CocoaAsyncSocket/Source/GCD/GCDAsyncSocket.m:6900:11: warning: 'SSLSetConnection' is deprecated: first deprecated in iOS 13.0 - No longer supported. Use Network.framework. [-Wdeprecated-declarations]
	 6900 |         status = SSLSetConnection(sslContext, (__bridge SSLConnectionRef)self);
	      |                  ^
	In module 'Security' imported from <REPO>/apps/mobile/ios/Pods/CocoaAsyncSocket/Source/GCD/GCDAsyncSocket.h:12:
	/Applications/Xcode.app/Contents/Developer/Platforms/iPhoneSimulator.platform/Developer/SDKs/iPhoneSimulator.sdk/System/Library/Frameworks/Security.framework/Headers/SecureTransport.h:657:1: note: 'SSLSetConnection' has been explicitly marked deprecated here
	  657 | SSLSetConnection                        (SSLContextRef                  context,
	      | ^
	<REPO>/apps/mobile/ios/Pods/CocoaAsyncSocket/Source/GCD/GCDAsyncSocket.m:6917:12: warning: 'SSLSetSessionOption' is deprecated: first deprecated in iOS 13.0 - No longer supported. Use Network.framework. [-Wdeprecated-declarations]
	 6917 |                 status = SSLSetSessionOption(sslContext, kSSLSessionOptionBreakOnServerAuth, true);
	      |                          ^
	In module 'Security' imported from <REPO>/apps/mobile/ios/Pods/CocoaAsyncSocket/Source/GCD/GCDAsyncSocket.h:12:
	/Applications/Xcode.app/Contents/Developer/Platforms/iPhoneSimulator.platform/Developer/SDKs/iPhoneSimulator.sdk/System/Library/Frameworks/Security.framework/Headers/SecureTransport.h:384:1: note: 'SSLSetSessionOption' has been explicitly marked deprecated here
	  384 | SSLSetSessionOption                     (SSLContextRef          context,
	      | ^
	<REPO>/apps/mobile/ios/Pods/CocoaAsyncSocket/Source/GCD/GCDAsyncSocket.m:6917:44: warning: 'kSSLSessionOptionBreakOnServerAuth' is deprecated: first deprecated in iOS 13.0 [-Wdeprecated-declarations]
	 6917 |                 status = SSLSetSessionOption(sslContext, kSSLSessionOptionBreakOnServerAuth, true);
	      |                                                          ^
	In module 'Security' imported from <REPO>/apps/mobile/ios/Pods/CocoaAsyncSocket/Source/GCD/GCDAsyncSocket.h:12:
	/Applications/Xcode.app/Contents/Developer/Platforms/iPhoneSimulator.platform/Developer/SDKs/iPhoneSimulator.sdk/System/Library/Frameworks/Security.framework/Headers/SecureTransport.h:99:2: note: 'kSSLSessionOptionBreakOnServerAuth' has been explicitly marked deprecated here
	   99 |         kSSLSessionOptionBreakOnServerAuth CF_ENUM_DEPRECATED(10_2, 10_15, 2_0, 13_0) = 0,
	      |         ^
	<REPO>/apps/mobile/ios/Pods/CocoaAsyncSocket/Source/GCD/GCDAsyncSocket.m:6976:12: warning: 'SSLSetPeerDomainName' is deprecated: first deprecated in iOS 13.0 - No longer supported. Use Network.framework. [-Wdeprecated-declarations]
	 6976 |                 status = SSLSetPeerDomainName(sslContext, peer, peerLen);
	      |                          ^
	In module 'Security' imported from <REPO>/apps/mobile/ios/Pods/CocoaAsyncSocket/Source/GCD/GCDAsyncSocket.h:12:
	/Applications/Xcode.app/Contents/Developer/Platforms/iPhoneSimulator.platform/Developer/SDKs/iPhoneSimulator.sdk/System/Library/Frameworks/Security.framework/Headers/SecureTransport.h:686:1: note: 'SSLSetPeerDomainName' has been explicitly marked deprecated here
	  686 | SSLSetPeerDomainName            (SSLContextRef          context,
	      | ^
	<REPO>/apps/mobile/ios/Pods/CocoaAsyncSocket/Source/GCD/GCDAsyncSocket.m:6998:12: warning: 'SSLSetCertificate' is deprecated: first deprecated in iOS 13.0 - No longer supported. Use Network.framework. [-Wdeprecated-declarations]
	 6998 |                 status = SSLSetCertificate(sslContext, (__bridge CFArrayRef)certs);
	      |                          ^
	In module 'Security' imported from <REPO>/apps/mobile/ios/Pods/CocoaAsyncSocket/Source/GCD/GCDAsyncSocket.h:12:
	/Applications/Xcode.app/Contents/Developer/Platforms/iPhoneSimulator.platform/Developer/SDKs/iPhoneSimulator.sdk/System/Library/Frameworks/Security.framework/Headers/SecureTransport.h:637:1: note: 'SSLSetCertificate' has been explicitly marked deprecated here
	  637 | SSLSetCertificate                       (SSLContextRef          context,
	      | ^
	<REPO>/apps/mobile/ios/Pods/CocoaAsyncSocket/Source/GCD/GCDAsyncSocket.m:7020:12: warning: 'SSLSetPeerID' is deprecated: first deprecated in iOS 13.0 - No longer supported. Use Network.framework. [-Wdeprecated-declarations]
	 7020 |                 status = SSLSetPeerID(sslContext, [peerIdData bytes], [peerIdData length]);
	      |                          ^
	In module 'Security' imported from <REPO>/apps/mobile/ios/Pods/CocoaAsyncSocket/Source/GCD/GCDAsyncSocket.h:12:
	/Applications/Xcode.app/Contents/Developer/Platforms/iPhoneSimulator.platform/Developer/SDKs/iPhoneSimulator.sdk/System/Library/Frameworks/Security.framework/Headers/SecureTransport.h:1285:1: note: 'SSLSetPeerID' has been explicitly marked deprecated here
	 1285 | SSLSetPeerID                            (SSLContextRef          context,
	      | ^
	<REPO>/apps/mobile/ios/Pods/CocoaAsyncSocket/Source/GCD/GCDAsyncSocket.m:7043:22: warning: 'kSSLProtocolUnknown' is deprecated: first deprecated in iOS 13.0 [-Wdeprecated-declarations]
	 7043 |                 if (minProtocol != kSSLProtocolUnknown)
	      |                                    ^
	In module 'Security' imported from <REPO>/apps/mobile/ios/Pods/CocoaAsyncSocket/Source/GCD/GCDAsyncSocket.h:12:
	/Applications/Xcode.app/Contents/Developer/Platforms/iPhoneSimulator.platform/Developer/SDKs/iPhoneSimulator26.2.sdk/System/Library/Frameworks/Security.framework/Headers/SecProtocolTypes.h:156:5: note: 'kSSLProtocolUnknown' has been explicitly marked deprecated here
	  156 |     kSSLProtocolUnknown CF_ENUM_DEPRECATED(10_2, 10_15, 5_0, 13_0) = 0,
	      |     ^
	<REPO>/apps/mobile/ios/Pods/CocoaAsyncSocket/Source/GCD/GCDAsyncSocket.m:7045:13: warning: 'SSLSetProtocolVersionMin' is deprecated: first deprecated in iOS 13.0 - No longer supported. Use Network.framework. [-Wdeprecated-declarations]
	 7045 |                         status = SSLSetProtocolVersionMin(sslContext, minProtocol);
	      |                                  ^
	In module 'Security' imported from <REPO>/apps/mobile/ios/Pods/CocoaAsyncSocket/Source/GCD/GCDAsyncSocket.h:12:
	/Applications/Xcode.app/Contents/Developer/Platforms/iPhoneSimulator.platform/Developer/SDKs/iPhoneSimulator.sdk/System/Library/Frameworks/Security.framework/Headers/SecureTransport.h:458:1: note: 'SSLSetProtocolVersionMin' has been explicitly marked deprecated here
	  458 | SSLSetProtocolVersionMin  (SSLContextRef      context,
	      | ^
	<REPO>/apps/mobile/ios/Pods/CocoaAsyncSocket/Source/GCD/GCDAsyncSocket.m:7067:22: warning: 'kSSLProtocolUnknown' is deprecated: first deprecated in iOS 13.0 [-Wdeprecated-declarations]
	 7067 |                 if (maxProtocol != kSSLProtocolUnknown)
	      |                                    ^
	In module 'Security' imported from <REPO>/apps/mobile/ios/Pods/CocoaAsyncSocket/Source/GCD/GCDAsyncSocket.h:12:
	/Applications/Xcode.app/Contents/Developer/Platforms/iPhoneSimulator.platform/Developer/SDKs/iPhoneSimulator26.2.sdk/System/Library/Frameworks/Security.framework/Headers/SecProtocolTypes.h:156:5: note: 'kSSLProtocolUnknown' has been explicitly marked deprecated here
	  156 |     kSSLProtocolUnknown CF_ENUM_DEPRECATED(10_2, 10_15, 5_0, 13_0) = 0,
	      |     ^
	<REPO>/apps/mobile/ios/Pods/CocoaAsyncSocket/Source/GCD/GCDAsyncSocket.m:7069:13: warning: 'SSLSetProtocolVersionMax' is deprecated: first deprecated in iOS 13.0 - No longer supported. Use Network.framework. [-Wdeprecated-declarations]
	 7069 |                         status = SSLSetProtocolVersionMax(sslContext, maxProtocol);
	      |                                  ^
	In module 'Security' imported from <REPO>/apps/mobile/ios/Pods/CocoaAsyncSocket/Source/GCD/GCDAsyncSocket.h:12:
	/Applications/Xcode.app/Contents/Developer/Platforms/iPhoneSimulator.platform/Developer/SDKs/iPhoneSimulator.sdk/System/Library/Frameworks/Security.framework/Headers/SecureTransport.h:494:1: note: 'SSLSetProtocolVersionMax' has been explicitly marked deprecated here
	  494 | SSLSetProtocolVersionMax  (SSLContextRef      context,
	      | ^
	<REPO>/apps/mobile/ios/Pods/CocoaAsyncSocket/Source/GCD/GCDAsyncSocket.m:7091:12: warning: 'SSLSetSessionOption' is deprecated: first deprecated in iOS 13.0 - No longer supported. Use Network.framework. [-Wdeprecated-declarations]
	 7091 |                 status = SSLSetSessionOption(sslContext, kSSLSessionOptionFalseStart, [falseStart boolValue]);
	      |                          ^
	In module 'Security' imported from <REPO>/apps/mobile/ios/Pods/CocoaAsyncSocket/Source/GCD/GCDAsyncSocket.h:12:
	/Applications/Xcode.app/Contents/Developer/Platforms/iPhoneSimulator.platform/Developer/SDKs/iPhoneSimulator.sdk/System/Library/Frameworks/Security.framework/Headers/SecureTransport.h:384:1: note: 'SSLSetSessionOption' has been explicitly marked deprecated here
	  384 | SSLSetSessionOption                     (SSLContextRef          context,
	      | ^
	<REPO>/apps/mobile/ios/Pods/CocoaAsyncSocket/Source/GCD/GCDAsyncSocket.m:7091:44: warning: 'kSSLSessionOptionFalseStart' is deprecated: first deprecated in iOS 13.0 [-Wdeprecated-declarations]
	 7091 |                 status = SSLSetSessionOption(sslContext, kSSLSessionOptionFalseStart, [falseStart boolValue]);
	      |                                                          ^
	In module 'Security' imported from <REPO>/apps/mobile/ios/Pods/CocoaAsyncSocket/Source/GCD/GCDAsyncSocket.h:12:
	/Applications/Xcode.app/Contents/Developer/Platforms/iPhoneSimulator.platform/Developer/SDKs/iPhoneSimulator.sdk/System/Library/Frameworks/Security.framework/Headers/SecureTransport.h:117:5: note: 'kSSLSessionOptionFalseStart' has been explicitly marked deprecated here
	  117 |     kSSLSessionOptionFalseStart CF_ENUM_DEPRECATED(10_2, 10_15, 2_0, 13_0) = 3,
	      |     ^
	<REPO>/apps/mobile/ios/Pods/CocoaAsyncSocket/Source/GCD/GCDAsyncSocket.m:7112:12: warning: 'SSLSetSessionOption' is deprecated: first deprecated in iOS 13.0 - No longer supported. Use Network.framework. [-Wdeprecated-declarations]
	 7112 |                 status = SSLSetSessionOption(sslContext, kSSLSessionOptionSendOneByteRecord, [oneByteRecord boolValue]);
	      |                          ^
	In module 'Security' imported from <REPO>/apps/mobile/ios/Pods/CocoaAsyncSocket/Source/GCD/GCDAsyncSocket.h:12:
	/Applications/Xcode.app/Contents/Developer/Platforms/iPhoneSimulator.platform/Developer/SDKs/iPhoneSimulator.sdk/System/Library/Frameworks/Security.framework/Headers/SecureTransport.h:384:1: note: 'SSLSetSessionOption' has been explicitly marked deprecated here
	  384 | SSLSetSessionOption                     (SSLContextRef          context,
	      | ^
	<REPO>/apps/mobile/ios/Pods/CocoaAsyncSocket/Source/GCD/GCDAsyncSocket.m:7112:44: warning: 'kSSLSessionOptionSendOneByteRecord' is deprecated: first deprecated in iOS 13.0 [-Wdeprecated-declarations]
	 7112 |                 status = SSLSetSessionOption(sslContext, kSSLSessionOptionSendOneByteRecord, [oneByteRecord boolValue]);
	      |                                                          ^
	In module 'Security' imported from <REPO>/apps/mobile/ios/Pods/CocoaAsyncSocket/Source/GCD/GCDAsyncSocket.h:12:
	/Applications/Xcode.app/Contents/Developer/Platforms/iPhoneSimulator.platform/Developer/SDKs/iPhoneSimulator.sdk/System/Library/Frameworks/Security.framework/Headers/SecureTransport.h:123:5: note: 'kSSLSessionOptionSendOneByteRecord' has been explicitly marked deprecated here
	  123 |     kSSLSessionOptionSendOneByteRecord CF_ENUM_DEPRECATED(10_2, 10_15, 2_0, 13_0) = 4,
	      |     ^
	<REPO>/apps/mobile/ios/Pods/CocoaAsyncSocket/Source/GCD/GCDAsyncSocket.m:7145:12: warning: 'SSLSetEnabledCiphers' is deprecated: first deprecated in iOS 13.0 - No longer supported. Use Network.framework. [-Wdeprecated-declarations]
	 7145 |                 status = SSLSetEnabledCiphers(sslContext, ciphers, numberCiphers);
	      |                          ^
	In module 'Security' imported from <REPO>/apps/mobile/ios/Pods/CocoaAsyncSocket/Source/GCD/GCDAsyncSocket.h:12:
	/Applications/Xcode.app/Contents/Developer/Platforms/iPhoneSimulator.platform/Developer/SDKs/iPhoneSimulator.sdk/System/Library/Frameworks/Security.framework/Headers/SecureTransport.h:865:1: note: 'SSLSetEnabledCiphers' has been explicitly marked deprecated here
	  865 | SSLSetEnabledCiphers            (SSLContextRef                  context,
	      | ^
	<REPO>/apps/mobile/ios/Pods/CocoaAsyncSocket/Source/GCD/GCDAsyncSocket.m:7191:22: warning: 'SSLSetALPNProtocols' is deprecated: first deprecated in iOS 13.0 - No longer supported. Use Network.framework. [-Wdeprecated-declarations]
	 7191 |             status = SSLSetALPNProtocols(sslContext, protocols);
	      |                      ^
	In module 'Security' imported from <REPO>/apps/mobile/ios/Pods/CocoaAsyncSocket/Source/GCD/GCDAsyncSocket.h:12:
	/Applications/Xcode.app/Contents/Developer/Platforms/iPhoneSimulator.platform/Developer/SDKs/iPhoneSimulator.sdk/System/Library/Frameworks/Security.framework/Headers/SecureTransport.h:1332:1: note: 'SSLSetALPNProtocols' has been explicitly marked deprecated here
	 1332 | SSLSetALPNProtocols         (SSLContextRef      context,
	      | ^
	<REPO>/apps/mobile/ios/Pods/CocoaAsyncSocket/Source/GCD/GCDAsyncSocket.m:7326:20: warning: 'SSLHandshake' is deprecated: first deprecated in iOS 13.0 - No longer supported. Use Network.framework. [-Wdeprecated-declarations]
	 7326 |         OSStatus status = SSLHandshake(sslContext);
	      |                           ^
	In module 'Security' imported from <REPO>/apps/mobile/ios/Pods/CocoaAsyncSocket/Source/GCD/GCDAsyncSocket.h:12:
	/Applications/Xcode.app/Contents/Developer/Platforms/iPhoneSimulator.platform/Developer/SDKs/iPhoneSimulator.sdk/System/Library/Frameworks/Security.framework/Headers/SecureTransport.h:1641:1: note: 'SSLHandshake' has been explicitly marked deprecated here
	 1641 | SSLHandshake                            (SSLContextRef          context)
	      | ^
	<REPO>/apps/mobile/ios/Pods/CocoaAsyncSocket/Source/GCD/GCDAsyncSocket.m:7359:12: warning: 'SSLCopyPeerTrust' is deprecated: first deprecated in iOS 13.0 - No longer supported. Use Network.framework. [-Wdeprecated-declarations]
	 7359 |                 status = SSLCopyPeerTrust(sslContext, &trust);
	      |                          ^
	In module 'Security' imported from <REPO>/apps/mobile/ios/Pods/CocoaAsyncSocket/Source/GCD/GCDAsyncSocket.h:12:
	/Applications/Xcode.app/Contents/Developer/Platforms/iPhoneSimulator.platform/Developer/SDKs/iPhoneSimulator.sdk/System/Library/Frameworks/Security.framework/Headers/SecureTransport.h:1261:1: note: 'SSLCopyPeerTrust' has been explicitly marked deprecated here
	 1261 | SSLCopyPeerTrust                        (SSLContextRef          context,
	      | ^
	32 warnings generated.
	In file included from <HOME>/.pub-cache/hosted/pub.dev/in_app_purchase_storekit-0.4.4/darwin/in_app_purchase_storekit/Sources/in_app_purchase_storekit_objc/FIAPaymentQueueHandler.m:5:
	In file included from <HOME>/.pub-cache/hosted/pub.dev/in_app_purchase_storekit-0.4.4/darwin/in_app_purchase_storekit/Sources/in_app_purchase_storekit_objc/./include/in_app_purchase_storekit_objc/FIAPaymentQueueHandler.h:8:
	<HOME>/.pub-cache/hosted/pub.dev/in_app_purchase_storekit-0.4.4/darwin/in_app_purchase_storekit/Sources/in_app_purchase_storekit_objc/./include/in_app_purchase_storekit_objc/FLTPaymentQueueHandlerProtocol.h:16:42: warning: 'SKDownload' is deprecated: first deprecated in iOS 16.0 - Hosted content is no longer supported. [-Wdeprecated-declarations]
	   16 | typedef void (^UpdatedDownloads)(NSArray<SKDownload *> *downloads);
	      |                                          ^
	In module 'StoreKit' imported from <HOME>/.pub-cache/hosted/pub.dev/in_app_purchase_storekit-0.4.4/darwin/in_app_purchase_storekit/Sources/in_app_purchase_storekit_objc/./include/in_app_purchase_storekit_objc/FIAPaymentQueueHandler.h:6:
	/Applications/Xcode.app/Contents/Developer/Platforms/iPhoneSimulator.platform/Developer/SDKs/iPhoneSimulator26.2.sdk/System/Library/Frameworks/StoreKit.framework/Headers/SKDownload.h:26:182: note: 'SKDownload' has been explicitly marked deprecated here
	   26 | SK_EXTERN_CLASS API_DEPRECATED("Hosted content is no longer supported.", ios(6.0, 16.0), macos(10.8, 13.0), tvos(9.0, 16.0), watchos(6.2, 9.0)) API_UNAVAILABLE(visionos) @interface SKDownload : NSObject {
	      |                                                                                                                                                                                      ^
	<HOME>/.pub-cache/hosted/pub.dev/in_app_purchase_storekit-0.4.4/darwin/in_app_purchase_storekit/Sources/in_app_purchase_storekit_objc/FIAPaymentQueueHandler.m:219:72: warning: 'SKDownload' is deprecated: first deprecated in iOS 16.0 - Hosted content is no longer supported. [-Wdeprecated-declarations]
	  219 | - (void)paymentQueue:(SKPaymentQueue *)queue updatedDownloads:(NSArray<SKDownload *> *)downloads {
	      |                                                                        ^
	In module 'StoreKit' imported from <HOME>/.pub-cache/hosted/pub.dev/in_app_purchase_storekit-0.4.4/darwin/in_app_purchase_storekit/Sources/in_app_purchase_storekit_objc/./include/in_app_purchase_storekit_objc/FIAPaymentQueueHandler.h:6:
	/Applications/Xcode.app/Contents/Developer/Platforms/iPhoneSimulator.platform/Developer/SDKs/iPhoneSimulator26.2.sdk/System/Library/Frameworks/StoreKit.framework/Headers/SKDownload.h:26:182: note: 'SKDownload' has been explicitly marked deprecated here
	   26 | SK_EXTERN_CLASS API_DEPRECATED("Hosted content is no longer supported.", ios(6.0, 16.0), macos(10.8, 13.0), tvos(9.0, 16.0), watchos(6.2, 9.0)) API_UNAVAILABLE(visionos) @interface SKDownload : NSObject {
	      |                                                                                                                                                                                      ^
	<HOME>/.pub-cache/hosted/pub.dev/in_app_purchase_storekit-0.4.4/darwin/in_app_purchase_storekit/Sources/in_app_purchase_storekit_objc/FIAPaymentQueueHandler.m:219:1: warning: implementing deprecated method [-Wdeprecated-implementations]
	  219 | - (void)paymentQueue:(SKPaymentQueue *)queue updatedDownloads:(NSArray<SKDownload *> *)downloads {
	      | ^
	In module 'StoreKit' imported from <HOME>/.pub-cache/hosted/pub.dev/in_app_purchase_storekit-0.4.4/darwin/in_app_purchase_storekit/Sources/in_app_purchase_storekit_objc/./include/in_app_purchase_storekit_objc/FIAPaymentQueueHandler.h:6:
	/Applications/Xcode.app/Contents/Developer/Platforms/iPhoneSimulator.platform/Developer/SDKs/iPhoneSimulator26.2.sdk/System/Library/Frameworks/StoreKit.framework/Headers/SKPaymentQueue.h:107:1: note: method 'paymentQueue:updatedDownloads:' declared here
	  107 | - (void)paymentQueue:(SKPaymentQueue *)queue updatedDownloads:(NSArray<SKDownload *> *)downloads API_DEPRECATED("Hosted content is no longer supported.", ios(6.0, 16.0), macos(10.8, 13.0), tvos(9.0, 16.0), watchos(6.2, 9.0)) API_UNAVAILABLE(visionos);
	      | ^
	3 warnings generated.
	In file included from <HOME>/.pub-cache/hosted/pub.dev/in_app_purchase_storekit-0.4.4/darwin/in_app_purchase_storekit/Sources/in_app_purchase_storekit_objc/FIAPaymentQueueHandler.m:5:
	In file included from <HOME>/.pub-cache/hosted/pub.dev/in_app_purchase_storekit-0.4.4/darwin/in_app_purchase_storekit/Sources/in_app_purchase_storekit_objc/./include/in_app_purchase_storekit_objc/FIAPaymentQueueHandler.h:8:
	<HOME>/.pub-cache/hosted/pub.dev/in_app_purchase_storekit-0.4.4/darwin/in_app_purchase_storekit/Sources/in_app_purchase_storekit_objc/./include/in_app_purchase_storekit_objc/FLTPaymentQueueHandlerProtocol.h:16:42: warning: 'SKDownload' is deprecated: first deprecated in iOS 16.0 - Hosted content is no longer supported. [-Wdeprecated-declarations]
	   16 | typedef void (^UpdatedDownloads)(NSArray<SKDownload *> *downloads);
	      |                                          ^
	In module 'StoreKit' imported from <HOME>/.pub-cache/hosted/pub.dev/in_app_purchase_storekit-0.4.4/darwin/in_app_purchase_storekit/Sources/in_app_purchase_storekit_objc/./include/in_app_purchase_storekit_objc/FIAPaymentQueueHandler.h:6:
	/Applications/Xcode.app/Contents/Developer/Platforms/iPhoneSimulator.platform/Developer/SDKs/iPhoneSimulator26.2.sdk/System/Library/Frameworks/StoreKit.framework/Headers/SKDownload.h:26:182: note: 'SKDownload' has been explicitly marked deprecated here
	   26 | SK_EXTERN_CLASS API_DEPRECATED("Hosted content is no longer supported.", ios(6.0, 16.0), macos(10.8, 13.0), tvos(9.0, 16.0), watchos(6.2, 9.0)) API_UNAVAILABLE(visionos) @interface SKDownload : NSObject {
	      |                                                                                                                                                                                      ^
	<HOME>/.pub-cache/hosted/pub.dev/in_app_purchase_storekit-0.4.4/darwin/in_app_purchase_storekit/Sources/in_app_purchase_storekit_objc/FIAPaymentQueueHandler.m:219:72: warning: 'SKDownload' is deprecated: first deprecated in iOS 16.0 - Hosted content is no longer supported. [-Wdeprecated-declarations]
	  219 | - (void)paymentQueue:(SKPaymentQueue *)queue updatedDownloads:(NSArray<SKDownload *> *)downloads {
	      |                                                                        ^
	In module 'StoreKit' imported from <HOME>/.pub-cache/hosted/pub.dev/in_app_purchase_storekit-0.4.4/darwin/in_app_purchase_storekit/Sources/in_app_purchase_storekit_objc/./include/in_app_purchase_storekit_objc/FIAPaymentQueueHandler.h:6:
	/Applications/Xcode.app/Contents/Developer/Platforms/iPhoneSimulator.platform/Developer/SDKs/iPhoneSimulator26.2.sdk/System/Library/Frameworks/StoreKit.framework/Headers/SKDownload.h:26:182: note: 'SKDownload' has been explicitly marked deprecated here
	   26 | SK_EXTERN_CLASS API_DEPRECATED("Hosted content is no longer supported.", ios(6.0, 16.0), macos(10.8, 13.0), tvos(9.0, 16.0), watchos(6.2, 9.0)) API_UNAVAILABLE(visionos) @interface SKDownload : NSObject {
	      |                                                                                                                                                                                      ^
	<HOME>/.pub-cache/hosted/pub.dev/in_app_purchase_storekit-0.4.4/darwin/in_app_purchase_storekit/Sources/in_app_purchase_storekit_objc/FIAPaymentQueueHandler.m:219:1: warning: implementing deprecated method [-Wdeprecated-implementations]
	  219 | - (void)paymentQueue:(SKPaymentQueue *)queue updatedDownloads:(NSArray<SKDownload *> *)downloads {
	      | ^
	In module 'StoreKit' imported from <HOME>/.pub-cache/hosted/pub.dev/in_app_purchase_storekit-0.4.4/darwin/in_app_purchase_storekit/Sources/in_app_purchase_storekit_objc/./include/in_app_purchase_storekit_objc/FIAPaymentQueueHandler.h:6:
	/Applications/Xcode.app/Contents/Developer/Platforms/iPhoneSimulator.platform/Developer/SDKs/iPhoneSimulator26.2.sdk/System/Library/Frameworks/StoreKit.framework/Headers/SKPaymentQueue.h:107:1: note: method 'paymentQueue:updatedDownloads:' declared here
	  107 | - (void)paymentQueue:(SKPaymentQueue *)queue updatedDownloads:(NSArray<SKDownload *> *)downloads API_DEPRECATED("Hosted content is no longer supported.", ios(6.0, 16.0), macos(10.8, 13.0), tvos(9.0, 16.0), watchos(6.2, 9.0)) API_UNAVAILABLE(visionos);
	      | ^
	3 warnings generated.
	<HOME>/.pub-cache/hosted/pub.dev/speech_to_text-7.3.0/darwin/speech_to_text/Sources/speech_to_text/SpeechToTextPlugin.swift:510:41: warning: 'allowBluetooth' was deprecated in iOS 8.0: renamed to 'AVAudioSession.CategoryOptions.allowBluetoothHFP'
	          options: [.defaultToSpeaker, .allowBluetooth, .allowBluetoothA2DP, .mixWithOthers])
	                                        ^
	<HOME>/.pub-cache/hosted/pub.dev/speech_to_text-7.3.0/darwin/speech_to_text/Sources/speech_to_text/SpeechToTextPlugin.swift:510:41: note: use 'AVAudioSession.CategoryOptions.allowBluetoothHFP' instead
	          options: [.defaultToSpeaker, .allowBluetooth, .allowBluetoothA2DP, .mixWithOthers])
	                                        ^~~~~~~~~~~~~~
	                                        AVAudioSession.CategoryOptions.allowBluetoothHFP
	<HOME>/.pub-cache/hosted/pub.dev/speech_to_text-7.3.0/darwin/speech_to_text/Sources/speech_to_text/SpeechToTextPlugin.swift:510:41: warning: 'allowBluetooth' was deprecated in iOS 8.0: renamed to 'AVAudioSession.CategoryOptions.allowBluetoothHFP'
	          options: [.defaultToSpeaker, .allowBluetooth, .allowBluetoothA2DP, .mixWithOthers])
	                                        ^
	<HOME>/.pub-cache/hosted/pub.dev/speech_to_text-7.3.0/darwin/speech_to_text/Sources/speech_to_text/SpeechToTextPlugin.swift:510:41: note: use 'AVAudioSession.CategoryOptions.allowBluetoothHFP' instead
	          options: [.defaultToSpeaker, .allowBluetooth, .allowBluetoothA2DP, .mixWithOthers])
	                                        ^~~~~~~~~~~~~~
	                                        AVAudioSession.CategoryOptions.allowBluetoothHFP
	<REPO>/apps/mobile/ios/Pods/DKPhotoGallery/DKPhotoGallery/Preview/PDFPreview/DKPDFView.swift:50:48: warning: 'gray' was deprecated in iOS 13.0: renamed to 'UIActivityIndicatorView.Style.medium'
	        return UIActivityIndicatorView(style: .gray)
	                                               ^
	<REPO>/apps/mobile/ios/Pods/DKPhotoGallery/DKPhotoGallery/Preview/PDFPreview/DKPDFView.swift:50:48: note: use 'UIActivityIndicatorView.Style.medium' instead
	        return UIActivityIndicatorView(style: .gray)
	                                               ^~~~
	                                               UIActivityIndicatorView.Style.medium
	<REPO>/apps/mobile/ios/Pods/DKPhotoGallery/DKPhotoGallery/DKPhotoGallery.swift:144:62: warning: 'statusBarStyle' was deprecated in iOS 13.0: Use the statusBarManager property of the window scene instead.
	    private let defaultStatusBarStyle = UIApplication.shared.statusBarStyle
	                                                             ^
	<REPO>/apps/mobile/ios/Pods/DKPhotoGallery/DKPhotoGallery/DKPhotoGalleryContentVC.swift:39:52: warning: using 'class' keyword to define a class-constrained protocol is deprecated; use 'AnyObject' instead
	internal protocol DKPhotoGalleryContentDataSource: class {
	                                                   ^~~~~
	                                                   AnyObject
	<REPO>/apps/mobile/ios/Pods/DKPhotoGallery/DKPhotoGallery/DKPhotoGalleryContentVC.swift:55:50: warning: using 'class' keyword to define a class-constrained protocol is deprecated; use 'AnyObject' instead
	internal protocol DKPhotoGalleryContentDelegate: class {
	                                                 ^~~~~
	                                                 AnyObject
	<REPO>/apps/mobile/ios/Pods/DKPhotoGallery/DKPhotoGallery/Preview/PlayerPreview/DKPlayerView.swift:65:26: warning: 'loadValuesAsynchronously(forKeys:completionHandler:)' was deprecated in iOS 16.0: Use load(_:) instead.  For non-deprecated properties that do not have an AVAsyncProperty equivalent, continue to query these properties synchronously
	                newValue.loadValuesAsynchronously(forKeys: ["duration", "tracks"], completionHandler: {
	                         ^
	<REPO>/apps/mobile/ios/Pods/DKPhotoGallery/DKPhotoGallery/Preview/PlayerPreview/DKPlayerView.swift:68:51: warning: 'statusOfValue(forKey:error:)' was deprecated in iOS 16.0: Use status(of:) instead
	                        let loadStatus = newValue.statusOfValue(forKey: "duration", error: &error)
	                                                  ^
	<REPO>/apps/mobile/ios/Pods/DKPhotoGallery/DKPhotoGallery/Preview/PlayerPreview/DKPlayerView.swift:152:48: warning: 'gray' was deprecated in iOS 13.0: renamed to 'UIActivityIndicatorView.Style.medium'
	        return UIActivityIndicatorView(style: .gray)
	                                               ^
	<REPO>/apps/mobile/ios/Pods/DKPhotoGallery/DKPhotoGallery/Preview/PlayerPreview/DKPlayerView.swift:152:48: note: use 'UIActivityIndicatorView.Style.medium' instead
	        return UIActivityIndicatorView(style: .gray)
	                                               ^~~~
	                                               UIActivityIndicatorView.Style.medium
	<REPO>/apps/mobile/ios/Pods/DKPhotoGallery/DKPhotoGallery/Preview/QRCode/DKPhotoWebVC.swift:46:56: warning: 'gray' was deprecated in iOS 13.0: renamed to 'UIActivityIndicatorView.Style.medium'
	        self.spinner = UIActivityIndicatorView(style: .gray)
	                                                       ^
	<REPO>/apps/mobile/ios/Pods/DKPhotoGallery/DKPhotoGallery/Preview/QRCode/DKPhotoWebVC.swift:46:56: note: use 'UIActivityIndicatorView.Style.medium' instead
	        self.spinner = UIActivityIndicatorView(style: .gray)
	                                                       ^~~~
	                                                       UIActivityIndicatorView.Style.medium
	<REPO>/apps/mobile/ios/Pods/DKPhotoGallery/DKPhotoGallery/Preview/PlayerPreview/DKPlayerView.swift:65:26: warning: 'loadValuesAsynchronously(forKeys:completionHandler:)' was deprecated in iOS 16.0: Use load(_:) instead.  For non-deprecated properties that do not have an AVAsyncProperty equivalent, continue to query these properties synchronously
	                newValue.loadValuesAsynchronously(forKeys: ["duration", "tracks"], completionHandler: {
	                         ^
	<REPO>/apps/mobile/ios/Pods/DKPhotoGallery/DKPhotoGallery/Preview/PlayerPreview/DKPlayerView.swift:68:51: warning: 'statusOfValue(forKey:error:)' was deprecated in iOS 16.0: Use status(of:) instead
	                        let loadStatus = newValue.statusOfValue(forKey: "duration", error: &error)
	                                                  ^
	<REPO>/apps/mobile/ios/Pods/DKPhotoGallery/DKPhotoGallery/Preview/PlayerPreview/DKPlayerView.swift:152:48: warning: 'gray' was deprecated in iOS 13.0: renamed to 'UIActivityIndicatorView.Style.medium'
	        return UIActivityIndicatorView(style: .gray)
	                                               ^
	<REPO>/apps/mobile/ios/Pods/DKPhotoGallery/DKPhotoGallery/Preview/PlayerPreview/DKPlayerView.swift:152:48: note: use 'UIActivityIndicatorView.Style.medium' instead
	        return UIActivityIndicatorView(style: .gray)
	                                               ^~~~
	                                               UIActivityIndicatorView.Style.medium
	<REPO>/apps/mobile/ios/Pods/DKPhotoGallery/DKPhotoGallery/Preview/ImagePreview/DKPhotoImagePreviewVC.swift:34:42: warning: 'contentEdgeInsets' was deprecated in iOS 15.0: This property is ignored when using UIButtonConfiguration
	        self.downloadOriginalImageButton.contentEdgeInsets = UIEdgeInsets(top: 0, left: 5, bottom: 0, right: 5)
	                                         ^
	<HOME>/.pub-cache/hosted/pub.dev/sentry_flutter-9.14.0/ios/sentry_flutter/Sources/sentry_flutter/SentryFlutterPlugin.swift:218:64: warning: 'integrations' is deprecated: Setting `SentryOptions.integrations` is deprecated. Integrations should be enabled or disabled using their respective `SentryOptions.enable*` property.
	            if let integrations = PrivateSentrySDKOnly.options.integrations {
	                                                               ^
	<HOME>/.pub-cache/hosted/pub.dev/sentry_flutter-9.14.0/ios/sentry_flutter/Sources/sentry_flutter/SentryFlutterPlugin.swift:695:58: warning: 'windows' was deprecated in iOS 15.0: Use UIWindowScene.windows on a relevant window scene instead
	            guard let windowScene = UIApplication.shared.windows.first?.windowScene else {
	                                                         ^
	<REPO>/apps/mobile/ios/Pods/DKPhotoGallery/DKPhotoGallery/Preview/PDFPreview/DKPDFView.swift:50:48: warning: 'gray' was deprecated in iOS 13.0: renamed to 'UIActivityIndicatorView.Style.medium'
	        return UIActivityIndicatorView(style: .gray)
	                                               ^
	<REPO>/apps/mobile/ios/Pods/DKPhotoGallery/DKPhotoGallery/Preview/PDFPreview/DKPDFView.swift:50:48: note: use 'UIActivityIndicatorView.Style.medium' instead
	        return UIActivityIndicatorView(style: .gray)
	                                               ^~~~
	                                               UIActivityIndicatorView.Style.medium
	<REPO>/apps/mobile/ios/Pods/DKPhotoGallery/DKPhotoGallery/DKPhotoGallery.swift:144:62: warning: 'statusBarStyle' was deprecated in iOS 13.0: Use the statusBarManager property of the window scene instead.
	    private let defaultStatusBarStyle = UIApplication.shared.statusBarStyle
	                                                             ^
	<REPO>/apps/mobile/ios/Pods/DKPhotoGallery/DKPhotoGallery/DKPhotoGalleryContentVC.swift:39:52: warning: using 'class' keyword to define a class-constrained protocol is deprecated; use 'AnyObject' instead
	internal protocol DKPhotoGalleryContentDataSource: class {
	                                                   ^~~~~
	                                                   AnyObject
	<REPO>/apps/mobile/ios/Pods/DKPhotoGallery/DKPhotoGallery/DKPhotoGalleryContentVC.swift:55:50: warning: using 'class' keyword to define a class-constrained protocol is deprecated; use 'AnyObject' instead
	internal protocol DKPhotoGalleryContentDelegate: class {
	                                                 ^~~~~
	                                                 AnyObject
	<REPO>/apps/mobile/ios/Pods/DKPhotoGallery/DKPhotoGallery/Preview/PlayerPreview/DKPlayerView.swift:65:26: warning: 'loadValuesAsynchronously(forKeys:completionHandler:)' was deprecated in iOS 16.0: Use load(_:) instead.  For non-deprecated properties that do not have an AVAsyncProperty equivalent, continue to query these properties synchronously
	                newValue.loadValuesAsynchronously(forKeys: ["duration", "tracks"], completionHandler: {
	                         ^
	<REPO>/apps/mobile/ios/Pods/DKPhotoGallery/DKPhotoGallery/Preview/PlayerPreview/DKPlayerView.swift:68:51: warning: 'statusOfValue(forKey:error:)' was deprecated in iOS 16.0: Use status(of:) instead
	                        let loadStatus = newValue.statusOfValue(forKey: "duration", error: &error)
	                                                  ^
	<REPO>/apps/mobile/ios/Pods/DKPhotoGallery/DKPhotoGallery/Preview/PlayerPreview/DKPlayerView.swift:152:48: warning: 'gray' was deprecated in iOS 13.0: renamed to 'UIActivityIndicatorView.Style.medium'
	        return UIActivityIndicatorView(style: .gray)
	                                               ^
	<REPO>/apps/mobile/ios/Pods/DKPhotoGallery/DKPhotoGallery/Preview/PlayerPreview/DKPlayerView.swift:152:48: note: use 'UIActivityIndicatorView.Style.medium' instead
	        return UIActivityIndicatorView(style: .gray)
	                                               ^~~~
	                                               UIActivityIndicatorView.Style.medium
	<HOME>/.pub-cache/hosted/pub.dev/sentry_flutter-9.14.0/ios/sentry_flutter/Sources/sentry_flutter/SentryFlutterPlugin.swift:218:64: warning: 'integrations' is deprecated: Setting `SentryOptions.integrations` is deprecated. Integrations should be enabled or disabled using their respective `SentryOptions.enable*` property.
	            if let integrations = PrivateSentrySDKOnly.options.integrations {
	                                                               ^
	<HOME>/.pub-cache/hosted/pub.dev/sentry_flutter-9.14.0/ios/sentry_flutter/Sources/sentry_flutter/SentryFlutterPlugin.swift:695:58: warning: 'windows' was deprecated in iOS 15.0: Use UIWindowScene.windows on a relevant window scene instead
	            guard let windowScene = UIApplication.shared.windows.first?.windowScene else {
	                                                         ^
	<REPO>/apps/mobile/ios/Pods/DKPhotoGallery/DKPhotoGallery/DKPhotoGallery.swift:144:62: warning: 'statusBarStyle' was deprecated in iOS 13.0: Use the statusBarManager property of the window scene instead.
	    private let defaultStatusBarStyle = UIApplication.shared.statusBarStyle
	                                                             ^
	<REPO>/apps/mobile/ios/Pods/DKPhotoGallery/DKPhotoGallery/DKPhotoGallery.swift:144:62: warning: 'statusBarStyle' was deprecated in iOS 13.0: Use the statusBarManager property of the window scene instead.
	    private let defaultStatusBarStyle = UIApplication.shared.statusBarStyle
	                                                             ^
	<REPO>/apps/mobile/ios/Pods/DKPhotoGallery/DKPhotoGallery/DKPhotoGalleryContentVC.swift:39:52: warning: using 'class' keyword to define a class-constrained protocol is deprecated; use 'AnyObject' instead
	internal protocol DKPhotoGalleryContentDataSource: class {
	                                                   ^~~~~
	                                                   AnyObject
	<REPO>/apps/mobile/ios/Pods/DKPhotoGallery/DKPhotoGallery/DKPhotoGalleryContentVC.swift:55:50: warning: using 'class' keyword to define a class-constrained protocol is deprecated; use 'AnyObject' instead
	internal protocol DKPhotoGalleryContentDelegate: class {
	                                                 ^~~~~
	                                                 AnyObject
	<REPO>/apps/mobile/ios/Pods/DKPhotoGallery/DKPhotoGallery/DKPhotoGalleryContentVC.swift:107:14: warning: 'automaticallyAdjustsScrollViewInsets' was deprecated in iOS 11.0: Use UIScrollView's contentInsetAdjustmentBehavior instead
	        self.automaticallyAdjustsScrollViewInsets = false
	             ^
	<REPO>/apps/mobile/ios/Pods/DKPhotoGallery/DKPhotoGallery/Preview/QRCode/DKPhotoWebVC.swift:46:56: warning: 'gray' was deprecated in iOS 13.0: renamed to 'UIActivityIndicatorView.Style.medium'
	        self.spinner = UIActivityIndicatorView(style: .gray)
	                                                       ^
	<REPO>/apps/mobile/ios/Pods/DKPhotoGallery/DKPhotoGallery/Preview/QRCode/DKPhotoWebVC.swift:46:56: note: use 'UIActivityIndicatorView.Style.medium' instead
	        self.spinner = UIActivityIndicatorView(style: .gray)
	                                                       ^~~~
	                                                       UIActivityIndicatorView.Style.medium
	<REPO>/apps/mobile/ios/Pods/DKPhotoGallery/DKPhotoGallery/Preview/PlayerPreview/DKPlayerView.swift:65:26: warning: 'loadValuesAsynchronously(forKeys:completionHandler:)' was deprecated in iOS 16.0: Use load(_:) instead.  For non-deprecated properties that do not have an AVAsyncProperty equivalent, continue to query these properties synchronously
	                newValue.loadValuesAsynchronously(forKeys: ["duration", "tracks"], completionHandler: {
	                         ^
	<REPO>/apps/mobile/ios/Pods/DKPhotoGallery/DKPhotoGallery/Preview/PlayerPreview/DKPlayerView.swift:68:51: warning: 'statusOfValue(forKey:error:)' was deprecated in iOS 16.0: Use status(of:) instead
	                        let loadStatus = newValue.statusOfValue(forKey: "duration", error: &error)
	                                                  ^
	<REPO>/apps/mobile/ios/Pods/DKPhotoGallery/DKPhotoGallery/Preview/PlayerPreview/DKPlayerView.swift:152:48: warning: 'gray' was deprecated in iOS 13.0: renamed to 'UIActivityIndicatorView.Style.medium'
	        return UIActivityIndicatorView(style: .gray)
	                                               ^
	<REPO>/apps/mobile/ios/Pods/DKPhotoGallery/DKPhotoGallery/Preview/PlayerPreview/DKPlayerView.swift:152:48: note: use 'UIActivityIndicatorView.Style.medium' instead
	        return UIActivityIndicatorView(style: .gray)
	                                               ^~~~
	                                               UIActivityIndicatorView.Style.medium
	<REPO>/apps/mobile/ios/Pods/DKPhotoGallery/DKPhotoGallery/Preview/PDFPreview/DKPDFView.swift:50:48: warning: 'gray' was deprecated in iOS 13.0: renamed to 'UIActivityIndicatorView.Style.medium'
	        return UIActivityIndicatorView(style: .gray)
	                                               ^
	<REPO>/apps/mobile/ios/Pods/DKPhotoGallery/DKPhotoGallery/Preview/PDFPreview/DKPDFView.swift:50:48: note: use 'UIActivityIndicatorView.Style.medium' instead
	        return UIActivityIndicatorView(style: .gray)
	                                               ^~~~
	                                               UIActivityIndicatorView.Style.medium
	<REPO>/apps/mobile/ios/Pods/DKPhotoGallery/DKPhotoGallery/Preview/ImagePreview/DKPhotoBaseImagePreviewVC.swift:171:30: warning: 'UIPreviewAction' was deprecated in iOS 13.0: Please use UIContextMenuInteraction.
	        let saveActionItem = UIPreviewAction(title: DKPhotoGalleryResource.localizedStringWithKey("preview.3DTouch.saveImage.title"),
	                             ^
	<REPO>/apps/mobile/ios/Pods/DKPhotoGallery/DKPhotoGallery/DKPhotoIncrementalIndicator.swift:161:124: warning: forming 'UnsafeMutableRawPointer' to an inout variable of type String exposes the internal representation rather than the string contents.
	        scrollView.addObserver(self, forKeyPath: DKPhotoIncrementalIndicator.contentSizeKeyPath, options: [.new], context: &DKPhotoIncrementalIndicator.context)
	                                                                                                                           ^
	<REPO>/apps/mobile/ios/Pods/DKPhotoGallery/DKPhotoGallery/DKPhotoIncrementalIndicator.swift:162:126: warning: forming 'UnsafeMutableRawPointer' to an inout variable of type String exposes the internal representation rather than the string contents.
	        scrollView.addObserver(self, forKeyPath: DKPhotoIncrementalIndicator.contentOffsetKeyPath, options: [.new], context: &DKPhotoIncrementalIndicator.context)
	                                                                                                                             ^
	<REPO>/apps/mobile/ios/Pods/DKPhotoGallery/DKPhotoGallery/DKPhotoIncrementalIndicator.swift:171:23: warning: forming 'UnsafeMutableRawPointer' to an inout variable of type String exposes the internal representation rather than the string contents.
	        if context == &DKPhotoIncrementalIndicator.context {
	                      ^
	<REPO>/apps/mobile/ios/Pods/DKPhotoGallery/DKPhotoGallery/DKPhotoIncrementalIndicator.swift:161:124: warning: forming 'UnsafeMutableRawPointer' to an inout variable of type String exposes the internal representation rather than the string contents.
	        scrollView.addObserver(self, forKeyPath: DKPhotoIncrementalIndicator.contentSizeKeyPath, options: [.new], context: &DKPhotoIncrementalIndicator.context)
	                                                                                                                           ^
	<REPO>/apps/mobile/ios/Pods/DKPhotoGallery/DKPhotoGallery/DKPhotoIncrementalIndicator.swift:162:126: warning: forming 'UnsafeMutableRawPointer' to an inout variable of type String exposes the internal representation rather than the string contents.
	        scrollView.addObserver(self, forKeyPath: DKPhotoIncrementalIndicator.contentOffsetKeyPath, options: [.new], context: &DKPhotoIncrementalIndicator.context)
	                                                                                                                             ^
	<REPO>/apps/mobile/ios/Pods/DKPhotoGallery/DKPhotoGallery/DKPhotoIncrementalIndicator.swift:171:23: warning: forming 'UnsafeMutableRawPointer' to an inout variable of type String exposes the internal representation rather than the string contents.
	        if context == &DKPhotoIncrementalIndicator.context {
	                      ^
	<REPO>/apps/mobile/ios/Pods/DKPhotoGallery/DKPhotoGallery/DKPhotoGallery.swift:144:62: warning: 'statusBarStyle' was deprecated in iOS 13.0: Use the statusBarManager property of the window scene instead.
	    private let defaultStatusBarStyle = UIApplication.shared.statusBarStyle
	                                                             ^
	<REPO>/apps/mobile/ios/Pods/DKPhotoGallery/DKPhotoGallery/DKPhotoGallery.swift:144:62: warning: 'statusBarStyle' was deprecated in iOS 13.0: Use the statusBarManager property of the window scene instead.
	    private let defaultStatusBarStyle = UIApplication.shared.statusBarStyle
	                                                             ^
	<REPO>/apps/mobile/ios/Pods/DKPhotoGallery/DKPhotoGallery/Preview/PDFPreview/DKPDFView.swift:50:48: warning: 'gray' was deprecated in iOS 13.0: renamed to 'UIActivityIndicatorView.Style.medium'
	        return UIActivityIndicatorView(style: .gray)
	                                               ^
	<REPO>/apps/mobile/ios/Pods/DKPhotoGallery/DKPhotoGallery/Preview/PDFPreview/DKPDFView.swift:50:48: note: use 'UIActivityIndicatorView.Style.medium' instead
	        return UIActivityIndicatorView(style: .gray)
	                                               ^~~~
	                                               UIActivityIndicatorView.Style.medium
	<REPO>/apps/mobile/ios/Pods/DKPhotoGallery/DKPhotoGallery/Preview/ImagePreview/DKPhotoBaseImagePreviewVC.swift:171:30: warning: 'UIPreviewAction' was deprecated in iOS 13.0: Please use UIContextMenuInteraction.
	        let saveActionItem = UIPreviewAction(title: DKPhotoGalleryResource.localizedStringWithKey("preview.3DTouch.saveImage.title"),
	                             ^
	<REPO>/apps/mobile/ios/Pods/DKPhotoGallery/DKPhotoGallery/DKPhotoGallery.swift:144:62: warning: 'statusBarStyle' was deprecated in iOS 13.0: Use the statusBarManager property of the window scene instead.
	    private let defaultStatusBarStyle = UIApplication.shared.statusBarStyle
	                                                             ^
	<REPO>/apps/mobile/ios/Pods/DKPhotoGallery/DKPhotoGallery/DKPhotoGalleryContentVC.swift:39:52: warning: using 'class' keyword to define a class-constrained protocol is deprecated; use 'AnyObject' instead
	internal protocol DKPhotoGalleryContentDataSource: class {
	                                                   ^~~~~
	                                                   AnyObject
	<REPO>/apps/mobile/ios/Pods/DKPhotoGallery/DKPhotoGallery/DKPhotoGalleryContentVC.swift:55:50: warning: using 'class' keyword to define a class-constrained protocol is deprecated; use 'AnyObject' instead
	internal protocol DKPhotoGalleryContentDelegate: class {
	                                                 ^~~~~
	                                                 AnyObject
	<REPO>/apps/mobile/ios/Pods/DKPhotoGallery/DKPhotoGallery/DKPhotoGalleryContentVC.swift:107:14: warning: 'automaticallyAdjustsScrollViewInsets' was deprecated in iOS 11.0: Use UIScrollView's contentInsetAdjustmentBehavior instead
	        self.automaticallyAdjustsScrollViewInsets = false
	             ^
	<REPO>/apps/mobile/ios/Pods/DKPhotoGallery/DKPhotoGallery/Preview/ImagePreview/DKPhotoImagePreviewVC.swift:34:42: warning: 'contentEdgeInsets' was deprecated in iOS 15.0: This property is ignored when using UIButtonConfiguration
	        self.downloadOriginalImageButton.contentEdgeInsets = UIEdgeInsets(top: 0, left: 5, bottom: 0, right: 5)
	                                         ^
	<REPO>/apps/mobile/ios/Pods/DKPhotoGallery/DKPhotoGallery/DKPhotoGallery.swift:144:62: warning: 'statusBarStyle' was deprecated in iOS 13.0: Use the statusBarManager property of the window scene instead.
	    private let defaultStatusBarStyle = UIApplication.shared.statusBarStyle
	                                                             ^
	<REPO>/apps/mobile/ios/Pods/DKPhotoGallery/DKPhotoGallery/Preview/ImagePreview/DKPhotoImageDownloader.swift:92:87: warning: 'kUTTypeGIF' was deprecated in iOS 15.0: Use UTTypeGIF or UTType.gif (swift) instead.
	            let isGif = (asset.value(forKey: "uniformTypeIdentifier") as? String) == (kUTTypeGIF as String)
	                                                                                      ^
	<REPO>/apps/mobile/ios/Pods/DKPhotoGallery/DKPhotoGallery/Preview/ImagePreview/DKPhotoImageDownloader.swift:94:42: warning: 'requestImageData(for:options:resultHandler:)' was deprecated in iOS 13
	                PHImageManager.default().requestImageData(for: asset,
	                                         ^
	<REPO>/apps/mobile/ios/Pods/DKPhotoGallery/DKPhotoGallery/DKPhotoGallery.swift:144:62: warning: 'statusBarStyle' was deprecated in iOS 13.0: Use the statusBarManager property of the window scene instead.
	    private let defaultStatusBarStyle = UIApplication.shared.statusBarStyle
	                                                             ^
	<REPO>/apps/mobile/ios/Pods/DKPhotoGallery/DKPhotoGallery/DKPhotoGallery.swift:144:62: warning: 'statusBarStyle' was deprecated in iOS 13.0: Use the statusBarManager property of the window scene instead.
	    private let defaultStatusBarStyle = UIApplication.shared.statusBarStyle
	                                                             ^
	<REPO>/apps/mobile/ios/Pods/DKPhotoGallery/DKPhotoGallery/Preview/ImagePreview/DKPhotoImageDownloader.swift:92:87: warning: 'kUTTypeGIF' was deprecated in iOS 15.0: Use UTTypeGIF or UTType.gif (swift) instead.
	            let isGif = (asset.value(forKey: "uniformTypeIdentifier") as? String) == (kUTTypeGIF as String)
	                                                                                      ^
	<REPO>/apps/mobile/ios/Pods/DKPhotoGallery/DKPhotoGallery/Preview/ImagePreview/DKPhotoImageDownloader.swift:94:42: warning: 'requestImageData(for:options:resultHandler:)' was deprecated in iOS 13
	                PHImageManager.default().requestImageData(for: asset,
	                                         ^
	<REPO>/apps/mobile/ios/Pods/DKImagePickerController/Sources/DKImageDataManager/DKImageDataManager.swift:154:43: warning: 'requestImageData(for:options:resultHandler:)' was deprecated in iOS 13
	        let imageRequestID = self.manager.requestImageData(
	                                          ^
	<REPO>/apps/mobile/ios/Pods/DKImagePickerController/Sources/DKImagePickerController/DKImagePickerController.swift:265:45: warning: 'keyWindow' was deprecated in iOS 13.0: Should not be used for applications that support multiple scenes as it returns a key window across all connected scenes
	            targetVC = UIApplication.shared.keyWindow!.rootViewController!
	                                            ^
	<REPO>/apps/mobile/ios/Pods/DKImagePickerController/Sources/DKImagePickerController/DKImagePickerController.swift:281:34: warning: 'keyWindow' was deprecated in iOS 13.0: Should not be used for applications that support multiple scenes as it returns a key window across all connected scenes
	            UIApplication.shared.keyWindow!.rootViewController!.dismiss(animated: true,
	                                 ^
	<REPO>/apps/mobile/ios/Pods/DKImagePickerController/Sources/DKImagePickerController/View/DKAssetGroupDetailVC.swift:344:14: warning: 'frameInterval' was deprecated in iOS 10.0: preferredFramesPerSecond
	        link.frameInterval = 1
	             ^
	<REPO>/apps/mobile/ios/Pods/DKImagePickerController/Sources/Extensions/DKImageExtensionGallery.swift:35:38: warning: 'keyWindow' was deprecated in iOS 13.0: Should not be used for applications that support multiple scenes as it returns a key window across all connected scenes
	                UIApplication.shared.keyWindow!.rootViewController!.present(photoGallery: gallery)
	                                     ^
	<REPO>/apps/mobile/ios/Pods/DKImagePickerController/Sources/DKImagePickerController/View/DKAssetGroupDetailVC.swift:344:14: warning: 'frameInterval' was deprecated in iOS 10.0: preferredFramesPerSecond
	        link.frameInterval = 1
	             ^
	<REPO>/apps/mobile/ios/Pods/DKImagePickerController/Sources/DKImageDataManager/Model/DKAsset.swift:113:31: warning: 'tracks' was deprecated in iOS 16.0: Use load(.tracks) instead
	            for track in self.tracks {
	                              ^
	<REPO>/apps/mobile/ios/Pods/DKImagePickerController/Sources/DKImageDataManager/Model/DKAsset.swift:114:34: warning: 'estimatedDataRate' was deprecated in iOS 16.0: Use load(.estimatedDataRate) instead
	                let rate = track.estimatedDataRate / 8.0
	                                 ^
	<REPO>/apps/mobile/ios/Pods/DKImagePickerController/Sources/DKImageDataManager/Model/DKAsset.swift:115:60: warning: 'timeRange' was deprecated in iOS 16.0: Use load(.timeRange) instead
	                let seconds = Float(CMTimeGetSeconds(track.timeRange.duration))
	                                                           ^
	<REPO>/apps/mobile/ios/Pods/DKImagePickerController/Sources/DKImagePickerController/DKImageAssetExporter.swift:539:32: warning: 'isExportable' was deprecated in iOS 16.0: Use load(.isExportable) instead
	                    if avAsset.isExportable, let exportSession = AVAssetExportSession(asset: avAsset, presetName: self.configuration.videoExportPreset) {
	                               ^
	<REPO>/apps/mobile/ios/Pods/DKImagePickerController/Sources/DKImagePickerController/DKImageAssetExporter.swift:557:38: warning: capture of 'fileManager' with non-Sendable type 'FileManager' in an isolated local function; this is an error in the Swift 6 language mode
	                                try? fileManager.removeItem(at: auxiliaryDirectory)
	                                     ^
	/Applications/Xcode.app/Contents/Developer/Platforms/iPhoneSimulator.platform/Developer/SDKs/iPhoneSimulator26.2.sdk/System/Library/Frameworks/Foundation.framework/Headers/NSFileManager.h:96:12: note: class 'FileManager' does not conform to the 'Sendable' protocol
	@interface NSFileManager : NSObject
	           ^
	<REPO>/apps/mobile/ios/Pods/DKImagePickerController/Sources/DKImagePickerController/View/DKAssetGroupDetailVC.swift:344:14: warning: 'frameInterval' was deprecated in iOS 10.0: preferredFramesPerSecond
	        link.frameInterval = 1
	             ^
	<REPO>/apps/mobile/ios/Pods/DKImagePickerController/Sources/DKImagePickerController/View/DKAssetGroupDetailVC.swift:344:14: warning: 'frameInterval' was deprecated in iOS 10.0: preferredFramesPerSecond
	        link.frameInterval = 1
	             ^
	<REPO>/apps/mobile/ios/Pods/DKImagePickerController/Sources/DKImagePickerController/DKImageAssetExporter.swift:539:32: warning: 'isExportable' was deprecated in iOS 16.0: Use load(.isExportable) instead
	                    if avAsset.isExportable, let exportSession = AVAssetExportSession(asset: avAsset, presetName: self.configuration.videoExportPreset) {
	                               ^
	<REPO>/apps/mobile/ios/Pods/DKImagePickerController/Sources/DKImagePickerController/DKImageAssetExporter.swift:557:38: warning: capture of 'fileManager' with non-Sendable type 'FileManager' in an isolated local function; this is an error in the Swift 6 language mode
	                                try? fileManager.removeItem(at: auxiliaryDirectory)
	                                     ^
	/Applications/Xcode.app/Contents/Developer/Platforms/iPhoneSimulator.platform/Developer/SDKs/iPhoneSimulator26.2.sdk/System/Library/Frameworks/Foundation.framework/Headers/NSFileManager.h:96:12: note: class 'FileManager' does not conform to the 'Sendable' protocol
	@interface NSFileManager : NSObject
	           ^
	<REPO>/apps/mobile/ios/Pods/DKImagePickerController/Sources/DKImagePickerController/DKImagePickerController.swift:265:45: warning: 'keyWindow' was deprecated in iOS 13.0: Should not be used for applications that support multiple scenes as it returns a key window across all connected scenes
	            targetVC = UIApplication.shared.keyWindow!.rootViewController!
	                                            ^
	<REPO>/apps/mobile/ios/Pods/DKImagePickerController/Sources/DKImagePickerController/DKImagePickerController.swift:281:34: warning: 'keyWindow' was deprecated in iOS 13.0: Should not be used for applications that support multiple scenes as it returns a key window across all connected scenes
	            UIApplication.shared.keyWindow!.rootViewController!.dismiss(animated: true,
	                                 ^
	<REPO>/apps/mobile/ios/Pods/DKImagePickerController/Sources/Extensions/DKImageExtensionGallery.swift:35:38: warning: 'keyWindow' was deprecated in iOS 13.0: Should not be used for applications that support multiple scenes as it returns a key window across all connected scenes
	                UIApplication.shared.keyWindow!.rootViewController!.present(photoGallery: gallery)
	                                     ^
	<REPO>/apps/mobile/ios/Pods/DKImagePickerController/Sources/DKImageDataManager/DKImageDataManager.swift:154:43: warning: 'requestImageData(for:options:resultHandler:)' was deprecated in iOS 13
	        let imageRequestID = self.manager.requestImageData(
	                                          ^
	<REPO>/apps/mobile/ios/Pods/DKImagePickerController/Sources/DKImageDataManager/Model/DKAsset.swift:113:31: warning: 'tracks' was deprecated in iOS 16.0: Use load(.tracks) instead
	            for track in self.tracks {
	                              ^
	<REPO>/apps/mobile/ios/Pods/DKImagePickerController/Sources/DKImageDataManager/Model/DKAsset.swift:114:34: warning: 'estimatedDataRate' was deprecated in iOS 16.0: Use load(.estimatedDataRate) instead
	                let rate = track.estimatedDataRate / 8.0
	                                 ^
	<REPO>/apps/mobile/ios/Pods/DKImagePickerController/Sources/DKImageDataManager/Model/DKAsset.swift:115:60: warning: 'timeRange' was deprecated in iOS 16.0: Use load(.timeRange) instead
	                let seconds = Float(CMTimeGetSeconds(track.timeRange.duration))
	                                                           ^
	<REPO>/apps/mobile/ios/Pods/DKImagePickerController/Sources/DKImagePickerController/DKPopoverViewController.swift:30:43: warning: 'keyWindow' was deprecated in iOS 13.0: Should not be used for applications that support multiple scenes as it returns a key window across all connected scenes
	        let window = UIApplication.shared.keyWindow!
	                                          ^
	<REPO>/apps/mobile/ios/Pods/DKImagePickerController/Sources/DKImagePickerController/DKPopoverViewController.swift:43:43: warning: 'keyWindow' was deprecated in iOS 13.0: Should not be used for applications that support multiple scenes as it returns a key window across all connected scenes
	        let window = UIApplication.shared.keyWindow!
	                                          ^
	<REPO>/apps/mobile/ios/Pods/DKImagePickerController/Sources/DKImagePickerController/DKPopoverViewController.swift:30:43: warning: 'keyWindow' was deprecated in iOS 13.0: Should not be used for applications that support multiple scenes as it returns a key window across all connected scenes
	        let window = UIApplication.shared.keyWindow!
	                                          ^
	<REPO>/apps/mobile/ios/Pods/DKImagePickerController/Sources/DKImagePickerController/DKPopoverViewController.swift:43:43: warning: 'keyWindow' was deprecated in iOS 13.0: Should not be used for applications that support multiple scenes as it returns a key window across all connected scenes
	        let window = UIApplication.shared.keyWindow!
	                                          ^
	<HOME>/.pub-cache/hosted/pub.dev/file_picker-8.3.7/ios/file_picker/Sources/file_picker/FileUtils.m:52:31: warning: 'UTTypeCreatePreferredIdentifierForTag' is deprecated: first deprecated in iOS 15.0 - Use the UTType class instead. [-Wdeprecated-declarations]
	   52 |             CFStringRef UTI = UTTypeCreatePreferredIdentifierForTag(kUTTagClassFilenameExtension, (__bridge CFStringRef)[format pathExtension], NULL);
	      |                               ^
	In module 'MobileCoreServices' imported from <HOME>/.pub-cache/hosted/pub.dev/file_picker-8.3.7/ios/file_picker/Sources/file_picker/include/file_picker/FileUtils.h:7:
	In module 'CoreServices' imported from /Applications/Xcode.app/Contents/Developer/Platforms/iPhoneSimulator.platform/Developer/SDKs/iPhoneSimulator.sdk/System/Library/Frameworks/MobileCoreServices.framework/Headers/MobileCoreServices.h:9:
	/Applications/Xcode.app/Contents/Developer/Platforms/iPhoneSimulator.platform/Developer/SDKs/iPhoneSimulator26.2.sdk/System/Library/Frameworks/CoreServices.framework/Headers/UTType.h:317:1: note: 'UTTypeCreatePreferredIdentifierForTag' has been explicitly marked deprecated here
	  317 | UTTypeCreatePreferredIdentifierForTag(
	      | ^
	<HOME>/.pub-cache/hosted/pub.dev/file_picker-8.3.7/ios/file_picker/Sources/file_picker/FileUtils.m:52:69: warning: 'kUTTagClassFilenameExtension' is deprecated: first deprecated in iOS 15.0 - Use UTTagClassFilenameExtension instead. [-Wdeprecated-declarations]
	   52 |             CFStringRef UTI = UTTypeCreatePreferredIdentifierForTag(kUTTagClassFilenameExtension, (__bridge CFStringRef)[format pathExtension], NULL);
	      |                                                                     ^
	In module 'MobileCoreServices' imported from <HOME>/.pub-cache/hosted/pub.dev/file_picker-8.3.7/ios/file_picker/Sources/file_picker/include/file_picker/FileUtils.h:7:
	In module 'CoreServices' imported from /Applications/Xcode.app/Contents/Developer/Platforms/iPhoneSimulator.platform/Developer/SDKs/iPhoneSimulator.sdk/System/Library/Frameworks/MobileCoreServices.framework/Headers/MobileCoreServices.h:9:
	/Applications/Xcode.app/Contents/Developer/Platforms/iPhoneSimulator.platform/Developer/SDKs/iPhoneSimulator26.2.sdk/System/Library/Frameworks/CoreServices.framework/Headers/UTType.h:258:26: note: 'kUTTagClassFilenameExtension' has been explicitly marked deprecated here
	  258 | extern const CFStringRef kUTTagClassFilenameExtension                API_DEPRECATED("Use UTTagClassFilenameExtension instead.", ios(3.0, 15.0), macos(10.3, 12.0), tvos(9.0, 15.0), watchos(1.0, 8.0));
	      |                          ^
	2 warnings generated.
	<HOME>/.pub-cache/hosted/pub.dev/file_picker-8.3.7/ios/file_picker/Sources/file_picker/FilePickerPlugin.m:57:68: warning: 'windows' is deprecated: first deprecated in iOS 15.0 - Use UIWindowScene.windows on a relevant window scene instead [-Wdeprecated-declarations]
	   57 |         for (UIWindow *window in [UIApplication sharedApplication].windows) {
	      |                                                                    ^
	In module 'UIKit' imported from <REPO>/apps/mobile/ios/Pods/Target Support Files/file_picker/file_picker-prefix.pch:2:
	/Applications/Xcode.app/Contents/Developer/Platforms/iPhoneSimulator.platform/Developer/SDKs/iPhoneSimulator26.2.sdk/System/Library/Frameworks/UIKit.framework/Headers/UIApplication.h:109:62: note: 'windows' has been explicitly marked deprecated here
	  109 | @property(nonatomic,readonly) NSArray<__kindof UIWindow *>  *windows API_DEPRECATED("Use UIWindowScene.windows on a relevant window scene instead", ios(2.0, 15.0), visionos(1.0, 1.0)) API_UNAVAILABLE(watchos);
	      |                                                              ^
	<HOME>/.pub-cache/hosted/pub.dev/file_picker-8.3.7/ios/file_picker/Sources/file_picker/FilePickerPlugin.m:199:112: warning: 'UIDocumentPickerModeExportToService' is deprecated: first deprecated in iOS 14.0 - Use appropriate initializers instead [-Wdeprecated-declarations]
	  199 |     self.documentPickerController = [[UIDocumentPickerViewController alloc] initWithURL:destinationPath inMode:UIDocumentPickerModeExportToService];
	      |                                                                                                                ^
	In module 'UIKit' imported from <REPO>/apps/mobile/ios/Pods/Target Support Files/file_picker/file_picker-prefix.pch:2:
	/Applications/Xcode.app/Contents/Developer/Platforms/iPhoneSimulator.platform/Developer/SDKs/iPhoneSimulator26.2.sdk/System/Library/Frameworks/UIKit.framework/Headers/UIDocumentPickerViewController.h:30:29: note: 'UIDocumentPickerMode' has been explicitly marked deprecated here
	   30 | typedef NS_ENUM(NSUInteger, UIDocumentPickerMode) {
	      |                             ^
	<HOME>/.pub-cache/hosted/pub.dev/file_picker-8.3.7/ios/file_picker/Sources/file_picker/FilePickerPlugin.m:199:77: warning: 'initWithURL:inMode:' is deprecated: first deprecated in iOS 14.0 [-Wdeprecated-declarations]
	  199 |     self.documentPickerController = [[UIDocumentPickerViewController alloc] initWithURL:destinationPath inMode:UIDocumentPickerModeExportToService];
	      |                                                                             ^~~~~~~~~~~
	      |                                                                             use initForExportingURLs:asCopy: or initForExportingURLs: instead
	In module 'UIKit' imported from <REPO>/apps/mobile/ios/Pods/Target Support Files/file_picker/file_picker-prefix.pch:2:
	/Applications/Xcode.app/Contents/Developer/Platforms/iPhoneSimulator.platform/Developer/SDKs/iPhoneSimulator26.2.sdk/System/Library/Frameworks/UIKit.framework/Headers/UIDocumentPickerViewController.h:53:1: note: 'initWithURL:inMode:' has been explicitly marked deprecated here
	   53 | - (instancetype)initWithURL:(NSURL *)url inMode:(UIDocumentPickerMode)mode NS_DESIGNATED_INITIALIZER API_DEPRECATED_WITH_REPLACEMENT("use initForExportingURLs:asCopy: or initForExportingURLs: instead", ios(8.0, 14.0), visionos(1.0, 1.0)) API_UNAVAILABLE(tvos, watchos);
	      | ^
	<HOME>/.pub-cache/hosted/pub.dev/file_picker-8.3.7/ios/file_picker/Sources/file_picker/FilePickerPlugin.m:217:64: warning: 'UIDocumentPickerModeOpen' is deprecated: first deprecated in iOS 14.0 - Use appropriate initializers instead [-Wdeprecated-declarations]
	  217 |                                          inMode: isDirectory ? UIDocumentPickerModeOpen : UIDocumentPickerModeImport];
	      |                                                                ^
	In module 'UIKit' imported from <REPO>/apps/mobile/ios/Pods/Target Support Files/file_picker/file_picker-prefix.pch:2:
	/Applications/Xcode.app/Contents/Developer/Platforms/iPhoneSimulator.platform/Developer/SDKs/iPhoneSimulator26.2.sdk/System/Library/Frameworks/UIKit.framework/Headers/UIDocumentPickerViewController.h:30:29: note: 'UIDocumentPickerMode' has been explicitly marked deprecated here
	   30 | typedef NS_ENUM(NSUInteger, UIDocumentPickerMode) {
	      |                             ^
	<HOME>/.pub-cache/hosted/pub.dev/file_picker-8.3.7/ios/file_picker/Sources/file_picker/FilePickerPlugin.m:217:91: warning: 'UIDocumentPickerModeImport' is deprecated: first deprecated in iOS 14.0 - Use appropriate initializers instead [-Wdeprecated-declarations]
	  217 |                                          inMode: isDirectory ? UIDocumentPickerModeOpen : UIDocumentPickerModeImport];
	      |                                                                                           ^
	In module 'UIKit' imported from <REPO>/apps/mobile/ios/Pods/Target Support Files/file_picker/file_picker-prefix.pch:2:
	/Applications/Xcode.app/Contents/Developer/Platforms/iPhoneSimulator.platform/Developer/SDKs/iPhoneSimulator26.2.sdk/System/Library/Frameworks/UIKit.framework/Headers/UIDocumentPickerViewController.h:30:29: note: 'UIDocumentPickerMode' has been explicitly marked deprecated here
	   30 | typedef NS_ENUM(NSUInteger, UIDocumentPickerMode) {
	      |                             ^
	<HOME>/.pub-cache/hosted/pub.dev/file_picker-8.3.7/ios/file_picker/Sources/file_picker/FilePickerPlugin.m:216:42: warning: 'initWithDocumentTypes:inMode:' is deprecated: first deprecated in iOS 14.0 [-Wdeprecated-declarations]
	  216 |                                          initWithDocumentTypes: isDirectory ? @[@"public.folder"] : self.allowedExtensions
	      |                                          ^~~~~~~~~~~~~~~~~~~~~
	      |                                          use initForOpeningContentTypes:asCopy: or initForOpeningContentTypes: instead
	In module 'UIKit' imported from <REPO>/apps/mobile/ios/Pods/Target Support Files/file_picker/file_picker-prefix.pch:2:
	/Applications/Xcode.app/Contents/Developer/Platforms/iPhoneSimulator.platform/Developer/SDKs/iPhoneSimulator26.2.sdk/System/Library/Frameworks/UIKit.framework/Headers/UIDocumentPickerViewController.h:41:1: note: 'initWithDocumentTypes:inMode:' has been explicitly marked deprecated here
	   41 | - (instancetype)initWithDocumentTypes:(NSArray <NSString *>*)allowedUTIs inMode:(UIDocumentPickerMode)mode NS_DESIGNATED_INITIALIZER API_DEPRECATED_WITH_REPLACEMENT("use initForOpeningContentTypes:asCopy: or initForOpeningContentTypes: instead", ios(8.0, 14.0), visionos(1.0, 1.0)) API_UNAVAILABLE(tvos, watchos);
	      | ^
	<HOME>/.pub-cache/hosted/pub.dev/file_picker-8.3.7/ios/file_picker/Sources/file_picker/FilePickerPlugin.m:260:52: warning: 'kUTTypeMovie' is deprecated: first deprecated in iOS 15.0 - Use UTTypeMovie or UTType.movie (swift) instead. [-Wdeprecated-declarations]
	  260 |     NSArray<NSString*> * videoTypes = @[(NSString*)kUTTypeMovie, (NSString*)kUTTypeAVIMovie, (NSString*)kUTTypeVideo, (NSString*)kUTTypeMPEG4];
	      |                                                    ^
	In module 'MobileCoreServices' imported from <HOME>/.pub-cache/hosted/pub.dev/file_picker-8.3.7/ios/file_picker/Sources/file_picker/include/file_picker/FilePickerPlugin.h:5:
	In module 'CoreServices' imported from /Applications/Xcode.app/Contents/Developer/Platforms/iPhoneSimulator.platform/Developer/SDKs/iPhoneSimulator.sdk/System/Library/Frameworks/MobileCoreServices.framework/Headers/MobileCoreServices.h:9:
	/Applications/Xcode.app/Contents/Developer/Platforms/iPhoneSimulator.platform/Developer/SDKs/iPhoneSimulator26.2.sdk/System/Library/Frameworks/CoreServices.framework/Headers/UTCoreTypes.h:880:26: note: 'kUTTypeMovie' has been explicitly marked deprecated here
	  880 | extern const CFStringRef kUTTypeMovie                                API_DEPRECATED("Use UTTypeMovie or UTType.movie (swift) instead.", ios(3.0, 15.0), macos(10.4, 12.0), tvos(9.0, 15.0), watchos(1.0, 8.0));
	      |                          ^
	<HOME>/.pub-cache/hosted/pub.dev/file_picker-8.3.7/ios/file_picker/Sources/file_picker/FilePickerPlugin.m:260:77: warning: 'kUTTypeAVIMovie' is deprecated: first deprecated in iOS 15.0 - Use UTTypeAVI or UTType.avi (swift) instead. [-Wdeprecated-declarations]
	  260 |     NSArray<NSString*> * videoTypes = @[(NSString*)kUTTypeMovie, (NSString*)kUTTypeAVIMovie, (NSString*)kUTTypeVideo, (NSString*)kUTTypeMPEG4];
	      |                                                                             ^
	In module 'MobileCoreServices' imported from <HOME>/.pub-cache/hosted/pub.dev/file_picker-8.3.7/ios/file_picker/Sources/file_picker/include/file_picker/FilePickerPlugin.h:5:
	In module 'CoreServices' imported from /Applications/Xcode.app/Contents/Developer/Platforms/iPhoneSimulator.platform/Developer/SDKs/iPhoneSimulator.sdk/System/Library/Frameworks/MobileCoreServices.framework/Headers/MobileCoreServices.h:9:
	/Applications/Xcode.app/Contents/Developer/Platforms/iPhoneSimulator.platform/Developer/SDKs/iPhoneSimulator26.2.sdk/System/Library/Frameworks/CoreServices.framework/Headers/UTCoreTypes.h:892:26: note: 'kUTTypeAVIMovie' has been explicitly marked deprecated here
	  892 | extern const CFStringRef kUTTypeAVIMovie                             API_DEPRECATED("Use UTTypeAVI or UTType.avi (swift) instead.", ios(8.0, 15.0), macos(10.10, 12.0), tvos(9.0, 15.0), watchos(1.0, 8.0));
	      |                          ^
	<HOME>/.pub-cache/hosted/pub.dev/file_picker-8.3.7/ios/file_picker/Sources/file_picker/FilePickerPlugin.m:260:105: warning: 'kUTTypeVideo' is deprecated: first deprecated in iOS 15.0 - Use UTTypeVideo or UTType.video (swift) instead. [-Wdeprecated-declarations]
	  260 |     NSArray<NSString*> * videoTypes = @[(NSString*)kUTTypeMovie, (NSString*)kUTTypeAVIMovie, (NSString*)kUTTypeVideo, (NSString*)kUTTypeMPEG4];
	      |                                                                                                         ^
	In module 'MobileCoreServices' imported from <HOME>/.pub-cache/hosted/pub.dev/file_picker-8.3.7/ios/file_picker/Sources/file_picker/include/file_picker/FilePickerPlugin.h:5:
	In module 'CoreServices' imported from /Applications/Xcode.app/Contents/Developer/Platforms/iPhoneSimulator.platform/Developer/SDKs/iPhoneSimulator.sdk/System/Library/Frameworks/MobileCoreServices.framework/Headers/MobileCoreServices.h:9:
	/Applications/Xcode.app/Contents/Developer/Platforms/iPhoneSimulator.platform/Developer/SDKs/iPhoneSimulator26.2.sdk/System/Library/Frameworks/CoreServices.framework/Headers/UTCoreTypes.h:881:26: note: 'kUTTypeVideo' has been explicitly marked deprecated here
	  881 | extern const CFStringRef kUTTypeVideo                                API_DEPRECATED("Use UTTypeVideo or UTType.video (swift) instead.", ios(3.0, 15.0), macos(10.4, 12.0), tvos(9.0, 15.0), watchos(1.0, 8.0));
	      |                          ^
	<HOME>/.pub-cache/hosted/pub.dev/file_picker-8.3.7/ios/file_picker/Sources/file_picker/FilePickerPlugin.m:260:130: warning: 'kUTTypeMPEG4' is deprecated: first deprecated in iOS 15.0 - Use UTTypeMPEG4Movie or UTType.mpeg4 (swift) instead. [-Wdeprecated-declarations]
	  260 |     NSArray<NSString*> * videoTypes = @[(NSString*)kUTTypeMovie, (NSString*)kUTTypeAVIMovie, (NSString*)kUTTypeVideo, (NSString*)kUTTypeMPEG4];
	      |                                                                                                                                  ^
	In module 'MobileCoreServices' imported from <HOME>/.pub-cache/hosted/pub.dev/file_picker-8.3.7/ios/file_picker/Sources/file_picker/include/file_picker/FilePickerPlugin.h:5:
	In module 'CoreServices' imported from /Applications/Xcode.app/Contents/Developer/Platforms/iPhoneSimulator.platform/Developer/SDKs/iPhoneSimulator.sdk/System/Library/Frameworks/MobileCoreServices.framework/Headers/MobileCoreServices.h:9:
	/Applications/Xcode.app/Contents/Developer/Platforms/iPhoneSimulator.platform/Developer/SDKs/iPhoneSimulator26.2.sdk/System/Library/Frameworks/CoreServices.framework/Headers/UTCoreTypes.h:888:26: note: 'kUTTypeMPEG4' has been explicitly marked deprecated here
	  888 | extern const CFStringRef kUTTypeMPEG4                                API_DEPRECATED("Use UTTypeMPEG4Movie or UTType.mpeg4 (swift) instead.", ios(3.0, 15.0), macos(10.4, 12.0), tvos(9.0, 15.0), watchos(1.0, 8.0));
	      |                          ^
	<HOME>/.pub-cache/hosted/pub.dev/file_picker-8.3.7/ios/file_picker/Sources/file_picker/FilePickerPlugin.m:261:53: warning: 'kUTTypeImage' is deprecated: first deprecated in iOS 15.0 - Use UTTypeImage or UTType.image (swift) instead. [-Wdeprecated-declarations]
	  261 |     NSArray<NSString*> * imageTypes = @[(NSString *)kUTTypeImage];
	      |                                                     ^
	In module 'MobileCoreServices' imported from <HOME>/.pub-cache/hosted/pub.dev/file_picker-8.3.7/ios/file_picker/Sources/file_picker/include/file_picker/FilePickerPlugin.h:5:
	In module 'CoreServices' imported from /Applications/Xcode.app/Contents/Developer/Platforms/iPhoneSimulator.platform/Developer/SDKs/iPhoneSimulator.sdk/System/Library/Frameworks/MobileCoreServices.framework/Headers/MobileCoreServices.h:9:
	/Applications/Xcode.app/Contents/Developer/Platforms/iPhoneSimulator.platform/Developer/SDKs/iPhoneSimulator26.2.sdk/System/Library/Frameworks/CoreServices.framework/Headers/UTCoreTypes.h:725:26: note: 'kUTTypeImage' has been explicitly marked deprecated here
	  725 | extern const CFStringRef kUTTypeImage                                API_DEPRECATED("Use UTTypeImage or UTType.image (swift) instead.", ios(3.0, 15.0), macos(10.4, 12.0), tvos(9.0, 15.0), watchos(1.0, 8.0));
	      |                          ^
	<HOME>/.pub-cache/hosted/pub.dev/file_picker-8.3.7/ios/file_picker/Sources/file_picker/FilePickerPlugin.m:293:106: warning: 'UIActivityIndicatorViewStyleWhite' is deprecated: first deprecated in iOS 13.0 [-Wdeprecated-declarations]
	  293 |     UIActivityIndicatorView* indicator = [[UIActivityIndicatorView alloc] initWithActivityIndicatorStyle:UIActivityIndicatorViewStyleWhite];
	      |                                                                                                          ^~~~~~~~~~~~~~~~~~~~~~~~~~~~~~~~~
	      |                                                                                                          UIActivityIndicatorViewStyleMedium
	In module 'UIKit' imported from <REPO>/apps/mobile/ios/Pods/Target Support Files/file_picker/file_picker-prefix.pch:2:
	/Applications/Xcode.app/Contents/Developer/Platforms/iPhoneSimulator.platform/Developer/SDKs/iPhoneSimulator26.2.sdk/System/Library/Frameworks/UIKit.framework/Headers/UIActivityIndicatorView.h:19:5: note: 'UIActivityIndicatorViewStyleWhite' has been explicitly marked deprecated here
	   19 |     UIActivityIndicatorViewStyleWhite API_DEPRECATED_WITH_REPLACEMENT("UIActivityIndicatorViewStyleMedium", ios(2.0, 13.0), tvos(9.0, 13.0)) API_UNAVAILABLE(visionos, watchos) = 1,
	      |     ^
	<HOME>/.pub-cache/hosted/pub.dev/file_picker-8.3.7/ios/file_picker/Sources/file_picker/FilePickerPlugin.m:408:19: warning: 'documentPickerMode' is deprecated: first deprecated in iOS 14.0 - Use appropriate initializers instead [-Wdeprecated-declarations]
	  408 |     if(controller.documentPickerMode == UIDocumentPickerModeOpen) {
	      |                   ^
	In module 'UIKit' imported from <REPO>/apps/mobile/ios/Pods/Target Support Files/file_picker/file_picker-prefix.pch:2:
	/Applications/Xcode.app/Contents/Developer/Platforms/iPhoneSimulator.platform/Developer/SDKs/iPhoneSimulator26.2.sdk/System/Library/Frameworks/UIKit.framework/Headers/UIDocumentPickerViewController.h:66:62: note: 'documentPickerMode' has been explicitly marked deprecated here
	   66 | @property (nonatomic, assign, readonly) UIDocumentPickerMode documentPickerMode API_DEPRECATED("Use appropriate initializers instead", ios(8.0, 14.0), visionos(1.0, 1.0)) API_UNAVAILABLE(watchos);
	      |                                                              ^
	<HOME>/.pub-cache/hosted/pub.dev/file_picker-8.3.7/ios/file_picker/Sources/file_picker/FilePickerPlugin.m:408:41: warning: 'UIDocumentPickerModeOpen' is deprecated: first deprecated in iOS 14.0 - Use appropriate initializers instead [-Wdeprecated-declarations]
	  408 |     if(controller.documentPickerMode == UIDocumentPickerModeOpen) {
	      |                                         ^
	In module 'UIKit' imported from <REPO>/apps/mobile/ios/Pods/Target Support Files/file_picker/file_picker-prefix.pch:2:
	/Applications/Xcode.app/Contents/Developer/Platforms/iPhoneSimulator.platform/Developer/SDKs/iPhoneSimulator26.2.sdk/System/Library/Frameworks/UIKit.framework/Headers/UIDocumentPickerViewController.h:30:29: note: 'UIDocumentPickerMode' has been explicitly marked deprecated here
	   30 | typedef NS_ENUM(NSUInteger, UIDocumentPickerMode) {
	      |                             ^
	<HOME>/.pub-cache/hosted/pub.dev/file_picker-8.3.7/ios/file_picker/Sources/file_picker/FilePickerPlugin.m:409:17: warning: incompatible pointer types assigning to 'NSMutableArray<NSURL *> *' from 'NSArray<NSURL *> *' [-Wincompatible-pointer-types]
	  409 |         newUrls = urls;
	      |                 ^ ~~~~
	<HOME>/.pub-cache/hosted/pub.dev/file_picker-8.3.7/ios/file_picker/Sources/file_picker/FilePickerPlugin.m:411:19: warning: 'documentPickerMode' is deprecated: first deprecated in iOS 14.0 - Use appropriate initializers instead [-Wdeprecated-declarations]
	  411 |     if(controller.documentPickerMode == UIDocumentPickerModeImport) {
	      |                   ^
	In module 'UIKit' imported from <REPO>/apps/mobile/ios/Pods/Target Support Files/file_picker/file_picker-prefix.pch:2:
	/Applications/Xcode.app/Contents/Developer/Platforms/iPhoneSimulator.platform/Developer/SDKs/iPhoneSimulator26.2.sdk/System/Library/Frameworks/UIKit.framework/Headers/UIDocumentPickerViewController.h:66:62: note: 'documentPickerMode' has been explicitly marked deprecated here
	   66 | @property (nonatomic, assign, readonly) UIDocumentPickerMode documentPickerMode API_DEPRECATED("Use appropriate initializers instead", ios(8.0, 14.0), visionos(1.0, 1.0)) API_UNAVAILABLE(watchos);
	      |                                                              ^
	<HOME>/.pub-cache/hosted/pub.dev/file_picker-8.3.7/ios/file_picker/Sources/file_picker/FilePickerPlugin.m:411:41: warning: 'UIDocumentPickerModeImport' is deprecated: first deprecated in iOS 14.0 - Use appropriate initializers instead [-Wdeprecated-declarations]
	  411 |     if(controller.documentPickerMode == UIDocumentPickerModeImport) {
	      |                                         ^
	In module 'UIKit' imported from <REPO>/apps/mobile/ios/Pods/Target Support Files/file_picker/file_picker-prefix.pch:2:
	/Applications/Xcode.app/Contents/Developer/Platforms/iPhoneSimulator.platform/Developer/SDKs/iPhoneSimulator26.2.sdk/System/Library/Frameworks/UIKit.framework/Headers/UIDocumentPickerViewController.h:30:29: note: 'UIDocumentPickerMode' has been explicitly marked deprecated here
	   30 | typedef NS_ENUM(NSUInteger, UIDocumentPickerMode) {
	      |                             ^
	<HOME>/.pub-cache/hosted/pub.dev/file_picker-8.3.7/ios/file_picker/Sources/file_picker/FilePickerPlugin.m:438:19: warning: 'documentPickerMode' is deprecated: first deprecated in iOS 14.0 - Use appropriate initializers instead [-Wdeprecated-declarations]
	  438 |     if(controller.documentPickerMode == UIDocumentPickerModeOpen) {
	      |                   ^
	In module 'UIKit' imported from <REPO>/apps/mobile/ios/Pods/Target Support Files/file_picker/file_picker-prefix.pch:2:
	/Applications/Xcode.app/Contents/Developer/Platforms/iPhoneSimulator.platform/Developer/SDKs/iPhoneSimulator26.2.sdk/System/Library/Frameworks/UIKit.framework/Headers/UIDocumentPickerViewController.h:66:62: note: 'documentPickerMode' has been explicitly marked deprecated here
	   66 | @property (nonatomic, assign, readonly) UIDocumentPickerMode documentPickerMode API_DEPRECATED("Use appropriate initializers instead", ios(8.0, 14.0), visionos(1.0, 1.0)) API_UNAVAILABLE(watchos);
	      |                                                              ^
	<HOME>/.pub-cache/hosted/pub.dev/file_picker-8.3.7/ios/file_picker/Sources/file_picker/FilePickerPlugin.m:438:41: warning: 'UIDocumentPickerModeOpen' is deprecated: first deprecated in iOS 14.0 - Use appropriate initializers instead [-Wdeprecated-declarations]
	  438 |     if(controller.documentPickerMode == UIDocumentPickerModeOpen) {
	      |                                         ^
	In module 'UIKit' imported from <REPO>/apps/mobile/ios/Pods/Target Support Files/file_picker/file_picker-prefix.pch:2:
	/Applications/Xcode.app/Contents/Developer/Platforms/iPhoneSimulator.platform/Developer/SDKs/iPhoneSimulator26.2.sdk/System/Library/Frameworks/UIKit.framework/Headers/UIDocumentPickerViewController.h:30:29: note: 'UIDocumentPickerMode' has been explicitly marked deprecated here
	   30 | typedef NS_ENUM(NSUInteger, UIDocumentPickerMode) {
	      |                             ^
	19 warnings generated.
	<HOME>/.pub-cache/hosted/pub.dev/file_picker-8.3.7/ios/file_picker/Sources/file_picker/FileUtils.m:52:31: warning: 'UTTypeCreatePreferredIdentifierForTag' is deprecated: first deprecated in iOS 15.0 - Use the UTType class instead. [-Wdeprecated-declarations]
	   52 |             CFStringRef UTI = UTTypeCreatePreferredIdentifierForTag(kUTTagClassFilenameExtension, (__bridge CFStringRef)[format pathExtension], NULL);
	      |                               ^
	In module 'MobileCoreServices' imported from <HOME>/.pub-cache/hosted/pub.dev/file_picker-8.3.7/ios/file_picker/Sources/file_picker/include/file_picker/FileUtils.h:7:
	In module 'CoreServices' imported from /Applications/Xcode.app/Contents/Developer/Platforms/iPhoneSimulator.platform/Developer/SDKs/iPhoneSimulator.sdk/System/Library/Frameworks/MobileCoreServices.framework/Headers/MobileCoreServices.h:9:
	/Applications/Xcode.app/Contents/Developer/Platforms/iPhoneSimulator.platform/Developer/SDKs/iPhoneSimulator26.2.sdk/System/Library/Frameworks/CoreServices.framework/Headers/UTType.h:317:1: note: 'UTTypeCreatePreferredIdentifierForTag' has been explicitly marked deprecated here
	  317 | UTTypeCreatePreferredIdentifierForTag(
	      | ^
	<HOME>/.pub-cache/hosted/pub.dev/file_picker-8.3.7/ios/file_picker/Sources/file_picker/FileUtils.m:52:69: warning: 'kUTTagClassFilenameExtension' is deprecated: first deprecated in iOS 15.0 - Use UTTagClassFilenameExtension instead. [-Wdeprecated-declarations]
	   52 |             CFStringRef UTI = UTTypeCreatePreferredIdentifierForTag(kUTTagClassFilenameExtension, (__bridge CFStringRef)[format pathExtension], NULL);
	      |                                                                     ^
	In module 'MobileCoreServices' imported from <HOME>/.pub-cache/hosted/pub.dev/file_picker-8.3.7/ios/file_picker/Sources/file_picker/include/file_picker/FileUtils.h:7:
	In module 'CoreServices' imported from /Applications/Xcode.app/Contents/Developer/Platforms/iPhoneSimulator.platform/Developer/SDKs/iPhoneSimulator.sdk/System/Library/Frameworks/MobileCoreServices.framework/Headers/MobileCoreServices.h:9:
	/Applications/Xcode.app/Contents/Developer/Platforms/iPhoneSimulator.platform/Developer/SDKs/iPhoneSimulator26.2.sdk/System/Library/Frameworks/CoreServices.framework/Headers/UTType.h:258:26: note: 'kUTTagClassFilenameExtension' has been explicitly marked deprecated here
	  258 | extern const CFStringRef kUTTagClassFilenameExtension                API_DEPRECATED("Use UTTagClassFilenameExtension instead.", ios(3.0, 15.0), macos(10.3, 12.0), tvos(9.0, 15.0), watchos(1.0, 8.0));
	      |                          ^
	2 warnings generated.
	<HOME>/.pub-cache/hosted/pub.dev/file_picker-8.3.7/ios/file_picker/Sources/file_picker/FilePickerPlugin.m:57:68: warning: 'windows' is deprecated: first deprecated in iOS 15.0 - Use UIWindowScene.windows on a relevant window scene instead [-Wdeprecated-declarations]
	   57 |         for (UIWindow *window in [UIApplication sharedApplication].windows) {
	      |                                                                    ^
	In module 'UIKit' imported from <REPO>/apps/mobile/ios/Pods/Target Support Files/file_picker/file_picker-prefix.pch:2:
	/Applications/Xcode.app/Contents/Developer/Platforms/iPhoneSimulator.platform/Developer/SDKs/iPhoneSimulator26.2.sdk/System/Library/Frameworks/UIKit.framework/Headers/UIApplication.h:109:62: note: 'windows' has been explicitly marked deprecated here
	  109 | @property(nonatomic,readonly) NSArray<__kindof UIWindow *>  *windows API_DEPRECATED("Use UIWindowScene.windows on a relevant window scene instead", ios(2.0, 15.0), visionos(1.0, 1.0)) API_UNAVAILABLE(watchos);
	      |                                                              ^
	<HOME>/.pub-cache/hosted/pub.dev/file_picker-8.3.7/ios/file_picker/Sources/file_picker/FilePickerPlugin.m:199:112: warning: 'UIDocumentPickerModeExportToService' is deprecated: first deprecated in iOS 14.0 - Use appropriate initializers instead [-Wdeprecated-declarations]
	  199 |     self.documentPickerController = [[UIDocumentPickerViewController alloc] initWithURL:destinationPath inMode:UIDocumentPickerModeExportToService];
	      |                                                                                                                ^
	In module 'UIKit' imported from <REPO>/apps/mobile/ios/Pods/Target Support Files/file_picker/file_picker-prefix.pch:2:
	/Applications/Xcode.app/Contents/Developer/Platforms/iPhoneSimulator.platform/Developer/SDKs/iPhoneSimulator26.2.sdk/System/Library/Frameworks/UIKit.framework/Headers/UIDocumentPickerViewController.h:30:29: note: 'UIDocumentPickerMode' has been explicitly marked deprecated here
	   30 | typedef NS_ENUM(NSUInteger, UIDocumentPickerMode) {
	      |                             ^
	<HOME>/.pub-cache/hosted/pub.dev/file_picker-8.3.7/ios/file_picker/Sources/file_picker/FilePickerPlugin.m:199:77: warning: 'initWithURL:inMode:' is deprecated: first deprecated in iOS 14.0 [-Wdeprecated-declarations]
	  199 |     self.documentPickerController = [[UIDocumentPickerViewController alloc] initWithURL:destinationPath inMode:UIDocumentPickerModeExportToService];
	      |                                                                             ^~~~~~~~~~~
	      |                                                                             use initForExportingURLs:asCopy: or initForExportingURLs: instead
	In module 'UIKit' imported from <REPO>/apps/mobile/ios/Pods/Target Support Files/file_picker/file_picker-prefix.pch:2:
	/Applications/Xcode.app/Contents/Developer/Platforms/iPhoneSimulator.platform/Developer/SDKs/iPhoneSimulator26.2.sdk/System/Library/Frameworks/UIKit.framework/Headers/UIDocumentPickerViewController.h:53:1: note: 'initWithURL:inMode:' has been explicitly marked deprecated here
	   53 | - (instancetype)initWithURL:(NSURL *)url inMode:(UIDocumentPickerMode)mode NS_DESIGNATED_INITIALIZER API_DEPRECATED_WITH_REPLACEMENT("use initForExportingURLs:asCopy: or initForExportingURLs: instead", ios(8.0, 14.0), visionos(1.0, 1.0)) API_UNAVAILABLE(tvos, watchos);
	      | ^
	<HOME>/.pub-cache/hosted/pub.dev/file_picker-8.3.7/ios/file_picker/Sources/file_picker/FilePickerPlugin.m:217:64: warning: 'UIDocumentPickerModeOpen' is deprecated: first deprecated in iOS 14.0 - Use appropriate initializers instead [-Wdeprecated-declarations]
	  217 |                                          inMode: isDirectory ? UIDocumentPickerModeOpen : UIDocumentPickerModeImport];
	      |                                                                ^
	In module 'UIKit' imported from <REPO>/apps/mobile/ios/Pods/Target Support Files/file_picker/file_picker-prefix.pch:2:
	/Applications/Xcode.app/Contents/Developer/Platforms/iPhoneSimulator.platform/Developer/SDKs/iPhoneSimulator26.2.sdk/System/Library/Frameworks/UIKit.framework/Headers/UIDocumentPickerViewController.h:30:29: note: 'UIDocumentPickerMode' has been explicitly marked deprecated here
	   30 | typedef NS_ENUM(NSUInteger, UIDocumentPickerMode) {
	      |                             ^
	<HOME>/.pub-cache/hosted/pub.dev/file_picker-8.3.7/ios/file_picker/Sources/file_picker/FilePickerPlugin.m:217:91: warning: 'UIDocumentPickerModeImport' is deprecated: first deprecated in iOS 14.0 - Use appropriate initializers instead [-Wdeprecated-declarations]
	  217 |                                          inMode: isDirectory ? UIDocumentPickerModeOpen : UIDocumentPickerModeImport];
	      |                                                                                           ^
	In module 'UIKit' imported from <REPO>/apps/mobile/ios/Pods/Target Support Files/file_picker/file_picker-prefix.pch:2:
	/Applications/Xcode.app/Contents/Developer/Platforms/iPhoneSimulator.platform/Developer/SDKs/iPhoneSimulator26.2.sdk/System/Library/Frameworks/UIKit.framework/Headers/UIDocumentPickerViewController.h:30:29: note: 'UIDocumentPickerMode' has been explicitly marked deprecated here
	   30 | typedef NS_ENUM(NSUInteger, UIDocumentPickerMode) {
	      |                             ^
	<HOME>/.pub-cache/hosted/pub.dev/file_picker-8.3.7/ios/file_picker/Sources/file_picker/FilePickerPlugin.m:216:42: warning: 'initWithDocumentTypes:inMode:' is deprecated: first deprecated in iOS 14.0 [-Wdeprecated-declarations]
	  216 |                                          initWithDocumentTypes: isDirectory ? @[@"public.folder"] : self.allowedExtensions
	      |                                          ^~~~~~~~~~~~~~~~~~~~~
	      |                                          use initForOpeningContentTypes:asCopy: or initForOpeningContentTypes: instead
	In module 'UIKit' imported from <REPO>/apps/mobile/ios/Pods/Target Support Files/file_picker/file_picker-prefix.pch:2:
	/Applications/Xcode.app/Contents/Developer/Platforms/iPhoneSimulator.platform/Developer/SDKs/iPhoneSimulator26.2.sdk/System/Library/Frameworks/UIKit.framework/Headers/UIDocumentPickerViewController.h:41:1: note: 'initWithDocumentTypes:inMode:' has been explicitly marked deprecated here
	   41 | - (instancetype)initWithDocumentTypes:(NSArray <NSString *>*)allowedUTIs inMode:(UIDocumentPickerMode)mode NS_DESIGNATED_INITIALIZER API_DEPRECATED_WITH_REPLACEMENT("use initForOpeningContentTypes:asCopy: or initForOpeningContentTypes: instead", ios(8.0, 14.0), visionos(1.0, 1.0)) API_UNAVAILABLE(tvos, watchos);
	      | ^
	<HOME>/.pub-cache/hosted/pub.dev/file_picker-8.3.7/ios/file_picker/Sources/file_picker/FilePickerPlugin.m:260:52: warning: 'kUTTypeMovie' is deprecated: first deprecated in iOS 15.0 - Use UTTypeMovie or UTType.movie (swift) instead. [-Wdeprecated-declarations]
	  260 |     NSArray<NSString*> * videoTypes = @[(NSString*)kUTTypeMovie, (NSString*)kUTTypeAVIMovie, (NSString*)kUTTypeVideo, (NSString*)kUTTypeMPEG4];
	      |                                                    ^
	In module 'MobileCoreServices' imported from <HOME>/.pub-cache/hosted/pub.dev/file_picker-8.3.7/ios/file_picker/Sources/file_picker/include/file_picker/FilePickerPlugin.h:5:
	In module 'CoreServices' imported from /Applications/Xcode.app/Contents/Developer/Platforms/iPhoneSimulator.platform/Developer/SDKs/iPhoneSimulator.sdk/System/Library/Frameworks/MobileCoreServices.framework/Headers/MobileCoreServices.h:9:
	/Applications/Xcode.app/Contents/Developer/Platforms/iPhoneSimulator.platform/Developer/SDKs/iPhoneSimulator26.2.sdk/System/Library/Frameworks/CoreServices.framework/Headers/UTCoreTypes.h:880:26: note: 'kUTTypeMovie' has been explicitly marked deprecated here
	  880 | extern const CFStringRef kUTTypeMovie                                API_DEPRECATED("Use UTTypeMovie or UTType.movie (swift) instead.", ios(3.0, 15.0), macos(10.4, 12.0), tvos(9.0, 15.0), watchos(1.0, 8.0));
	      |                          ^
	<HOME>/.pub-cache/hosted/pub.dev/file_picker-8.3.7/ios/file_picker/Sources/file_picker/FilePickerPlugin.m:260:77: warning: 'kUTTypeAVIMovie' is deprecated: first deprecated in iOS 15.0 - Use UTTypeAVI or UTType.avi (swift) instead. [-Wdeprecated-declarations]
	  260 |     NSArray<NSString*> * videoTypes = @[(NSString*)kUTTypeMovie, (NSString*)kUTTypeAVIMovie, (NSString*)kUTTypeVideo, (NSString*)kUTTypeMPEG4];
	      |                                                                             ^
	In module 'MobileCoreServices' imported from <HOME>/.pub-cache/hosted/pub.dev/file_picker-8.3.7/ios/file_picker/Sources/file_picker/include/file_picker/FilePickerPlugin.h:5:
	In module 'CoreServices' imported from /Applications/Xcode.app/Contents/Developer/Platforms/iPhoneSimulator.platform/Developer/SDKs/iPhoneSimulator.sdk/System/Library/Frameworks/MobileCoreServices.framework/Headers/MobileCoreServices.h:9:
	/Applications/Xcode.app/Contents/Developer/Platforms/iPhoneSimulator.platform/Developer/SDKs/iPhoneSimulator26.2.sdk/System/Library/Frameworks/CoreServices.framework/Headers/UTCoreTypes.h:892:26: note: 'kUTTypeAVIMovie' has been explicitly marked deprecated here
	  892 | extern const CFStringRef kUTTypeAVIMovie                             API_DEPRECATED("Use UTTypeAVI or UTType.avi (swift) instead.", ios(8.0, 15.0), macos(10.10, 12.0), tvos(9.0, 15.0), watchos(1.0, 8.0));
	      |                          ^
	<HOME>/.pub-cache/hosted/pub.dev/file_picker-8.3.7/ios/file_picker/Sources/file_picker/FilePickerPlugin.m:260:105: warning: 'kUTTypeVideo' is deprecated: first deprecated in iOS 15.0 - Use UTTypeVideo or UTType.video (swift) instead. [-Wdeprecated-declarations]
	  260 |     NSArray<NSString*> * videoTypes = @[(NSString*)kUTTypeMovie, (NSString*)kUTTypeAVIMovie, (NSString*)kUTTypeVideo, (NSString*)kUTTypeMPEG4];
	      |                                                                                                         ^
	In module 'MobileCoreServices' imported from <HOME>/.pub-cache/hosted/pub.dev/file_picker-8.3.7/ios/file_picker/Sources/file_picker/include/file_picker/FilePickerPlugin.h:5:
	In module 'CoreServices' imported from /Applications/Xcode.app/Contents/Developer/Platforms/iPhoneSimulator.platform/Developer/SDKs/iPhoneSimulator.sdk/System/Library/Frameworks/MobileCoreServices.framework/Headers/MobileCoreServices.h:9:
	/Applications/Xcode.app/Contents/Developer/Platforms/iPhoneSimulator.platform/Developer/SDKs/iPhoneSimulator26.2.sdk/System/Library/Frameworks/CoreServices.framework/Headers/UTCoreTypes.h:881:26: note: 'kUTTypeVideo' has been explicitly marked deprecated here
	  881 | extern const CFStringRef kUTTypeVideo                                API_DEPRECATED("Use UTTypeVideo or UTType.video (swift) instead.", ios(3.0, 15.0), macos(10.4, 12.0), tvos(9.0, 15.0), watchos(1.0, 8.0));
	      |                          ^
	<HOME>/.pub-cache/hosted/pub.dev/file_picker-8.3.7/ios/file_picker/Sources/file_picker/FilePickerPlugin.m:260:130: warning: 'kUTTypeMPEG4' is deprecated: first deprecated in iOS 15.0 - Use UTTypeMPEG4Movie or UTType.mpeg4 (swift) instead. [-Wdeprecated-declarations]
	  260 |     NSArray<NSString*> * videoTypes = @[(NSString*)kUTTypeMovie, (NSString*)kUTTypeAVIMovie, (NSString*)kUTTypeVideo, (NSString*)kUTTypeMPEG4];
	      |                                                                                                                                  ^
	In module 'MobileCoreServices' imported from <HOME>/.pub-cache/hosted/pub.dev/file_picker-8.3.7/ios/file_picker/Sources/file_picker/include/file_picker/FilePickerPlugin.h:5:
	In module 'CoreServices' imported from /Applications/Xcode.app/Contents/Developer/Platforms/iPhoneSimulator.platform/Developer/SDKs/iPhoneSimulator.sdk/System/Library/Frameworks/MobileCoreServices.framework/Headers/MobileCoreServices.h:9:
	/Applications/Xcode.app/Contents/Developer/Platforms/iPhoneSimulator.platform/Developer/SDKs/iPhoneSimulator26.2.sdk/System/Library/Frameworks/CoreServices.framework/Headers/UTCoreTypes.h:888:26: note: 'kUTTypeMPEG4' has been explicitly marked deprecated here
	  888 | extern const CFStringRef kUTTypeMPEG4                                API_DEPRECATED("Use UTTypeMPEG4Movie or UTType.mpeg4 (swift) instead.", ios(3.0, 15.0), macos(10.4, 12.0), tvos(9.0, 15.0), watchos(1.0, 8.0));
	      |                          ^
	<HOME>/.pub-cache/hosted/pub.dev/file_picker-8.3.7/ios/file_picker/Sources/file_picker/FilePickerPlugin.m:261:53: warning: 'kUTTypeImage' is deprecated: first deprecated in iOS 15.0 - Use UTTypeImage or UTType.image (swift) instead. [-Wdeprecated-declarations]
	  261 |     NSArray<NSString*> * imageTypes = @[(NSString *)kUTTypeImage];
	      |                                                     ^
	In module 'MobileCoreServices' imported from <HOME>/.pub-cache/hosted/pub.dev/file_picker-8.3.7/ios/file_picker/Sources/file_picker/include/file_picker/FilePickerPlugin.h:5:
	In module 'CoreServices' imported from /Applications/Xcode.app/Contents/Developer/Platforms/iPhoneSimulator.platform/Developer/SDKs/iPhoneSimulator.sdk/System/Library/Frameworks/MobileCoreServices.framework/Headers/MobileCoreServices.h:9:
	/Applications/Xcode.app/Contents/Developer/Platforms/iPhoneSimulator.platform/Developer/SDKs/iPhoneSimulator26.2.sdk/System/Library/Frameworks/CoreServices.framework/Headers/UTCoreTypes.h:725:26: note: 'kUTTypeImage' has been explicitly marked deprecated here
	  725 | extern const CFStringRef kUTTypeImage                                API_DEPRECATED("Use UTTypeImage or UTType.image (swift) instead.", ios(3.0, 15.0), macos(10.4, 12.0), tvos(9.0, 15.0), watchos(1.0, 8.0));
	      |                          ^
	<HOME>/.pub-cache/hosted/pub.dev/file_picker-8.3.7/ios/file_picker/Sources/file_picker/FilePickerPlugin.m:293:106: warning: 'UIActivityIndicatorViewStyleWhite' is deprecated: first deprecated in iOS 13.0 [-Wdeprecated-declarations]
	  293 |     UIActivityIndicatorView* indicator = [[UIActivityIndicatorView alloc] initWithActivityIndicatorStyle:UIActivityIndicatorViewStyleWhite];
	      |                                                                                                          ^~~~~~~~~~~~~~~~~~~~~~~~~~~~~~~~~
	      |                                                                                                          UIActivityIndicatorViewStyleMedium
	In module 'UIKit' imported from <REPO>/apps/mobile/ios/Pods/Target Support Files/file_picker/file_picker-prefix.pch:2:
	/Applications/Xcode.app/Contents/Developer/Platforms/iPhoneSimulator.platform/Developer/SDKs/iPhoneSimulator26.2.sdk/System/Library/Frameworks/UIKit.framework/Headers/UIActivityIndicatorView.h:19:5: note: 'UIActivityIndicatorViewStyleWhite' has been explicitly marked deprecated here
	   19 |     UIActivityIndicatorViewStyleWhite API_DEPRECATED_WITH_REPLACEMENT("UIActivityIndicatorViewStyleMedium", ios(2.0, 13.0), tvos(9.0, 13.0)) API_UNAVAILABLE(visionos, watchos) = 1,
	      |     ^
	<HOME>/.pub-cache/hosted/pub.dev/file_picker-8.3.7/ios/file_picker/Sources/file_picker/FilePickerPlugin.m:408:19: warning: 'documentPickerMode' is deprecated: first deprecated in iOS 14.0 - Use appropriate initializers instead [-Wdeprecated-declarations]
	  408 |     if(controller.documentPickerMode == UIDocumentPickerModeOpen) {
	      |                   ^
	In module 'UIKit' imported from <REPO>/apps/mobile/ios/Pods/Target Support Files/file_picker/file_picker-prefix.pch:2:
	/Applications/Xcode.app/Contents/Developer/Platforms/iPhoneSimulator.platform/Developer/SDKs/iPhoneSimulator26.2.sdk/System/Library/Frameworks/UIKit.framework/Headers/UIDocumentPickerViewController.h:66:62: note: 'documentPickerMode' has been explicitly marked deprecated here
	   66 | @property (nonatomic, assign, readonly) UIDocumentPickerMode documentPickerMode API_DEPRECATED("Use appropriate initializers instead", ios(8.0, 14.0), visionos(1.0, 1.0)) API_UNAVAILABLE(watchos);
	      |                                                              ^
	<HOME>/.pub-cache/hosted/pub.dev/file_picker-8.3.7/ios/file_picker/Sources/file_picker/FilePickerPlugin.m:408:41: warning: 'UIDocumentPickerModeOpen' is deprecated: first deprecated in iOS 14.0 - Use appropriate initializers instead [-Wdeprecated-declarations]
	  408 |     if(controller.documentPickerMode == UIDocumentPickerModeOpen) {
	      |                                         ^
	In module 'UIKit' imported from <REPO>/apps/mobile/ios/Pods/Target Support Files/file_picker/file_picker-prefix.pch:2:
	/Applications/Xcode.app/Contents/Developer/Platforms/iPhoneSimulator.platform/Developer/SDKs/iPhoneSimulator26.2.sdk/System/Library/Frameworks/UIKit.framework/Headers/UIDocumentPickerViewController.h:30:29: note: 'UIDocumentPickerMode' has been explicitly marked deprecated here
	   30 | typedef NS_ENUM(NSUInteger, UIDocumentPickerMode) {
	      |                             ^
	<HOME>/.pub-cache/hosted/pub.dev/file_picker-8.3.7/ios/file_picker/Sources/file_picker/FilePickerPlugin.m:409:17: warning: incompatible pointer types assigning to 'NSMutableArray<NSURL *> *' from 'NSArray<NSURL *> *' [-Wincompatible-pointer-types]
	  409 |         newUrls = urls;
	      |                 ^ ~~~~
	<HOME>/.pub-cache/hosted/pub.dev/file_picker-8.3.7/ios/file_picker/Sources/file_picker/FilePickerPlugin.m:411:19: warning: 'documentPickerMode' is deprecated: first deprecated in iOS 14.0 - Use appropriate initializers instead [-Wdeprecated-declarations]
	  411 |     if(controller.documentPickerMode == UIDocumentPickerModeImport) {
	      |                   ^
	In module 'UIKit' imported from <REPO>/apps/mobile/ios/Pods/Target Support Files/file_picker/file_picker-prefix.pch:2:
	/Applications/Xcode.app/Contents/Developer/Platforms/iPhoneSimulator.platform/Developer/SDKs/iPhoneSimulator26.2.sdk/System/Library/Frameworks/UIKit.framework/Headers/UIDocumentPickerViewController.h:66:62: note: 'documentPickerMode' has been explicitly marked deprecated here
	   66 | @property (nonatomic, assign, readonly) UIDocumentPickerMode documentPickerMode API_DEPRECATED("Use appropriate initializers instead", ios(8.0, 14.0), visionos(1.0, 1.0)) API_UNAVAILABLE(watchos);
	      |                                                              ^
	<HOME>/.pub-cache/hosted/pub.dev/file_picker-8.3.7/ios/file_picker/Sources/file_picker/FilePickerPlugin.m:411:41: warning: 'UIDocumentPickerModeImport' is deprecated: first deprecated in iOS 14.0 - Use appropriate initializers instead [-Wdeprecated-declarations]
	  411 |     if(controller.documentPickerMode == UIDocumentPickerModeImport) {
	      |                                         ^
	In module 'UIKit' imported from <REPO>/apps/mobile/ios/Pods/Target Support Files/file_picker/file_picker-prefix.pch:2:
	/Applications/Xcode.app/Contents/Developer/Platforms/iPhoneSimulator.platform/Developer/SDKs/iPhoneSimulator26.2.sdk/System/Library/Frameworks/UIKit.framework/Headers/UIDocumentPickerViewController.h:30:29: note: 'UIDocumentPickerMode' has been explicitly marked deprecated here
	   30 | typedef NS_ENUM(NSUInteger, UIDocumentPickerMode) {
	      |                             ^
	<HOME>/.pub-cache/hosted/pub.dev/file_picker-8.3.7/ios/file_picker/Sources/file_picker/FilePickerPlugin.m:438:19: warning: 'documentPickerMode' is deprecated: first deprecated in iOS 14.0 - Use appropriate initializers instead [-Wdeprecated-declarations]
	  438 |     if(controller.documentPickerMode == UIDocumentPickerModeOpen) {
	      |                   ^
	In module 'UIKit' imported from <REPO>/apps/mobile/ios/Pods/Target Support Files/file_picker/file_picker-prefix.pch:2:
	/Applications/Xcode.app/Contents/Developer/Platforms/iPhoneSimulator.platform/Developer/SDKs/iPhoneSimulator26.2.sdk/System/Library/Frameworks/UIKit.framework/Headers/UIDocumentPickerViewController.h:66:62: note: 'documentPickerMode' has been explicitly marked deprecated here
	   66 | @property (nonatomic, assign, readonly) UIDocumentPickerMode documentPickerMode API_DEPRECATED("Use appropriate initializers instead", ios(8.0, 14.0), visionos(1.0, 1.0)) API_UNAVAILABLE(watchos);
	      |                                                              ^
	<HOME>/.pub-cache/hosted/pub.dev/file_picker-8.3.7/ios/file_picker/Sources/file_picker/FilePickerPlugin.m:438:41: warning: 'UIDocumentPickerModeOpen' is deprecated: first deprecated in iOS 14.0 - Use appropriate initializers instead [-Wdeprecated-declarations]
	  438 |     if(controller.documentPickerMode == UIDocumentPickerModeOpen) {
	      |                                         ^
	In module 'UIKit' imported from <REPO>/apps/mobile/ios/Pods/Target Support Files/file_picker/file_picker-prefix.pch:2:
	/Applications/Xcode.app/Contents/Developer/Platforms/iPhoneSimulator.platform/Developer/SDKs/iPhoneSimulator26.2.sdk/System/Library/Frameworks/UIKit.framework/Headers/UIDocumentPickerViewController.h:30:29: note: 'UIDocumentPickerMode' has been explicitly marked deprecated here
	   30 | typedef NS_ENUM(NSUInteger, UIDocumentPickerMode) {
	      |                             ^
	19 warnings generated.
	While building module 'in_app_purchase_storekit':
	In file included from <module-includes>:1:
	In file included from /private<TMP>mint-front01-build.9FbEZo/build/ios_integ/Build/Products/Debug-iphonesimulator/in_app_purchase_storekit/in_app_purchase_storekit.framework/Headers/in_app_purchase_storekit-umbrella.h:14:
	In file included from /private<TMP>mint-front01-build.9FbEZo/build/ios_integ/Build/Products/Debug-iphonesimulator/in_app_purchase_storekit/in_app_purchase_storekit.framework/Headers/FIAPaymentQueueHandler.h:8:
	/private<TMP>mint-front01-build.9FbEZo/build/ios_integ/Build/Products/Debug-iphonesimulator/in_app_purchase_storekit/in_app_purchase_storekit.framework/Headers/FLTPaymentQueueHandlerProtocol.h:16:42: warning: 'SKDownload' is deprecated: first deprecated in iOS 16.0 - Hosted content is no longer supported. [-Wdeprecated-declarations]
	   16 | typedef void (^UpdatedDownloads)(NSArray<SKDownload *> *downloads);
	      |                                          ^
	In module 'StoreKit' imported from /private<TMP>mint-front01-build.9FbEZo/build/ios_integ/Build/Products/Debug-iphonesimulator/in_app_purchase_storekit/in_app_purchase_storekit.framework/Headers/FIAObjectTranslator.h:6:
	/Applications/Xcode.app/Contents/Developer/Platforms/iPhoneSimulator.platform/Developer/SDKs/iPhoneSimulator26.2.sdk/System/Library/Frameworks/StoreKit.framework/Headers/SKDownload.h:26:182: note: 'SKDownload' has been explicitly marked deprecated here
	   26 | SK_EXTERN_CLASS API_DEPRECATED("Hosted content is no longer supported.", ios(6.0, 16.0), macos(10.8, 13.0), tvos(9.0, 16.0), watchos(6.2, 9.0)) API_UNAVAILABLE(visionos) @interface SKDownload : NSObject {
	      |                                                                                                                                                                                      ^
	1 warning generated.
	While building module 'in_app_purchase_storekit':
	In file included from <module-includes>:1:
	In file included from /private<TMP>mint-front01-build.9FbEZo/build/ios_integ/Build/Products/Debug-iphonesimulator/in_app_purchase_storekit/in_app_purchase_storekit.framework/Headers/in_app_purchase_storekit-umbrella.h:14:
	In file included from /private<TMP>mint-front01-build.9FbEZo/build/ios_integ/Build/Products/Debug-iphonesimulator/in_app_purchase_storekit/in_app_purchase_storekit.framework/Headers/FIAPaymentQueueHandler.h:8:
	/private<TMP>mint-front01-build.9FbEZo/build/ios_integ/Build/Products/Debug-iphonesimulator/in_app_purchase_storekit/in_app_purchase_storekit.framework/Headers/FLTPaymentQueueHandlerProtocol.h:16:42: warning: 'SKDownload' is deprecated: first deprecated in iOS 16.0 - Hosted content is no longer supported. [-Wdeprecated-declarations]
	   16 | typedef void (^UpdatedDownloads)(NSArray<SKDownload *> *downloads);
	      |                                          ^
	In module 'StoreKit' imported from /private<TMP>mint-front01-build.9FbEZo/build/ios_integ/Build/Products/Debug-iphonesimulator/in_app_purchase_storekit/in_app_purchase_storekit.framework/Headers/FIAObjectTranslator.h:6:
	/Applications/Xcode.app/Contents/Developer/Platforms/iPhoneSimulator.platform/Developer/SDKs/iPhoneSimulator26.2.sdk/System/Library/Frameworks/StoreKit.framework/Headers/SKDownload.h:26:182: note: 'SKDownload' has been explicitly marked deprecated here
	   26 | SK_EXTERN_CLASS API_DEPRECATED("Hosted content is no longer supported.", ios(6.0, 16.0), macos(10.8, 13.0), tvos(9.0, 16.0), watchos(6.2, 9.0)) API_UNAVAILABLE(visionos) @interface SKDownload : NSObject {
	      |                                                                                                                                                                                      ^
	1 warning generated.
	<REPO>/apps/mobile/ios/RunnerUITests/RunnerUITests.m:5:1: warning: unused variable 'result' [-Wunused-variable]
	    5 | PATROL_INTEGRATION_TEST_IOS_RUNNER(RunnerUITests)
	      | ^~~~~~~~~~~~~~~~~~~~~~~~~~~~~~~~~~~~~~~~~~~~~~~~~
	In module 'patrol' imported from <REPO>/apps/mobile/ios/RunnerUITests/RunnerUITests.m:2:
	/private<TMP>mint-front01-build.9FbEZo/build/ios_integ/Build/Products/Debug-iphonesimulator/patrol/patrol.framework/Headers/PatrolIntegrationTestIosRunner.h:38:10: note: expanded from macro 'PATROL_INTEGRATION_TEST_IOS_RUNNER'
	   38 |     BOOL result = [super instancesRespondToSelector:aSelector];                                                 \
	      |          ^~~~~~
	<REPO>/apps/mobile/ios/RunnerUITests/RunnerUITests.m:5:1: warning: format specifies type 'id' but the argument has type 'NSError * _Nullable __autoreleasing * _Nullable' [-Wformat]
	    5 | PATROL_INTEGRATION_TEST_IOS_RUNNER(RunnerUITests)
	      | ^~~~~~~~~~~~~~~~~~~~~~~~~~~~~~~~~~~~~~~~~~~~~~~~~
	In module 'patrol' imported from <REPO>/apps/mobile/ios/RunnerUITests/RunnerUITests.m:2:
	/private<TMP>mint-front01-build.9FbEZo/build/ios_integ/Build/Products/Debug-iphonesimulator/patrol/patrol.framework/Headers/PatrolIntegrationTestIosRunner.h:161:55: note: expanded from macro 'PATROL_INTEGRATION_TEST_IOS_RUNNER'
	  161 |       NSLog(@"patrolServer.start(): failed, err: %@", err);                                                     \
	      |                                                  ~~   ^~~
	2 warnings generated.
	<REPO>/apps/mobile/ios/RunnerUITests/RunnerUITests.m:5:1: warning: unused variable 'result' [-Wunused-variable]
	    5 | PATROL_INTEGRATION_TEST_IOS_RUNNER(RunnerUITests)
	      | ^~~~~~~~~~~~~~~~~~~~~~~~~~~~~~~~~~~~~~~~~~~~~~~~~
	In module 'patrol' imported from <REPO>/apps/mobile/ios/RunnerUITests/RunnerUITests.m:2:
	/private<TMP>mint-front01-build.9FbEZo/build/ios_integ/Build/Products/Debug-iphonesimulator/patrol/patrol.framework/Headers/PatrolIntegrationTestIosRunner.h:38:10: note: expanded from macro 'PATROL_INTEGRATION_TEST_IOS_RUNNER'
	   38 |     BOOL result = [super instancesRespondToSelector:aSelector];                                                 \
	      |          ^~~~~~
	<REPO>/apps/mobile/ios/RunnerUITests/RunnerUITests.m:5:1: warning: format specifies type 'id' but the argument has type 'NSError * _Nullable __autoreleasing * _Nullable' [-Wformat]
	    5 | PATROL_INTEGRATION_TEST_IOS_RUNNER(RunnerUITests)
	      | ^~~~~~~~~~~~~~~~~~~~~~~~~~~~~~~~~~~~~~~~~~~~~~~~~
	In module 'patrol' imported from <REPO>/apps/mobile/ios/RunnerUITests/RunnerUITests.m:2:
	/private<TMP>mint-front01-build.9FbEZo/build/ios_integ/Build/Products/Debug-iphonesimulator/patrol/patrol.framework/Headers/PatrolIntegrationTestIosRunner.h:161:55: note: expanded from macro 'PATROL_INTEGRATION_TEST_IOS_RUNNER'
	  161 |       NSLog(@"patrolServer.start(): failed, err: %@", err);                                                     \
	      |                                                  ~~   ^~~
	2 warnings generated.
	note: Run script build phase 'Strip xattrs before codesign' will be run during every build because the option to run the script phase "Based on dependency analysis" is unchecked. (in target 'RunnerUITests' from project 'Runner')
	warning: Run script build phase 'Embed Flutter framework for Patrol' will be run during every build because it does not specify any outputs. To address this issue, either add output dependencies to the script phase, or configure it to run in every build by unchecking "Based on dependency analysis" in the script phase. (in target 'RunnerUITests' from project 'Runner')
	note: Run script build phase 'Strip xattrs before codesign' will be run during every build because the option to run the script phase "Based on dependency analysis" is unchecked. (in target 'RunnerTests' from project 'Runner')
	note: Run script build phase 'Strip xattrs before codesign' will be run during every build because the option to run the script phase "Based on dependency analysis" is unchecked. (in target 'Runner' from project 'Runner')
	note: Run script build phase 'Run Script' will be run during every build because the option to run the script phase "Based on dependency analysis" is unchecked. (in target 'Runner' from project 'Runner')
	note: Run script build phase 'Thin Binary' will be run during every build because the option to run the script phase "Based on dependency analysis" is unchecked. (in target 'Runner' from project 'Runner')
✓ Completed building app with entrypoint test_bundle.dart for iOS simulator (56.6s)
$ xcodebuild -showsdks -json
Assuming SDK version 26.2 for iphonesimulator
Looking for .xctestrun matching Runner_*iphonesimulator26.2*.xctestrun at <REPO>/apps/mobile/build/ios_integ/Build/Products
Found 1 match(es), the first one will be used
Found <REPO>/apps/mobile/build/ios_integ/Build/Products/Runner_iphonesimulator26.2-arm64-x86_64.xctestrun
$ /usr/libexec/PlistBuddy -c Print :RunnerUITests:UITargetAppEnvironmentVariables:DYLD_FRAMEWORK_PATH <REPO>/apps/mobile/build/ios_integ/Build/Products/Runner_iphonesimulator26.2-arm64-x86_64.xctestrun
$ /usr/libexec/PlistBuddy -c Set :RunnerUITests:UITargetAppEnvironmentVariables:DYLD_FRAMEWORK_PATH <REPO>/apps/mobile/build/ios_integ/Build/Products/Debug-iphonesimulator:__PLATFORMS__/iPhoneSimulator.platform/Developer/Library/Frameworks <REPO>/apps/mobile/build/ios_integ/Build/Products/Runner_iphonesimulator26.2-arm64-x86_64.xctestrun
Patched xctestrun: added platform frameworks to UITargetAppEnvironmentVariables.DYLD_FRAMEWORK_PATH
build/ios_integ/Build/Products/Debug-iphonesimulator/Runner.app (app under test)
build/ios_integ/Build/Products/Debug-iphonesimulator/RunnerUITests-Runner.app (test instrumentation app)
$ xcodebuild -showsdks -json
Assuming SDK version 26.2 for iphonesimulator
Looking for .xctestrun matching Runner_*iphonesimulator26.2*.xctestrun at build/ios_integ/Build/Products
Found 1 match(es), the first one will be used
Found <REPO>/apps/mobile/build/ios_integ/Build/Products/Runner_iphonesimulator26.2-arm64-x86_64.xctestrun
build/ios_integ/Build/Products/Runner_iphonesimulator26.2-arm64-x86_64.xctestrun (xctestrun file)
Command line invocation:
    /Applications/Xcode.app/Contents/Developer/usr/bin/xcodebuild test-without-building -xctestrun /private<TMP>mint-front01-build.9FbEZo/build/ios_integ/Build/Products/Runner_iphonesimulator26.2-arm64-x86_64.xctestrun -only-testing RunnerUITests/RunnerUITests -destination "platform=iOS Simulator,id=<DEVICE>" -resultBundlePath /private<TMP>mint-front01-build.9FbEZo/build/front01.xcresult

2026-07-17 17:59:15.124 xcodebuild[80438:8739489] [MT] IDERunDestination: Supported platforms for the buildables in the current scheme is empty.
Writing result bundle at path:
	/private<TMP>mint-front01-build.9FbEZo/build/front01.xcresult

2026-07-17 17:59:15.127 xcodebuild[80438:8739489] [MT] IDERunDestination: Supported platforms for the buildables in the current scheme is empty.
2026-07-17 17:59:15.472 xcodebuild[80438:8739489] [MT] IDERunDestination: Supported platforms for the buildables in the current scheme is empty.
2026-07-17 17:59:16.833031+0200 RunnerUITests-Runner[80646:8742916] [Default] Running tests...
objc[80646]: Class FileUtils is implemented in both /Library/Developer/CoreSimulator/Volumes/iOS_23C54/Library/Developer/CoreSimulator/Profiles/Runtimes/iOS 26.2.simruntime/Contents/Resources/RuntimeRoot/System/Library/PrivateFrameworks/OSAnalytics.framework/OSAnalytics (0x1f386e4b8) and <HOME>/Library/Developer/CoreSimulator/Devices/<DEVICE>/data/Containers/Bundle/Application/<DEVICE>/RunnerUITests-Runner.app/PlugIns/RunnerUITests.xctest/RunnerUITests (0x110b3d9e8). This may cause spurious casting failures and mysterious crashes. One of the duplicates must be removed or renamed.
    t =      nans Interface orientation changed to Portrait
2026-07-17 17:59:19.024607+0200 RunnerUITests-Runner[80646:8742916] PatrolServer: INFO: PATROL_TEST_PORT is null, falling back to default (8081)
2026-07-17 17:59:19.024667+0200 RunnerUITests-Runner[80646:8742916] PatrolServer: INFO: PatrolServer constructor called
2026-07-17 17:59:19.024755+0200 RunnerUITests-Runner[80646:8742916] PatrolServer: INFO: PATROL_ENABLED flag is defined
2026-07-17 17:59:19.029506+0200 RunnerUITests-Runner[80646:8742916] PatrolServer: INFO: Starting server...
2026-07-17 17:59:19.033034+0200 RunnerUITests-Runner[80646:8742916] PatrolServer: INFO: Server started on http://0.0.0.0:8081
2026-07-17 17:59:19.033170+0200 RunnerUITests-Runner[80646:8742916] PatrolServer: INFO: PATROL_APP_PORT is null, falling back to default (8082)
2026-07-17 17:59:19.033215+0200 RunnerUITests-Runner[80646:8742916] PatrolAppServiceClient: created, port: 8082
    t =      nans Checking existence of `"Allow" Button`
    t =      nans Open ch.mint.app
    t =      nans     Launch ch.mint.app
    t =      nans         Setting up automation session
    t =      nans         Wait for ch.mint.app to idle
2026-07-17 17:59:21.107539+0200 RunnerUITests-Runner[80646:8743506] PatrolServer: INFO: App reported that it is ready
2026-07-17 17:59:22.134918+0200 RunnerUITests-Runner[80646:8742916] PatrolAppServiceClient.listDartTests()
2026-07-17 17:59:22.158243+0200 RunnerUITests-Runner[80646:8743505] [connection] nw_socket_handle_socket_event [C1.1.1:1] Socket SO_ERROR [61: Connection refused]
2026-07-17 17:59:22.158332+0200 RunnerUITests-Runner[80646:8743505] [connection] nw_endpoint_flow_failed_with_error [C1.1.1 ::1.8082 in_progress socket-flow (satisfied (Path is satisfied), interface: lo0)] already failing, returning
2026-07-17 17:59:22.175644+0200 RunnerUITests-Runner[80646:8743506] PatrolAppServiceClient.listDartTests(): succeeded
2026-07-17 17:59:23.139249+0200 RunnerUITests-Runner[80646:8742916] Got 1 Dart tests: (
        {
        name = "g1_front01_frontier_jurisdiction_runtime_test collects the canonical frontier jurisdictions without inventing a result";
        skip = 0;
    }
)
2026-07-17 17:59:23.139708+0200 RunnerUITests-Runner[80646:8742916] RunnerUITests.testInvocations(): selectorName = g1_front01_frontier_jurisdiction_runtime_test collects the canonical frontier jurisdictions without inventing a result, signature: <NSMethodSignature: 0xa79f998850085fc7>
Test Suite 'Selected tests' started at 2026-07-17 17:59:23.157.
Test Suite 'RunnerUITests.xctest' started at 2026-07-17 17:59:23.157.
Test Suite 'RunnerUITests' started at 2026-07-17 17:59:23.157.
Test Case '-[RunnerUITests g1_front01_frontier_jurisdiction_runtime_test collects the canonical frontier jurisdictions without inventing a result]' started.
    t =     0.00s Start Test at 2026-07-17 17:59:23.158
    t =     0.02s Set Up
2026-07-17 17:59:23.173108+0200 RunnerUITests-Runner[80646:8742916] RunnerUITests running Dart test: g1_front01_frontier_jurisdiction_runtime_test collects the canonical frontier jurisdictions without inventing a result
    t =     0.02s Open ch.mint.app
    t =     0.02s     Launch ch.mint.app
    t =     0.02s         Terminate ch.mint.app:81018
    t =     1.28s         Setting up automation session
    t =     1.88s         Wait for ch.mint.app to idle
2026-07-17 17:59:25.439069+0200 RunnerUITests-Runner[80646:8743509] PatrolServer: INFO: App reported that it is ready
2026-07-17 17:59:27.529019+0200 RunnerUITests-Runner[80646:8742916] PatrolAppServiceClient.runDartTest(g1_front01_frontier_jurisdiction_runtime_test collects the canonical frontier jurisdictions without inventing a result)
2026-07-17 17:59:27.538245+0200 RunnerUITests-Runner[80646:8743505] [connection] nw_socket_handle_socket_event [C2.1.1:1] Socket SO_ERROR [61: Connection refused]
2026-07-17 17:59:27.538338+0200 RunnerUITests-Runner[80646:8743505] [connection] nw_endpoint_flow_failed_with_error [C2.1.1 ::1.8082 in_progress socket-flow (satisfied (Path is satisfied), interface: lo0)] already failing, returning
Detected file type 'PNG' from extension
Wrote screenshot to: <TMP>mint-front01.hAu3oq/final.png
2026-07-17 17:59:40.884159+0200 RunnerUITests-Runner[80646:8743508] runDartTest("g1_front01_frontier_jurisdiction_runtime_test collects the canonical frontier jurisdictions without inventing a result"): call finished, test result: PASSED
    t =    18.45s Tear Down
Test Case '-[RunnerUITests g1_front01_frontier_jurisdiction_runtime_test collects the canonical frontier jurisdictions without inventing a result]' passed (18.678 seconds).
Test Suite 'RunnerUITests' passed at 2026-07-17 17:59:41.837.
	 Executed 1 test, with 0 failures (0 unexpected) in 18.678 (18.680) seconds
Test Suite 'RunnerUITests.xctest' passed at 2026-07-17 17:59:41.838.
	 Executed 1 test, with 0 failures (0 unexpected) in 18.678 (18.680) seconds
Test Suite 'Selected tests' passed at 2026-07-17 17:59:41.838.
	 Executed 1 test, with 0 failures (0 unexpected) in 18.678 (18.681) seconds
2026-07-17 17:59:42.162 xcodebuild[80438:8739489] [MT] IDETestOperationsObserverDebug: 26.671 elapsed -- Testing started completed.
2026-07-17 17:59:42.162 xcodebuild[80438:8739489] [MT] IDETestOperationsObserverDebug: 0.000 sec, +0.000 sec -- start
2026-07-17 17:59:42.162 xcodebuild[80438:8739489] [MT] IDETestOperationsObserverDebug: 26.671 sec, +26.671 sec -- end

Test session results, code coverage, and logs:
	<TMP>mint-front01-build.9FbEZo/build/front01.xcresult

** TEST EXECUTE SUCCEEDED **

Testing started
