00:00 +0: loading /Users/julienbattaglia/Desktop/MINT.nosync/apps/mobile/test/services/financial_core/avs_unofficial_gap_effect_quarantine_test.dart
00:00 +0: G1-AVS-03 mobile quarantine gap-only public pricing helpers and the raw Expat percent are gone
00:00 +0 -1: G1-AVS-03 mobile quarantine gap-only public pricing helpers and the raw Expat percent are gone [E]
  Expected: not contains 'rawContributionDurationGapPercent'
    Actual: 'import \'package:mint_mobile/constants/social_insurance.dart\';\r\n'
              'import \'package:mint_mobile/services/financial_core/avs_reference_age.dart\';\r\n'
              'import \'package:mint_mobile/services/regulatory_sync_service.dart\';\r\n'
              '\r\n'
              '// ALL AVS calculations MUST use AvsCalculator from financial_core.\r\n'
              '// See ADR-20260223-unified-financial-engine.md\r\n'
              '// Do NOT create local _calculateAvs() or similar methods.\r\n'
              '\r\n'
              '/// Civil statuses relevant to the AVS household cap.\r\n'
              'enum AvsCoupleLegalStatus { married, registeredPartnership, cohabiting }\r\n'
              '\r\n'
              '/// Benefits that can participate in the LAVS art. 35 cap test.\r\n'
              'enum AvsPensionEntitlement { none, oldAge, disability }\r\n'
              '\r\n'
              '/// RAVS art. 53ter treatment for a percentage of an old-age pension.\r\n'
              'enum AvsOldAgePaymentMode { ordinary, anticipated, deferred }\r\n'
              '\r\n'
              '/// Stable person ownership within a self/partner household calculation.\r\n'
              'enum AvsPersonRole { self, partner }\r\n'
              '\r\n'
              '/// Legal outcome of the AVS couple cap evaluation.\r\n'
              'enum AvsCoupleCapState {\r\n'
              '  applied,\r\n'
              '  notNeeded,\r\n'
              '  notApplicable,\r\n'
              '  legalException,\r\n'
              '  pending,\r\n'
              '}\r\n'
              '\r\n'
              '/// Person-owned, evidence-backed ordinary pension input.\r\n'
              '///\r\n'
              '/// [rawMonthlyPension] is the person\'s uncapped ordinary monthly benefit at\r\n'
              '/// the selected [pensionPercentage]. It is not a salary-derived estimate and\r\n'
              '/// excludes the December supplement.\r\n'
              'class AvsPersonPensionInput {\r\n'
              '  final AvsPersonRole owner;\r\n'
              '  final AvsPensionEntitlement? entitlement;\r\n'
              '  final double? rawMonthlyPension;\r\n'
              '  final int? contributionScale;\r\n'
              '  final double? pensionPercentage;\r\n'
              '  final AvsOldAgePaymentMode? oldAgePaymentMode;\r\n'
              '\r\n'
              '  const AvsPersonPensionInput({\r\n'
              '    required this.owner,\r\n'
              '    this.entitlement,\r\n'
              '    this.rawMonthlyPension,\r\n'
              '    this.contributionScale,\r\n'
              '    this.pensionPercentage,\r\n'
              '    this.oldAgePaymentMode,\r\n'
              '  });\r\n'
              '}\r\n'
              '\r\n'
              '/// Sourced LAVS art. 35 judicial-separation state.\r\n'
              '///\r\n'
              '/// A null envelope is unknown. Addresses, account links, and user silence do\r\n'
              '/// not create this evidence.\r\n'
              'class AvsJudicialSeparationEvidence {\r\n'
              '  final bool isSeparated;\r\n'
              '  final String source;\r\n'
              '\r\n'
              '  const AvsJudicialSeparationEvidence({\r\n'
              '    required this.isSeparated,\r\n'
              '    required this.source,\r\n'
              '  });\r\n'
              '}\r\n'
              '\r\n'
              '/// Complete input boundary for an AVS household cap calculation.\r\n'
              'class AvsCouplePensionInput {\r\n'
              '  final AvsCoupleLegalStatus? legalStatus;\r\n'
              '  final AvsPersonPensionInput self;\r\n'
              '  final AvsPersonPensionInput partner;\r\n'
              '  final AvsJudicialSeparationEvidence? judicialSeparation;\r\n'
              '\r\n'
              '  const AvsCouplePensionInput({\r\n'
              '    required this.legalStatus,\r\n'
              '    required this.self,\r\n'
              '    required this.partner,\r\n'
              '    this.judicialSeparation,\r\n'
              '  });\r\n'
              '}\r\n'
              '\r\n'
              '/// Uncapped and certified-capped pension values owned by one person.\r\n'
              'class AvsPersonPensionResult {\r\n'
              '  final AvsPersonRole owner;\r\n'
              '  final AvsPensionEntitlement? entitlement;\r\n'
              '  final double? rawMonthlyPension;\r\n'
              '  final double? cappedMonthlyPension;\r\n'
              '  final int? contributionScale;\r\n'
              '  final double? scalePercentage;\r\n'
              '  final double? pensionPercentage;\r\n'
              '  final AvsOldAgePaymentMode? oldAgePaymentMode;\r\n'
              '\r\n'
              '  const AvsPersonPensionResult({\r\n'
              '    required this.owner,\r\n'
              '    required this.entitlement,\r\n'
              '    required this.rawMonthlyPension,\r\n'
              '    required this.cappedMonthlyPension,\r\n'
              '    required this.contributionScale,\r\n'
              '    required this.scalePercentage,\r\n'
              '    required this.pensionPercentage,\r\n'
              '    required this.oldAgePaymentMode,\r\n'
              '  });\r\n'
              '}\r\n'
              '\r\n'
              '/// Fail-closed AVS household result under the 2026 legal snapshot.\r\n'
              'class AvsCouplePensionResult {\r\n'
              '  final AvsPersonPensionResult self;\r\n'
              '  final AvsPersonPensionResult partner;\r\n'
              '\r\n'
              '  /// Sum of resolved person-owned raw pensions before a marital cap.\r\n'
              '  ///\r\n'
              '  /// An explicit [AvsPensionEntitlement.none] contributes no component; it is\r\n'
              '  /// never represented as a person pension worth CHF 0.\r\n'
              '  final double? rawHouseholdMonthlyPension;\r\n'
              '\r\n'
              '  /// Certified ordinary monthly household amount after any applicable cap.\r\n'
              '  ///\r\n'
              '  /// This remains null while an applicable incomplete-scale cap lacks the\r\n'
              '  /// versioned official pension-table amount.\r\n'
              '  final double? householdMonthlyPension;\r\n'
              '  final double? weightedScaleRaw;\r\n'
              '  final int? weightedContributionScale;\r\n'
              '\r\n'
              '  /// Scale-weighted base cap before art. 53ter percentage treatment.\r\n'
              '  final double? scaleWeightedMonthlyCap;\r\n'
              '  final double? percentageCapMultiplier;\r\n'
              '\r\n'
              '  /// Educational formula estimate after scale and percentage treatment.\r\n'
              '  ///\r\n'
              '  /// This never certifies an incomplete-scale payable amount.\r\n'
              '  final double? formulaLayerMonthlyCapEstimate;\r\n'
              '\r\n'
              '  /// Certified scale- and percentage-aware payable cap.\r\n'
              '  final double? payableMonthlyCap;\r\n'
              '  final AvsCoupleCapState capState;\r\n'
              '  final List<String> missingFields;\r\n'
              '  final int legalYear;\r\n'
              '  final String legalSource;\r\n'
              '  final String? judicialSeparationSource;\r\n'
              '  final bool requiresOfficialTableRounding;\r\n'
              '\r\n'
              '  AvsCouplePensionResult({\r\n'
              '    required this.self,\r\n'
              '    required this.partner,\r\n'
              '    required this.rawHouseholdMonthlyPension,\r\n'
              '    required this.householdMonthlyPension,\r\n'
              '    required this.weightedScaleRaw,\r\n'
              '    required this.weightedContributionScale,\r\n'
              '    required this.scaleWeightedMonthlyCap,\r\n'
              '    required this.percentageCapMultiplier,\r\n'
              '    required this.formulaLayerMonthlyCapEstimate,\r\n'
              '    required this.payableMonthlyCap,\r\n'
              '    required this.capState,\r\n'
              '    required List<String> missingFields,\r\n'
              '    required this.legalYear,\r\n'
              '    required this.legalSource,\r\n'
              '    required this.judicialSeparationSource,\r\n'
              '    required this.requiresOfficialTableRounding,\r\n'
              '  }) : missingFields = List.unmodifiable(missingFields);\r\n'
              '\r\n'
              '  bool get isHouseholdComplete =>\r\n'
              '      householdMonthlyPension != null &&\r\n'
              '      missingFields.isEmpty &&\r\n'
              '      !requiresOfficialTableRounding;\r\n'
              '}\r\n'
              '\r\n'
              '/// AVS pension calculator — pure static functions.\r\n'
              '///\r\n'
              '/// Legal basis: LAVS art. 21-29, 34, 35, 39, 40.\r\n'
              '/// All computations are deterministic and stateless.\r\n'
              'class AvsCalculator {\r\n'
              '  AvsCalculator._();\r\n'
              '\r\n'
              '  static const int coupleLegalYear = 2026;\r\n'
              '  static const String coupleLegalSource =\r\n'
              '      \'LAVS art. 35; RAVS art. 52; RAVS art. 53; RAVS art. 53bis; \'\r\n'
              '      \'RAVS art. 53ter; \'\r\n'
              '      \'OFAS 2026 pension amounts\';\r\n'
              '\r\n'
              '  /// Compute individual AVS monthly rente.\r\n'
              '  ///\r\n'
              '  /// Takes into account:\r\n'
              '  /// - Contribution duration (lacunes, arrivalAge) — LAVS art. 29\r\n'
              '  /// - Income level via RAMD proxy — LAVS art. 34, echelle 44\r\n'
              '  /// - Early retirement penalty (6.8%/yr from 63) — LAVS art. 40\r\n'
              '  /// - Deferral bonus (up to +31.5% at 70) — LAVS art. 39\r\n'
              '  /// - Gender-aware reference age for AVS21 (LAVS art. 21 al. 1)\r\n'
              '  /// - Child-raising credits (bonifications éducatives) — LAVS art. 29sexies\r\n'
              '  ///\r\n'
              '  /// This illustration does not perform LAVS art. 29quinquies splitting.\r\n'
              '  /// Exact splitting needs year-by-year individual-account histories and a\r\n'
              '  /// statutory trigger; current salaries and marriage duration are rejected as\r\n'
              '  /// a substitute by the couple legal contract.\r\n'
              '  ///\r\n'
              '  /// [isFemale] and [birthYear] are optional — when provided, the\r\n'
              '  /// reference age accounts for AVS21 transitional cohorts (women\r\n'
              '  /// born 1961-1963). When omitted, defaults to 65 (male/unknown).\r\n'
              '  static double computeMonthlyRente({\r\n'
              '    required int currentAge,\r\n'
              '    required int retirementAge,\r\n'
              '    int lacunes = 0,\r\n'
              '    int? anneesContribuees,\r\n'
              '    int? arrivalAge,\r\n'
              '    double grossAnnualSalary = 0,\r\n'
              '    bool? isFemale,\r\n'
              '    int? birthYear,\r\n'
              '    int childRaisingYears = 0,\r\n'
              '    int totalContributionYears = avsDureeCotisationComplete,\r\n'
              '  }) {\r\n'
              '    // Determine gender-aware reference age (AVS21, LAVS art. 21 al. 1)\r\n'
              '    final refAge = (isFemale != null && birthYear != null)\r\n'
              '        ? avsReferenceAgeYears(birthYear: birthYear, isFemale: isFemale)\r\n'
              '        : reg(\'avs.reference_age_men\', avsAgeReferenceHomme.toDouble());\r\n'
              '\r\n'
              '    // 1. Contribution years\r\n'
              '    final fullYears = reg(\'avs.full_contribution_years\', avsDureeCotisationComplete.toDouble()).toInt();\r\n'
              '\r\n'
              '    int currentYears;\r\n'
              '    if (anneesContribuees != null) {\r\n'
              '      currentYears = anneesContribuees;\r\n'
              '    } else if (arrivalAge != null && arrivalAge > 20) {\r\n'
              '      currentYears =\r\n'
              '          (currentAge - arrivalAge).clamp(0, fullYears);\r\n'
              '    } else {\r\n'
              '      currentYears =\r\n'
              '          (currentAge - 20).clamp(0, fullYears);\r\n'
              '    }\r\n'
              '    final futureYears = (retirementAge - currentAge).clamp(0, 50);\r\n'
              '    final totalYears =\r\n'
              '        (currentYears + futureYears).clamp(0, fullYears);\r\n'
              '    final effectiveYears =\r\n'
              '        (totalYears - lacunes).clamp(0, fullYears);\r\n'
              '    final gapFactor = fullYears > 0 ? effectiveYears / fullYears : 0.0;\r\n'
              '\r\n'
              '    // 2. Effective salary (RAMD) with child credits\r\n'
              '    double effectiveSalary = grossAnnualSalary;\r\n'
              '\r\n'
              '    // 2a. Child-raising credits / bonifications éducatives (LAVS art. 29sexies)\r\n'
              '    // Annual credit = 3× minimum annual AVS pension.\r\n'
              '    // Added to RAMD prorated over total contribution years.\r\n'
              '    if (childRaisingYears > 0 && totalContributionYears > 0) {\r\n'
              '      const bonificationAnnuelle = 3 * avsRenteMinMensuelle * 12;\r\n'
              '      final bonificationRAMD =\r\n'
              '          (bonificationAnnuelle * childRaisingYears) / totalContributionYears;\r\n'
              '      effectiveSalary += bonificationRAMD;\r\n'
              '      effectiveSalary = effectiveSalary.clamp(0, avsRAMDMax);\r\n'
              '    }\r\n'
              '\r\n'
              '    // 2b. RAMD-based rente (LAVS art. 34, echelle 44)\r\n'
              '    final baseRente = renteFromRAMD(effectiveSalary);\r\n'
              '    double rente = baseRente * gapFactor;\r\n'
              '\r\n'
              '    // 3. Early/late retirement adjustments relative to gender-aware refAge\r\n'
              '    if (retirementAge < 63) {\r\n'
              '      // AVS anticipation only possible from 63 (LAVS art. 40)\r\n'
              '      return 0.0;\r\n'
              '    } else if (retirementAge < refAge) {\r\n'
              '      final yearsEarly = refAge - retirementAge;\r\n'
              '      rente *= (1.0 - reg(\'avs.anticipation_reduction\', avsReductionAnticipation) * yearsEarly);\r\n'
              '    } else if (retirementAge > refAge) {\r\n'
              '      final yearsLate = (retirementAge - refAge).clamp(1, 5).round();\r\n'
              '      final bonus = avsDeferralBonus[yearsLate] ?? avsDeferralBonus[5]!;\r\n'
              '      rente *= (1.0 + bonus);\r\n'
              '    }\r\n'
              '\r\n'
              '    return rente;\r\n'
              '  }\r\n'
              '\r\n'
              '  /// Round to nearest 5 centimes (Swiss standard for social insurance amounts).\r\n'
              '  /// OAVS art. 53 — applied at display level, not computation level,\r\n'
              '  /// to avoid cascading rounding effects in couple/optimizer calculations.\r\n'
              '  static double roundTo5Centimes(double value) {\r\n'
              '    return (value * 20).roundToDouble() / 20;\r\n'
              '  }\r\n'
              '\r\n'
              '  /// Position the self-employed AVS/AI/APG barème gauge.\r\n'
              '  ///\r\n'
              '  /// `1.0` means the income has reached the full-rate bracket for independent\r\n'
              '  /// AVS cotisations. Keep this threshold in financial_core so screens render\r\n'
              '  /// calculator output instead of owning financial constants.\r\n'
              '  static double selfEmployedCotisationGaugePosition(double revenuNet) {\r\n'
              '    final fullRateThreshold =\r\n'
              '        reg(\'avs.self_employed_full_rate_threshold\', 60500.0);\r\n'
              '    if (revenuNet <= 0 || fullRateThreshold <= 0) return 0.0;\r\n'
              '    return (revenuNet / fullRateThreshold).clamp(0.0, 1.0).toDouble();\r\n'
              '  }\r\n'
              '\r\n'
              '  /// AVS rente based on RAMD using Echelle 44 (LAVS art. 34).\r\n'
              '  ///\r\n'
              '  /// Concave lookup + linear interpolation between table points.\r\n'
              '  /// Source: Memento 6.01 — Tables des rentes AVS/AI (OFAS 2025).\r\n'
              '  /// RAMD <= 0 → 0 (no salary data).\r\n'
              '  /// RAMD <= 14\'700 → 1\'260/mois (minimum).\r\n'
              '  /// RAMD >= 88\'200 → 2\'520/mois (maximum).\r\n'
              '  /// Between table points: linear interpolation within the bracket.\r\n'
              '  /// gapFactor in computeMonthlyRente already handles contribution years.\r\n'
              '  static double renteFromRAMD(double grossAnnualSalary) {\r\n'
              '    if (grossAnnualSalary <= 0) return 0;\r\n'
              '    final table = RegulatorySyncService.getEchelle44();\r\n'
              '    if (grossAnnualSalary <= table.first[0]) return table.first[1];\r\n'
              '    if (grossAnnualSalary >= table.last[0]) return table.last[1];\r\n'
              '    for (int i = 0; i < table.length - 1; i++) {\r\n'
              '      final lower = table[i];\r\n'
              '      final upper = table[i + 1];\r\n'
              '      if (grossAnnualSalary >= lower[0] && grossAnnualSalary <= upper[0]) {\r\n'
              '        final ratio = (grossAnnualSalary - lower[0]) / (upper[0] - lower[0]);\r\n'
              '        return lower[1] + ratio * (upper[1] - lower[1]);\r\n'
              '      }\r\n'
              '    }\r\n'
              '    return table.last[1];\r\n'
              '  }\r\n'
              '\r\n'
              '  /// Apply the LAVS art. 35 / RAVS arts. 53bis-53ter couple contract.\r\n'
              '  ///\r\n'
              '  /// This accepts only person-owned ordinary pensions. Missing or invalid\r\n'
              '  /// legal evidence returns [AvsCoupleCapState.pending] and no complete\r\n'
              '  /// household amount. It never derives a pension from salary, age, or a\r\n'
              '  /// default scale.\r\n'
              '  static AvsCouplePensionResult computeCouplePensions(\r\n'
              '    AvsCouplePensionInput input,\r\n'
              '  ) {\r\n'
              '    final missing = <String>[];\r\n'
              '\r\n'
              '    final aggregationMissing = <String>[];\r\n'
              '    _appendMissingBasePersonFields(\r\n'
              '      input.self,\r\n'
              '      AvsPersonRole.self,\r\n'
              '      aggregationMissing,\r\n'
              '    );\r\n'
              '    _appendMissingBasePersonFields(\r\n'
              '      input.partner,\r\n'
              '      AvsPersonRole.partner,\r\n'
              '      aggregationMissing,\r\n'
              '    );\r\n'
              '    missing.addAll(aggregationMissing);\r\n'
              '\r\n'
              '    final rawHousehold = aggregationMissing.isEmpty\r\n'
              '        ? [_activeRawPension(input.self), _activeRawPension(input.partner)]\r\n'
              '            .whereType<double>()\r\n'
              '            .fold<double>(0, (sum, value) => sum + value)\r\n'
              '        : null;\r\n'
              '\r\n'
              '    final capBenefitCombination =\r\n'
              '        _qualifiesForArticle35(input.self, input.partner);\r\n'
              '    final entitlementsResolved = input.self.entitlement != null &&\r\n'
              '        input.partner.entitlement != null;\r\n'
              '    final hasNoOldAgeBenefit =\r\n'
              '        input.self.entitlement != AvsPensionEntitlement.oldAge &&\r\n'
              '            input.partner.entitlement != AvsPensionEntitlement.oldAge;\r\n'
              '    final bothDisability =\r\n'
              '        input.self.entitlement == AvsPensionEntitlement.disability &&\r\n'
              '            input.partner.entitlement == AvsPensionEntitlement.disability;\r\n'
              '    if (bothDisability) {\r\n'
              '      final legalStatus = input.legalStatus;\r\n'
              '      if (legalStatus == null) {\r\n'
              '        missing.add(\'legalStatus\');\r\n'
              '      } else if (legalStatus == AvsCoupleLegalStatus.married ||\r\n'
              '          legalStatus == AvsCoupleLegalStatus.registeredPartnership) {\r\n'
              '        missing.add(\'aiCoupleCapProvider.laiArticle37Paragraph1bis\');\r\n'
              '      }\r\n'
              '    }\r\n'
              '    final nonQualifyingCapState =\r\n'
              '        entitlementsResolved && !capBenefitCombination\r\n'
              '            ? hasNoOldAgeBenefit\r\n'
              '                ? AvsCoupleCapState.notApplicable\r\n'
              '                : AvsCoupleCapState.notNeeded\r\n'
              '            : null;\r\n'
              '    if (capBenefitCombination && input.legalStatus == null) {\r\n'
              '      missing.add(\'legalStatus\');\r\n'
              '    }\r\n'
              '    final marriageEquivalent =\r\n'
              '        input.legalStatus == AvsCoupleLegalStatus.married ||\r\n'
              '            input.legalStatus == AvsCoupleLegalStatus.registeredPartnership;\r\n'
              '    if (marriageEquivalent && capBenefitCombination) {\r\n'
              '      final separation = input.judicialSeparation;\r\n'
              '      if (separation == null) {\r\n'
              '        missing.add(\'judicialSeparation\');\r\n'
              '      } else if (separation.source.trim().isEmpty) {\r\n'
              '        missing.add(\'judicialSeparation.source\');\r\n'
              '      } else if (!separation.isSeparated) {\r\n'
              '        _appendMissingCapFields(input.self, AvsPersonRole.self, missing);\r\n'
              '        _appendMissingCapFields(\r\n'
              '          input.partner,\r\n'
              '          AvsPersonRole.partner,\r\n'
              '          missing,\r\n'
              '        );\r\n'
              '      }\r\n'
              '    }\r\n'
              '\r\n'
              '    if (missing.isNotEmpty) {\r\n'
              '      final separationSource = input.judicialSeparation?.source;\r\n'
              '      return _coupleResult(\r\n'
              '        input: input,\r\n'
              '        rawHousehold: rawHousehold,\r\n'
              '        selfCapped: null,\r\n'
              '        partnerCapped: null,\r\n'
              '        household: null,\r\n'
              '        capState: marriageEquivalent && bothDisability\r\n'
              '            ? AvsCoupleCapState.pending\r\n'
              '            : input.legalStatus == AvsCoupleLegalStatus.cohabiting\r\n'
              '                ? AvsCoupleCapState.notApplicable\r\n'
              '                : nonQualifyingCapState ?? AvsCoupleCapState.pending,\r\n'
              '        missing: missing,\r\n'
              '        judicialSeparationSource:\r\n'
              '            separationSource != null && separationSource.trim().isNotEmpty\r\n'
              '                ? separationSource\r\n'
              '                : null,\r\n'
              '      );\r\n'
              '    }\r\n'
              '\r\n'
              '    final selfRaw = _activeRawPension(input.self);\r\n'
              '    final partnerRaw = _activeRawPension(input.partner);\r\n'
              '    final resolvedRawHousehold = rawHousehold!;\r\n'
              '\r\n'
              '    if (input.legalStatus == AvsCoupleLegalStatus.cohabiting) {\r\n'
              '      return _coupleResult(\r\n'
              '        input: input,\r\n'
              '        rawHousehold: resolvedRawHousehold,\r\n'
              '        selfCapped: selfRaw,\r\n'
              '        partnerCapped: partnerRaw,\r\n'
              '        household: resolvedRawHousehold,\r\n'
              '        capState: AvsCoupleCapState.notApplicable,\r\n'
              '        missing: const [],\r\n'
              '      );\r\n'
              '    }\r\n'
              '\r\n'
              '    if (!capBenefitCombination) {\r\n'
              '      return _coupleResult(\r\n'
              '        input: input,\r\n'
              '        rawHousehold: resolvedRawHousehold,\r\n'
              '        selfCapped: selfRaw,\r\n'
              '        partnerCapped: partnerRaw,\r\n'
              '        household: resolvedRawHousehold,\r\n'
              '        capState: nonQualifyingCapState!,\r\n'
              '        missing: const [],\r\n'
              '      );\r\n'
              '    }\r\n'
              '\r\n'
              '    final separation = input.judicialSeparation!;\r\n'
              '    if (separation.isSeparated) {\r\n'
              '      return _coupleResult(\r\n'
              '        input: input,\r\n'
              '        rawHousehold: resolvedRawHousehold,\r\n'
              '        selfCapped: selfRaw,\r\n'
              '        partnerCapped: partnerRaw,\r\n'
              '        household: resolvedRawHousehold,\r\n'
              '        capState: AvsCoupleCapState.legalException,\r\n'
              '        missing: const [],\r\n'
              '        judicialSeparationSource: separation.source,\r\n'
              '      );\r\n'
              '    }\r\n'
              '\r\n'
              '    final selfScale = input.self.contributionScale!;\r\n'
              '    final partnerScale = input.partner.contributionScale!;\r\n'
              '    final lowerScale = selfScale < partnerScale ? selfScale : partnerScale;\r\n'
              '    final higherScale = selfScale > partnerScale ? selfScale : partnerScale;\r\n'
              '    final weightedScaleRaw = (lowerScale + 2 * higherScale) / 3;\r\n'
              '    // RAVS art. 53bis uses the next higher integer pension scale. It is not a\r\n'
              '    // continuous interpolation between two scales.\r\n'
              '    final determiningScale = weightedScaleRaw.ceil();\r\n'
              '    final determiningScalePercentage = determiningScale / 44;\r\n'
              '    final fullScaleCap =\r\n'
              '        reg(\'avs.couple_max_monthly\', avsRenteCoupleMaxMensuelle);\r\n'
              '    final formulaLayerCap = fullScaleCap * determiningScalePercentage;\r\n'
              '    final percentageMultiplier =\r\n'
              '        _article53terPercentageMultiplier(input.self, input.partner);\r\n'
              '    final formulaLayerApplicableCap = formulaLayerCap * percentageMultiplier;\r\n'
              '\r\n'
              '    if (determiningScale < 44) {\r\n'
              '      return _coupleResult(\r\n'
              '        input: input,\r\n'
              '        rawHousehold: resolvedRawHousehold,\r\n'
              '        selfCapped: null,\r\n'
              '        partnerCapped: null,\r\n'
              '        household: null,\r\n'
              '        capState: AvsCoupleCapState.pending,\r\n'
              '        missing: [\'officialPensionTableProvider.scale.$determiningScale\'],\r\n'
              '        weightedScaleRaw: weightedScaleRaw,\r\n'
              '        weightedContributionScale: determiningScale,\r\n'
              '        scaleWeightedCap: formulaLayerCap,\r\n'
              '        percentageMultiplier: percentageMultiplier,\r\n'
              '        formulaLayerCapEstimate: formulaLayerApplicableCap,\r\n'
              '        judicialSeparationSource: separation.source,\r\n'
              '      );\r\n'
              '    }\r\n'
              '\r\n'
              '    final payableCap = formulaLayerApplicableCap;\r\n'
              '    if (resolvedRawHousehold <= payableCap) {\r\n'
              '      return _coupleResult(\r\n'
              '        input: input,\r\n'
              '        rawHousehold: resolvedRawHousehold,\r\n'
              '        selfCapped: selfRaw,\r\n'
              '        partnerCapped: partnerRaw,\r\n'
              '        household: resolvedRawHousehold,\r\n'
              '        capState: AvsCoupleCapState.notNeeded,\r\n'
              '        missing: const [],\r\n'
              '        weightedScaleRaw: weightedScaleRaw,\r\n'
              '        weightedContributionScale: determiningScale,\r\n'
              '        scaleWeightedCap: formulaLayerCap,\r\n'
              '        percentageMultiplier: percentageMultiplier,\r\n'
              '        formulaLayerCapEstimate: formulaLayerApplicableCap,\r\n'
              '        payableCap: payableCap,\r\n'
              '        judicialSeparationSource: separation.source,\r\n'
              '      );\r\n'
              '    }\r\n'
              '\r\n'
              '    final reductionFactor = payableCap / resolvedRawHousehold;\r\n'
              '    return _coupleResult(\r\n'
              '      input: input,\r\n'
              '      rawHousehold: resolvedRawHousehold,\r\n'
              '      selfCapped: selfRaw! * reductionFactor,\r\n'
              '      partnerCapped: partnerRaw! * reductionFactor,\r\n'
              '      household: payableCap,\r\n'
              '      capState: AvsCoupleCapState.applied,\r\n'
              '      missing: const [],\r\n'
              '      weightedScaleRaw: weightedScaleRaw,\r\n'
              '      weightedContributionScale: determiningScale,\r\n'
              '      scaleWeightedCap: formulaLayerCap,\r\n'
              '      percentageMultiplier: percentageMultiplier,\r\n'
              '      formulaLayerCapEstimate: formulaLayerApplicableCap,\r\n'
              '      payableCap: payableCap,\r\n'
              '      judicialSeparationSource: separation.source,\r\n'
              '    );\r\n'
              '  }\r\n'
              '\r\n'
              '  static void _appendMissingBasePersonFields(\r\n'
              '    AvsPersonPensionInput person,\r\n'
              '    AvsPersonRole expectedOwner,\r\n'
              '    List<String> missing,\r\n'
              '  ) {\r\n'
              '    final prefix = expectedOwner.name;\r\n'
              '    if (person.owner != expectedOwner) {\r\n'
              '      missing.add(\'$prefix.owner\');\r\n'
              '    }\r\n'
              '    final entitlement = person.entitlement;\r\n'
              '    if (entitlement == null) {\r\n'
              '      missing.add(\'$prefix.entitlement\');\r\n'
              '      return;\r\n'
              '    }\r\n'
              '    if (entitlement == AvsPensionEntitlement.none) return;\r\n'
              '\r\n'
              '    final raw = person.rawMonthlyPension;\r\n'
              '    if (raw == null || !raw.isFinite || raw <= 0) {\r\n'
              '      missing.add(\'$prefix.rawMonthlyPension\');\r\n'
              '    }\r\n'
              '  }\r\n'
              '\r\n'
              '  static void _appendMissingCapFields(\r\n'
              '    AvsPersonPensionInput person,\r\n'
              '    AvsPersonRole expectedOwner,\r\n'
              '    List<String> missing,\r\n'
              '  ) {\r\n'
              '    final prefix = expectedOwner.name;\r\n'
              '    final scale = person.contributionScale;\r\n'
              '    if (scale == null || scale < 1 || scale > 44) {\r\n'
              '      missing.add(\'$prefix.contributionScale\');\r\n'
              '    }\r\n'
              '    final percentage = person.pensionPercentage;\r\n'
              '    if (percentage == null ||\r\n'
              '        !percentage.isFinite ||\r\n'
              '        percentage <= 0 ||\r\n'
              '        percentage > 1) {\r\n'
              '      missing.add(\'$prefix.pensionPercentage\');\r\n'
              '    } else if (person.entitlement == AvsPensionEntitlement.oldAge &&\r\n'
              '        person.oldAgePaymentMode == AvsOldAgePaymentMode.ordinary &&\r\n'
              '        percentage != 1) {\r\n'
              '      missing.add(\r\n'
              '        \'$prefix.pensionPercentage.ordinaryRequiresFullPension\',\r\n'
              '      );\r\n'
              '    }\r\n'
              '    if (person.entitlement == AvsPensionEntitlement.oldAge &&\r\n'
              '        person.oldAgePaymentMode == null) {\r\n'
              '      missing.add(\'$prefix.oldAgePaymentMode\');\r\n'
              '    }\r\n'
              '  }\r\n'
              '\r\n'
              '  static bool _qualifiesForArticle35(\r\n'
              '    AvsPersonPensionInput self,\r\n'
              '    AvsPersonPensionInput partner,\r\n'
              '  ) {\r\n'
              '    final selfOldAge = self.entitlement == AvsPensionEntitlement.oldAge;\r\n'
              '    final partnerOldAge = partner.entitlement == AvsPensionEntitlement.oldAge;\r\n'
              '    final selfDisability = self.entitlement == AvsPensionEntitlement.disability;\r\n'
              '    final partnerDisability =\r\n'
              '        partner.entitlement == AvsPensionEntitlement.disability;\r\n'
              '    return (selfOldAge && partnerOldAge) ||\r\n'
              '        (selfOldAge && partnerDisability) ||\r\n'
              '        (selfDisability && partnerOldAge);\r\n'
              '  }\r\n'
              '\r\n'
              '  static double? _activeRawPension(AvsPersonPensionInput person) =>\r\n'
              '      person.entitlement == AvsPensionEntitlement.none\r\n'
              '          ? null\r\n'
              '          : person.rawMonthlyPension;\r\n'
              '\r\n'
              '  static double _article53terPercentageMultiplier(\r\n'
              '    AvsPersonPensionInput self,\r\n'
              '    AvsPersonPensionInput partner,\r\n'
              '  ) {\r\n'
              '    final hasDeferredOldAge =\r\n'
              '        self.entitlement == AvsPensionEntitlement.oldAge &&\r\n'
              '                self.oldAgePaymentMode == AvsOldAgePaymentMode.deferred ||\r\n'
              '            partner.entitlement == AvsPensionEntitlement.oldAge &&\r\n'
              '                partner.oldAgePaymentMode == AvsOldAgePaymentMode.deferred;\r\n'
              '    if (hasDeferredOldAge) return 1;\r\n'
              '\r\n'
              '    final selfPercentage = self.pensionPercentage!;\r\n'
              '    final partnerPercentage = partner.pensionPercentage!;\r\n'
              '    return selfPercentage > partnerPercentage\r\n'
              '        ? selfPercentage\r\n'
              '        : partnerPercentage;\r\n'
              '  }\r\n'
              '\r\n'
              '  static AvsCouplePensionResult _coupleResult({\r\n'
              '    required AvsCouplePensionInput input,\r\n'
              '    required double? rawHousehold,\r\n'
              '    required double? selfCapped,\r\n'
              '    required double? partnerCapped,\r\n'
              '    required double? household,\r\n'
              '    required AvsCoupleCapState capState,\r\n'
              '    required List<String> missing,\r\n'
              '    double? weightedScaleRaw,\r\n'
              '    int? weightedContributionScale,\r\n'
              '    double? scaleWeightedCap,\r\n'
              '    double? percentageMultiplier,\r\n'
              '    double? formulaLayerCapEstimate,\r\n'
              '    double? payableCap,\r\n'
              '    String? judicialSeparationSource,\r\n'
              '  }) =>\r\n'
              '      AvsCouplePensionResult(\r\n'
              '        self: _personResult(input.self, selfCapped),\r\n'
              '        partner: _personResult(input.partner, partnerCapped),\r\n'
              '        rawHouseholdMonthlyPension: rawHousehold,\r\n'
              '        householdMonthlyPension: household,\r\n'
              '        weightedScaleRaw: weightedScaleRaw,\r\n'
              '        weightedContributionScale: weightedContributionScale,\r\n'
              '        scaleWeightedMonthlyCap: scaleWeightedCap,\r\n'
              '        percentageCapMultiplier: percentageMultiplier,\r\n'
              '        formulaLayerMonthlyCapEstimate: formulaLayerCapEstimate,\r\n'
              '        payableMonthlyCap: payableCap,\r\n'
              '        capState: capState,\r\n'
              '        missingFields: missing,\r\n'
              '        legalYear: coupleLegalYear,\r\n'
              '        legalSource: coupleLegalSource,\r\n'
              '        judicialSeparationSource: judicialSeparationSource,\r\n'
              '        requiresOfficialTableRounding: weightedContributionScale != null &&\r\n'
              '            weightedContributionScale < 44,\r\n'
              '      );\r\n'
              '\r\n'
              '  static AvsPersonPensionResult _personResult(\r\n'
              '    AvsPersonPensionInput input,\r\n'
              '    double? capped,\r\n'
              '  ) {\r\n'
              '    final scale = input.contributionScale;\r\n'
              '    final validScale = scale != null && scale >= 1 && scale <= 44;\r\n'
              '    return AvsPersonPensionResult(\r\n'
              '      owner: input.owner,\r\n'
              '      entitlement: input.entitlement,\r\n'
              '      rawMonthlyPension: input.rawMonthlyPension,\r\n'
              '      cappedMonthlyPension: capped,\r\n'
              '      contributionScale: input.contributionScale,\r\n'
              '      scalePercentage: validScale ? scale / 44 : null,\r\n'
              '      pensionPercentage: input.pensionPercentage,\r\n'
              '      oldAgePaymentMode: input.oldAgePaymentMode,\r\n'
              '    );\r\n'
              '  }\r\n'
              '\r\n'
              '  /// Bridge pension (rente-pont) estimate for early retirees.\r\n'
              '  ///\r\n'
              '  /// When retiring before the AVS reference age, there is an income gap\r\n'
              '  /// where neither AVS nor LPP rente is paid. Some employers/caisses offer\r\n'
              '  /// a bridge pension to cover this gap.\r\n'
              '  ///\r\n'
              '  /// Returns the estimated monthly gap and total bridge cost.\r\n'
              '  /// - [retirementAge]: actual retirement age (e.g. 60)\r\n'
              '  /// - [referenceAge]: AVS reference age (e.g. 65)\r\n'
              '  /// - [estimatedAvsMonthly]: what the AVS rente would be at reference age\r\n'
              '  /// - [estimatedLppMonthly]: what the LPP rente would be (if annuity chosen)\r\n'
              '  static ({double monthlyGap, double totalBridgeCost, int gapYears}) computeBridgePension({\r\n'
              '    required int retirementAge,\r\n'
              '    required int referenceAge,\r\n'
              '    required double estimatedAvsMonthly,\r\n'
              '    double estimatedLppMonthly = 0,\r\n'
              '  }) {\r\n'
              '    final gapYears = (referenceAge - retirementAge).clamp(0, 10);\r\n'
              '    if (gapYears <= 0) {\r\n'
              '      return (monthlyGap: 0, totalBridgeCost: 0, gapYears: 0);\r\n'
              '    }\r\n'
              '    // During the gap: no AVS, potentially no LPP rente either\r\n'
              '    final monthlyGap = estimatedAvsMonthly + estimatedLppMonthly;\r\n'
              '    final totalBridgeCost = monthlyGap * 12 * gapYears;\r\n'
              '    return (\r\n'
              '      monthlyGap: monthlyGap,\r\n'
              '      totalBridgeCost: totalBridgeCost,\r\n'
              '      gapYears: gapYears,\r\n'
              '    );\r\n'
              '  }\r\n'
              '\r\n'
              '  /// Returns a raw contribution-duration benchmark for CI-observed years.\r\n'
              '  ///\r\n'
              '  /// This is not a personal pension reduction or an official scale decision.\r\n'
              '  static double rawContributionDurationGapPercent(\r\n'
              '    int ciObservedMissingContributionYears,\r\n'
              '  ) {\r\n'
              '    if (ciObservedMissingContributionYears <= 0) return 0.0;\r\n'
              '    final fullYears = reg(\r\n'
              '      \'avs.full_contribution_years\',\r\n'
              '      avsDureeCotisationComplete.toDouble(),\r\n'
              '    ).toInt();\r\n'
              '    return ciObservedMissingContributionYears / fullYears * 100;\r\n'
              '  }\r\n'
              '\r\n'
              '  /// Returns the AVS rente reduction percentage for a given gap in contribution years.\r\n'
              '  ///\r\n'
              '  /// Example: gap=4 → 9.09% reduction (4/44 × 100).\r\n'
              '  /// Use this instead of inline `gap / 44 * 100` calculations.\r\n'
              '  static double reductionPercentageFromGap(int gap) {\r\n'
              '    if (gap <= 0) return 0.0;\r\n'
              '    final fullYears = reg(\'avs.full_contribution_years\', avsDureeCotisationComplete.toDouble()).toInt();\r\n'
              '    return (gap / fullYears * 100);\r\n'
              '  }\r\n'
              '\r\n'
              '  /// Returns the estimated monthly AVS rente loss for a given gap.\r\n'
              '  ///\r\n'
              '  /// Example: gap=4 → ~229 CHF/mois (2520 × 4/44).\r\n'
              '  /// Use this instead of inline `2520 * gap / 44` calculations.\r\n'
              '  static double monthlyLossFromGap(int gap) {\r\n'
              '    if (gap <= 0) return 0.0;\r\n'
              '    final renteMax = reg(\'avs.max_monthly_pension\', avsRenteMaxMensuelle);\r\n'
              '    final fullYears = reg(\'avs.full_contribution_years\', avsDureeCotisationComplete.toDouble()).toInt();\r\n'
              '    return renteMax * gap / fullYears;\r\n'
              '  }\r\n'
              '\r\n'
              '  /// Models the lifetime loss from ordinary recurring AVS payments.\r\n'
              '  ///\r\n'
              '  /// Counts exactly twelve monthly payments per modeled year. The separate\r\n'
              '  /// December AVS supplement is deliberately excluded from this projection.\r\n'
              '  static double ordinaryRecurringLifetimeLoss(\r\n'
              '    double monthlyLoss,\r\n'
              '    int modeledRetirementYears,\r\n'
              '  ) {\r\n'
              '    if (!monthlyLoss.isFinite ||\r\n'
              '        monthlyLoss <= 0 ||\r\n'
              '        modeledRetirementYears <= 0) {\r\n'
              '      return 0;\r\n'
              '    }\r\n'
              '    return monthlyLoss * 12 * modeledRetirementYears;\r\n'
              '  }\r\n'
              '\r\n'
              '}\r\n'
              ''
  rawContributionDurationGapPercent prices or proportions a gap without a caisse result

  package:matcher                                                                   expect
  package:flutter_test/src/widget_tester.dart 473:18                                expect
  test/services/financial_core/avs_unofficial_gap_effect_quarantine_test.dart 38:9  main.<fn>.<fn>

00:00 +0 -1: G1-AVS-03 mobile quarantine Expat orientation keeps null and zero distinct and returns counts only
reg() FALLBACK: avs.full_contribution_years → 44.0 (cache miss, logged once)
00:00 +0 -2: G1-AVS-03 mobile quarantine Expat orientation keeps null and zero distinct and returns counts only [E]
  Expected: not contains 'rawContributionDurationGapPercent'
    Actual: 'import \'dart:math\';\r\n'
              '\r\n'
              'import \'package:mint_mobile/constants/social_insurance.dart\';\r\n'
              'import \'package:mint_mobile/services/financial_core/avs_calculator.dart\';\r\n'
              '\r\n'
              '/// Local, non-persisted assessment of declared residence and AVS evidence.\r\n'
              '///\r\n'
              '/// The typed contract intentionally has no personal pension or CHF-loss field.\r\n'
              'final class AvsGapAssessment {\r\n'
              '  const AvsGapAssessment({\r\n'
              '    required this.yearsAbroadDeclared,\r\n'
              '    required this.ciObservedMissingContributionYears,\r\n'
              '    required this.rawContributionDurationGapPercent,\r\n'
              '  });\r\n'
              '\r\n'
              '  final int yearsAbroadDeclared;\r\n'
              '  final int? ciObservedMissingContributionYears;\r\n'
              '  final double? rawContributionDurationGapPercent;\r\n'
              '}\r\n'
              '\r\n'
              '// ────────────────────────────────────────────────────────────\r\n'
              '//  EXPAT SERVICE — Sprint S23 / Expatriation + Frontaliers\r\n'
              '// ────────────────────────────────────────────────────────────\r\n'
              '//\r\n'
              '// Pure Dart service for cross-border & expatriation planning:\r\n'
              '//   1. calculateSourceTax          — Bareme C source tax\r\n'
              '//   2. checkQuasiResident          — 90% rule (GE)\r\n'
              '//   3. simulate90DayRule           — Home office risk gauge\r\n'
              '//   4. compareSocialCharges        — CH vs neighbour charges\r\n'
              '//   5. simulateForfaitFiscal       — Lump-sum taxation\r\n'
              '//   6. assessAvsGapOrientation    — AVS orientation abroad\r\n'
              '//   7. planDeparture               — Departure checklist\r\n'
              '//   8. compareTaxBurden            — Side-by-side tax comparison\r\n'
              '//\r\n'
              '// All constants match 2025/2026 Swiss legislation.\r\n'
              '// No banned terms ("garanti", "certain", "assure", "sans risque").\r\n'
              '// ────────────────────────────────────────────────────────────\r\n'
              '\r\n'
              'class ExpatService {\r\n'
              '  ExpatService._();\r\n'
              '\r\n'
              '  // ════════════════════════════════════════════════════════════\r\n'
              '  //  DISCLAIMER\r\n'
              '  // ════════════════════════════════════════════════════════════\r\n'
              '\r\n'
              '  static const String disclaimer =\r\n'
              '      \'Estimations simplifiees a but educatif — ne constitue pas \'\r\n'
              '      \'un conseil fiscal ou juridique. Les montants dependent de nombreux \'\r\n'
              '      \'facteurs (deductions, commune, fortune, convention internationale, etc.). \'\r\n'
              '      \'Consulte un-e spécialiste fiscal-e pour une analyse personnalisée.\'; // lint-ignore: legacy expat disclaimer catalog\r\n'
              '\r\n'
              '  // ════════════════════════════════════════════════════════════\r\n'
              '  //  FRONTALIER — SOURCE TAX (Bareme C) BY CANTON\r\n'
              '  // ════════════════════════════════════════════════════════════\r\n'
              '  //\r\n'
              '  // LIMITATION: Mobile source tax uses simplified flat rates per canton.\r\n'
              '  // Backend frontalier_service.py uses progressive brackets with cantonal multipliers.\r\n'
              '  // For precise calculations, the backend endpoint /expat/frontalier/source-tax should\r\n'
              '  // be called. This local service is for educational quick estimates only.\r\n'
              '  // TODO: Wire mobile to backend API for authoritative source tax calculations.\r\n'
              '\r\n'
              '  static const Map<String, double> sourceTaxRates = {\r\n'
              '    \'GE\': 0.1548,\r\n'
              '    \'VD\': 0.1489,\r\n'
              '    \'VS\': 0.1456,\r\n'
              '    \'NE\': 0.1423,\r\n'
              '    \'FR\': 0.1412,\r\n'
              '    \'BE\': 0.1345,\r\n'
              '    \'ZH\': 0.1287,\r\n'
              '    \'LU\': 0.1234,\r\n'
              '    \'BS\': 0.1578,\r\n'
              '    \'BL\': 0.1456,\r\n'
              '    \'AG\': 0.1212,\r\n'
              '    \'SG\': 0.1245,\r\n'
              '    \'TG\': 0.1189,\r\n'
              '    \'GR\': 0.1267,\r\n'
              '    \'TI\': 0.0000, // Taxed in Italy (new agreement 2024)\r\n'
              '    \'AR\': 0.1178,\r\n'
              '    \'AI\': 0.1145,\r\n'
              '    \'SH\': 0.1223,\r\n'
              '    \'OW\': 0.1112,\r\n'
              '    \'NW\': 0.1123,\r\n'
              '    \'GL\': 0.1201,\r\n'
              '    \'ZG\': 0.1089,\r\n'
              '    \'UR\': 0.1156,\r\n'
              '    \'SZ\': 0.1134,\r\n'
              '    \'SO\': 0.1312,\r\n'
              '    \'JU\': 0.1512,\r\n'
              '  };\r\n'
              '\r\n'
              '  // ════════════════════════════════════════════════════════════\r\n'
              '  //  SOCIAL CHARGES CH\r\n'
              '  // ════════════════════════════════════════════════════════════\r\n'
              '\r\n'
              '  /// AVS/AI/APG employee share (%).\r\n'
              '  static double get avsAiApgRate => reg(\'avs.employee_rate\', avsCotisationSalarie);\r\n'
              '\r\n'
              '  /// AC employee share up to CHF 148\'200.\r\n'
              '  static double get acRate => reg(\'ac.employee_rate\', acCotisationSalarie);\r\n'
              '\r\n'
              '  /// AC solidarite above CHF 148\'200.\r\n'
              '  static double get acSolidariteRate => reg(\'ac.solidarity_rate\', acCotisationSolidariteSalarie);\r\n'
              '\r\n'
              '  /// AC ceiling.\r\n'
              '  static double get acCeiling => reg(\'ac.salary_ceiling\', acPlafondSalaireAssure);\r\n'
              '\r\n'
              '  /// Quasi-resident threshold: 90% of worldwide income in CH.\r\n'
              '  static const double quasiResidentThreshold = 0.90;\r\n'
              '\r\n'
              '  /// 90-day rule threshold.\r\n'
              '  static const int ninetyDayRuleThreshold = 90;\r\n'
              '\r\n'
              '  // ════════════════════════════════════════════════════════════\r\n'
              '  //  FORFAIT FISCAL MINIMUMS BY CANTON\r\n'
              '  // ════════════════════════════════════════════════════════════\r\n'
              '\r\n'
              '  /// Federal forfait minimum.\r\n'
              '  static const double forfaitFederalMinimum = 400000.0;\r\n'
              '\r\n'
              '  /// Cantonal forfait minimums (depenses de vie minimum).\r\n'
              '  /// null means abolished / not available.\r\n'
              '  /// Source: LIFD art. 14 al. 3 (base fédérale CHF 400\'000), lois cantonales.\r\n'
              '  static const Map<String, double?> forfaitMinimumByCanton = {\r\n'
              '    \'VD\': 1000000.0,  // LI-VD art. 60\r\n'
              '    \'GE\': 600000.0,   // LIPP-GE art. 15\r\n'
              '    \'VS\': 250000.0,   // LF-VS art. 12\r\n'
              '    \'ZG\': 500000.0,   // StG-ZG § 12\r\n'
              '    \'FR\': 400000.0,   // LICD-FR art. 12\r\n'
              '    \'LU\': 400000.0,   // StG-LU § 14 (base fédérale)\r\n'
              '    \'BE\': 400000.0,   // StG-BE art. 14\r\n'
              '    \'NE\': 500000.0,   // LCdir-NE art. 14\r\n'
              '    \'TI\': 400000.0,   // LT-TI art. 7 (base fédérale)\r\n'
              '    \'GR\': 400000.0,   // StG-GR art. 11\r\n'
              '    \'SG\': 400000.0,   // StG-SG art. 12\r\n'
              '    \'TG\': 400000.0,   // StG-TG § 12\r\n'
              '    \'AG\': 400000.0,   // StG-AG § 12\r\n'
              '    \'SO\': 400000.0,   // StG-SO § 11\r\n'
              '    \'OW\': 400000.0,   // StG-OW art. 12 (base fédérale)\r\n'
              '    \'NW\': 400000.0,   // StG-NW art. 12 (base fédérale)\r\n'
              '    \'GL\': 400000.0,   // StG-GL art. 12 (base fédérale)\r\n'
              '    \'UR\': 400000.0,   // StG-UR art. 12 (base fédérale)\r\n'
              '    \'SZ\': 400000.0,   // StG-SZ § 12\r\n'
              '    \'JU\': 400000.0,   // LI-JU art. 12\r\n'
              '    // Abolished:\r\n'
              '    \'ZH\': null,\r\n'
              '    \'SH\': null,\r\n'
              '    \'AR\': null,\r\n'
              '    \'AI\': null,\r\n'
              '    \'BS\': null,\r\n'
              '    \'BL\': null,\r\n'
              '  };\r\n'
              '\r\n'
              '  /// Cantons where forfait is abolished.\r\n'
              '  static const Set<String> forfaitAbolishedCantons = {\r\n'
              '    \'ZH\', \'SH\', \'AR\', \'AI\', \'BS\', \'BL\',\r\n'
              '  };\r\n'
              '\r\n'
              '  /// List of eligible cantons for forfait (sorted).\r\n'
              '  static List<String> get eligibleForfaitCantons {\r\n'
              '    final eligible = forfaitMinimumByCanton.entries\r\n'
              '        .where((e) => e.value != null)\r\n'
              '        .map((e) => e.key)\r\n'
              '        .toList()\r\n'
              '      ..sort();\r\n'
              '    return eligible;\r\n'
              '  }\r\n'
              '\r\n'
              '  // ════════════════════════════════════════════════════════════\r\n'
              '  //  AVS VOLUNTARY ABROAD\r\n'
              '  // ════════════════════════════════════════════════════════════\r\n'
              '\r\n'
              '  /// AVS voluntary minimum contribution per year.\r\n'
              '  static double get avsVoluntaryMin => reg(\'avs.voluntary_min\', avsVolontaireCotisationMin);\r\n'
              '\r\n'
              '  /// AVS voluntary maximum contribution per year.\r\n'
              '  static double get avsVoluntaryMax => reg(\'avs.voluntary_max\', avsVolontaireCotisationMax);\r\n'
              '\r\n'
              '  /// Rente reduction per missing year (~2.3% per year on 44 years).\r\n'
              '  static double get reductionPerMissingYear => 1.0 / reg(\'avs.full_contribution_years\', avsDureeCotisationComplete.toDouble());\r\n'
              '\r\n'
              '  /// Full contribution years for max AVS rente.\r\n'
              '  static int get fullContributionYears => reg(\'avs.full_contribution_years\', avsDureeCotisationComplete.toDouble()).toInt();\r\n'
              '\r\n'
              '  // ════════════════════════════════════════════════════════════\r\n'
              '  //  NEIGHBOURING COUNTRY SOCIAL CHARGES (approx employee share)\r\n'
              '  // ════════════════════════════════════════════════════════════\r\n'
              '\r\n'
              '  /// Source: backend CHARGES_SOCIALES_PAYS (CSS, SGB IV, INPS, ASVG).\r\n'
              '  static const Map<String, Map<String, double>> foreignSocialCharges = {\r\n'
              '    \'France\': {\r\n'
              '      \'maladie\': 0.0000, // CSG/CRDS handled differently\r\n'
              '      \'vieillesse_base\': 0.0690,\r\n'
              '      \'vieillesse_compl\': 0.0400,\r\n'
              '      \'chomage\': 0.0240,\r\n'
              '      \'csg_crds\': 0.0920,\r\n'
              '      \'total\': 0.225,  // ~22.5% (aligned with backend)\r\n'
              '    },\r\n'
              '    \'Allemagne\': {\r\n'
              '      \'krankenversicherung\': 0.0730,\r\n'
              '      \'rentenversicherung\': 0.0930,\r\n'
              '      \'arbeitslosenversicherung\': 0.0130,\r\n'
              '      \'pflegeversicherung\': 0.0260,\r\n'
              '      \'total\': 0.205,  // ~20.5% (aligned with backend)\r\n'
              '    },\r\n'
              '    \'Italie\': {\r\n'
              '      \'inps_pensione\': 0.0700,\r\n'
              '      \'inps_malattia\': 0.0150,\r\n'
              '      \'disoccupazione\': 0.0150,\r\n'
              '      \'total\': 0.10,   // ~10% (aligned with backend)\r\n'
              '    },\r\n'
              '    \'Autriche\': {\r\n'
              '      \'krankenversicherung\': 0.0387,\r\n'
              '      \'pensionsversicherung\': 0.1025,\r\n'
              '      \'arbeitslosenversicherung\': 0.0300,\r\n'
              '      \'wohnbaufoerderung\': 0.0088,\r\n'
              '      \'total\': 0.18,   // ~18% (aligned with backend)\r\n'
              '    },\r\n'
              '  };\r\n'
              '\r\n'
              '  /// Approximate effective tax rates for comparison countries.\r\n'
              '  static const Map<String, double> foreignEffectiveTaxRate = {\r\n'
              '    \'France\': 0.30,\r\n'
              '    \'Allemagne\': 0.35,\r\n'
              '    \'Italie\': 0.38,\r\n'
              '    \'Autriche\': 0.33,\r\n'
              '    \'Portugal\': 0.20,\r\n'
              '    \'Dubai\': 0.00,\r\n'
              '    \'Singapour\': 0.15,\r\n'
              '    \'UK\': 0.32,\r\n'
              '  };\r\n'
              '\r\n'
              '  // ════════════════════════════════════════════════════════════\r\n'
              '  //  CANTON NAMES (French)\r\n'
              '  // ════════════════════════════════════════════════════════════\r\n'
              '\r\n'
              '  static const Map<String, String> cantonNames = {\r\n'
              '    \'ZH\': \'Zurich\',\r\n'
              '    \'BE\': \'Berne\',\r\n'
              '    \'LU\': \'Lucerne\',\r\n'
              '    \'UR\': \'Uri\',\r\n'
              '    \'SZ\': \'Schwyz\',\r\n'
              '    \'OW\': \'Obwald\',\r\n'
              '    \'NW\': \'Nidwald\',\r\n'
              '    \'GL\': \'Glaris\',\r\n'
              '    \'ZG\': \'Zoug\',\r\n'
              '    \'FR\': \'Fribourg\',\r\n'
              '    \'SO\': \'Soleure\',\r\n'
              '    \'BS\': \'Bale-Ville\',\r\n'
              '    \'BL\': \'Bale-Campagne\',\r\n'
              '    \'SH\': \'Schaffhouse\',\r\n'
              '    \'AR\': \'Appenzell RE\',\r\n'
              '    \'AI\': \'Appenzell RI\',\r\n'
              '    \'SG\': \'Saint-Gall\',\r\n'
              '    \'GR\': \'Grisons\',\r\n'
              '    \'AG\': \'Argovie\',\r\n'
              '    \'TG\': \'Thurgovie\',\r\n'
              '    \'TI\': \'Tessin\',\r\n'
              '    \'VD\': \'Vaud\',\r\n'
              '    \'VS\': \'Valais\',\r\n'
              '    \'NE\': \'Neuchatel\',\r\n'
              '    \'GE\': \'Geneve\',\r\n'
              '    \'JU\': \'Jura\',\r\n'
              '  };\r\n'
              '\r\n'
              '  /// Sorted canton codes (alphabetical).\r\n'
              '  static List<String> get sortedCantonCodes {\r\n'
              '    final codes = cantonNames.keys.toList()..sort();\r\n'
              '    return codes;\r\n'
              '  }\r\n'
              '\r\n'
              '  // ════════════════════════════════════════════════════════════\r\n'
              '  //  1. CALCULATE SOURCE TAX (Bareme C)\r\n'
              '  // ════════════════════════════════════════════════════════════\r\n'
              '\r\n'
              '  /// Calculate monthly source tax for a frontalier.\r\n'
              '  ///\r\n'
              '  /// [salary] — gross monthly salary in CHF.\r\n'
              '  /// [canton] — canton of work (2-letter code).\r\n'
              '  /// [isMarried] — married status.\r\n'
              '  /// [children] — number of dependent children.\r\n'
              '  ///\r\n'
              '  /// Returns effective tax, rate, annual total.\r\n'
              '  static Map<String, dynamic> calculateSourceTax({\r\n'
              '    required double salary,\r\n'
              '    required String canton,\r\n'
              '    bool isMarried = false,\r\n'
              '    int children = 0,\r\n'
              '  }) {\r\n'
              '    // Wave 7 edge-case audit P0-E33 : un canton en minuscule ou avec\r\n'
              '    // espace ("ge", "GE ", "Geneva") tombait silencieusement sur le\r\n'
              '    // fallback 13 % au lieu du vrai taux cantonal. resolveCanton()\r\n'
              '    // normalise + valide.\r\n'
              '    final cantonCode = resolveCanton(canton).code;\r\n'
              '    final baseRate = sourceTaxRates[cantonCode] ?? 0.13;\r\n'
              '\r\n'
              '    // TI special case: taxed in Italy, not at source in CH\r\n'
              '    if (cantonCode == \'TI\') {\r\n'
              '      return {\r\n'
              '        \'monthlySalary\': salary,\r\n'
              '        \'canton\': canton,\r\n'
              '        \'cantonNom\': cantonNames[canton] ?? canton,\r\n'
              '        \'monthlyTax\': 0.0,\r\n'
              '        \'effectiveRate\': 0.0,\r\n'
              '        \'annualTax\': 0.0,\r\n'
              '        \'isMarried\': isMarried,\r\n'
              '        \'children\': children,\r\n'
              '        \'isTessin\': true,\r\n'
              '        \'note\': \'Depuis le nouvel accord CH-IT (2024), les frontaliers \'\r\n'
              '            \'travaillant au Tessin sont imposes en Italie. \'\r\n'
              '            \'La Suisse ne preleve pas d\\\'impot a la source.\',\r\n'
              '        \'disclaimer\': disclaimer,\r\n'
              '      };\r\n'
              '    }\r\n'
              '\r\n'
              '    // Married reduction factor (~8%)\r\n'
              '    double marriedFactor = isMarried ? 0.92 : 1.0;\r\n'
              '\r\n'
              '    // Children reduction: ~2.5% per child\r\n'
              '    double childrenFactor = 1.0 - (children * 0.025);\r\n'
              '    childrenFactor = max(0.70, childrenFactor); // floor at 70%\r\n'
              '\r\n'
              '    final effectiveRate = baseRate * marriedFactor * childrenFactor;\r\n'
              '    final monthlyTax = salary * effectiveRate;\r\n'
              '    final annualTax = monthlyTax * 12;\r\n'
              '\r\n'
              '    return {\r\n'
              '      \'monthlySalary\': salary,\r\n'
              '      \'canton\': cantonCode,\r\n'
              '      \'cantonNom\': cantonNames[cantonCode] ?? cantonCode,\r\n'
              '      \'monthlyTax\': monthlyTax,\r\n'
              '      \'effectiveRate\': effectiveRate,\r\n'
              '      \'annualTax\': annualTax,\r\n'
              '      \'baseRate\': baseRate,\r\n'
              '      \'isMarried\': isMarried,\r\n'
              '      \'children\': children,\r\n'
              '      \'isTessin\': false,\r\n'
              '      \'disclaimer\': disclaimer,\r\n'
              '    };\r\n'
              '  }\r\n'
              '\r\n'
              '  // ════════════════════════════════════════════════════════════\r\n'
              '  //  2. CHECK QUASI-RESIDENT ELIGIBILITY\r\n'
              '  // ════════════════════════════════════════════════════════════\r\n'
              '\r\n'
              '  /// Check quasi-resident status (mainly relevant for GE).\r\n'
              '  ///\r\n'
              '  /// If >= 90% of worldwide income is earned in CH, the frontalier\r\n'
              '  /// can request ordinary taxation (with deductions).\r\n'
              '  static Map<String, dynamic> checkQuasiResident({\r\n'
              '    required double chIncome,\r\n'
              '    required double worldwideIncome,\r\n'
              '    required String canton,\r\n'
              '  }) {\r\n'
              '    if (worldwideIncome <= 0) {\r\n'
              '      return {\r\n'
              '        \'eligible\': false,\r\n'
              '        \'ratio\': 0.0,\r\n'
              '        \'potentialSavings\': 0.0,\r\n'
              '        \'canton\': canton,\r\n'
              '        \'disclaimer\': disclaimer,\r\n'
              '      };\r\n'
              '    }\r\n'
              '\r\n'
              '    final ratio = chIncome / worldwideIncome;\r\n'
              '    final eligible = ratio >= quasiResidentThreshold;\r\n'
              '\r\n'
              '    // Potential savings: difference between source tax and ordinary tax\r\n'
              '    // Ordinary tax allows deductions (3a, frais effectifs, etc.)\r\n'
              '    // Rough estimate: ~15-25% savings on source tax\r\n'
              '    double potentialSavings = 0.0;\r\n'
              '    if (eligible) {\r\n'
              '      final sourceRate = sourceTaxRates[canton] ?? 0.13;\r\n'
              '      // Assume ~20% reduction thanks to deductions\r\n'
              '      potentialSavings = chIncome * sourceRate * 0.20;\r\n'
              '    }\r\n'
              '\r\n'
              '    return {\r\n'
              '      \'eligible\': eligible,\r\n'
              '      \'ratio\': ratio,\r\n'
              '      \'ratioPercent\': (ratio * 100),\r\n'
              '      \'threshold\': quasiResidentThreshold * 100,\r\n'
              '      \'chIncome\': chIncome,\r\n'
              '      \'worldwideIncome\': worldwideIncome,\r\n'
              '      \'potentialSavings\': potentialSavings,\r\n'
              '      \'canton\': canton,\r\n'
              '      \'cantonNom\': cantonNames[canton] ?? canton,\r\n'
              '      \'recommendation\': eligible\r\n'
              '          ? \'Tu es éligible au statut de quasi-résident. Cela te permet de \'\r\n'
              '              \'faire une taxation ordinaire avec déductions (3a, frais effectifs, etc.). \'\r\n'
              '              \'L\\\'économie potentielle est estimée à ${formatChf(potentialSavings)}/an.\'\r\n'
              '          : \'Tu n\\\'es pas éligible au statut de quasi-résident. \'\r\n'
              '              \'Il te faudrait que ${(quasiResidentThreshold * 100).toStringAsFixed(0)}% \'\r\n'
              '              \'de tes revenus mondiaux proviennent de Suisse.\',\r\n'
              '      \'disclaimer\': disclaimer,\r\n'
              '    };\r\n'
              '  }\r\n'
              '\r\n'
              '  // ════════════════════════════════════════════════════════════\r\n'
              '  //  3. SIMULATE 90-DAY RULE\r\n'
              '  // ════════════════════════════════════════════════════════════\r\n'
              '\r\n'
              '  /// Simulate the 90-day home office rule for frontaliers.\r\n'
              '  ///\r\n'
              '  /// If a frontalier works more than 90 days/year outside CH,\r\n'
              '  /// the taxation may shift to the country of residence.\r\n'
              '  static Map<String, dynamic> simulate90DayRule({\r\n'
              '    required int homeOfficeDays,\r\n'
              '    required int commuteDays,\r\n'
              '  }) {\r\n'
              '    final totalWorkDays = homeOfficeDays + commuteDays;\r\n'
              '    final riskDays = homeOfficeDays;\r\n'
              '\r\n'
              '    String riskLevel;\r\n'
              '    String riskColor;\r\n'
              '    String recommendation;\r\n'
              '\r\n'
              '    if (riskDays < 70) {\r\n'
              '      riskLevel = \'low\';\r\n'
              '      riskColor = \'green\';\r\n'
              '      recommendation =\r\n'
              '          \'Pas de risque fiscal. Tu es largement sous le seuil de 90 jours. \'\r\n'
              '          \'Tu peux continuer a travailler depuis ton domicile a l\\\'etranger \'\r\n'
              '          \'sans impact sur ton imposition a la source en Suisse.\';\r\n'
              '    } else if (riskDays < 90) {\r\n'
              '      riskLevel = \'medium\';\r\n'
              '      riskColor = \'orange\';\r\n'
              '      recommendation =\r\n'
              '          \'Zone d\\\'attention ! Tu t\\\'approches du seuil de 90 jours. \'\r\n'
              '          \'Il te reste ${90 - riskDays} jours de marge. \'\r\n'
              '          \'Documente bien tes jours de presence au bureau en Suisse.\';\r\n'
              '    } else {\r\n'
              '      riskLevel = \'high\';\r\n'
              '      riskColor = \'red\';\r\n'
              '      recommendation =\r\n'
              '          \'Risque fiscal — l\\\'imposition peut basculer vers ton pays de residence. \'\r\n'
              '          \'Avec $riskDays jours de home office, tu depasses le seuil de 90 jours. \'\r\n'
              '          \'Ton employeur pourrait devoir cotiser dans ton pays de residence. \'\r\n'
              '          \'Consulte un-e spécialiste en fiscalité internationale.\'; // lint-ignore: legacy expat disclaimer catalog\r\n'
              '    }\r\n'
              '\r\n'
              '    return {\r\n'
              '      \'homeOfficeDays\': homeOfficeDays,\r\n'
              '      \'commuteDays\': commuteDays,\r\n'
              '      \'totalWorkDays\': totalWorkDays,\r\n'
              '      \'riskDays\': riskDays,\r\n'
              '      \'riskLevel\': riskLevel,\r\n'
              '      \'riskColor\': riskColor,\r\n'
              '      \'threshold\': ninetyDayRuleThreshold,\r\n'
              '      \'daysRemaining\': max(0, ninetyDayRuleThreshold - riskDays),\r\n'
              '      \'isOverThreshold\': riskDays >= ninetyDayRuleThreshold,\r\n'
              '      \'recommendation\': recommendation,\r\n'
              '      \'legalReference\':\r\n'
              '          \'Art. 15 al. 4 CDI CH-FR / Accord amiable du 22 decembre 2022 / \'\r\n'
              '          \'Reglement CE 883/2004 art. 13\',\r\n'
              '      \'disclaimer\': disclaimer,\r\n'
              '    };\r\n'
              '  }\r\n'
              '\r\n'
              '  // ════════════════════════════════════════════════════════════\r\n'
              '  //  4. COMPARE SOCIAL CHARGES\r\n'
              '  // ════════════════════════════════════════════════════════════\r\n'
              '\r\n'
              '  /// Compare Swiss social charges vs a neighbouring country.\r\n'
              '  static Map<String, dynamic> compareSocialCharges({\r\n'
              '    required double salary,\r\n'
              '    required String residenceCountry,\r\n'
              '  }) {\r\n'
              '    final annualSalary = salary * 12;\r\n'
              '\r\n'
              '    // ── CH charges ──\r\n'
              '    final chAvs = annualSalary * avsAiApgRate;\r\n'
              '    final chAcBase = min(annualSalary, acCeiling) * acRate;\r\n'
              '    final chAcSolidarite =\r\n'
              '        annualSalary > acCeiling ? (annualSalary - acCeiling) * acSolidariteRate : 0.0;\r\n'
              '    final chAc = chAcBase + chAcSolidarite;\r\n'
              '\r\n'
              '    // Estimated LPP contribution (employee ~7% of coordinated salary)\r\n'
              '    final coordinatedSalary = max(0.0, min(annualSalary, reg(\'lpp.max_insured_salary\', lppSalaireMax)) - reg(\'lpp.coordination_deduction\', lppDeductionCoordination));\r\n'
              '    final chLpp = coordinatedSalary * 0.07;\r\n'
              '\r\n'
              '    final chTotal = chAvs + chAc + chLpp;\r\n'
              '\r\n'
              '    // ── Foreign charges ──\r\n'
              '    final foreignData = foreignSocialCharges[residenceCountry];\r\n'
              '    final foreignTotalRate = foreignData?[\'total\'] ?? 0.20;\r\n'
              '    final foreignTotal = annualSalary * foreignTotalRate;\r\n'
              '\r\n'
              '    final difference = chTotal - foreignTotal;\r\n'
              '\r\n'
              '    return {\r\n'
              '      \'monthlySalary\': salary,\r\n'
              '      \'annualSalary\': annualSalary,\r\n'
              '      \'residenceCountry\': residenceCountry,\r\n'
              '      \'ch\': {\r\n'
              '        \'avs_ai_apg\': chAvs,\r\n'
              '        \'ac\': chAc,\r\n'
              '        \'lpp\': chLpp,\r\n'
              '        \'total\': chTotal,\r\n'
              '        \'totalRate\': chTotal / annualSalary,\r\n'
              '      },\r\n'
              '      \'foreign\': {\r\n'
              '        \'details\': foreignData ?? {},\r\n'
              '        \'total\': foreignTotal,\r\n'
              '        \'totalRate\': foreignTotalRate,\r\n'
              '      },\r\n'
              '      \'difference\': difference,\r\n'
              '      \'chLessCostly\': difference < 0,\r\n'
              '      \'monthlyDifference\': difference / 12,\r\n'
              '      \'disclaimer\': disclaimer,\r\n'
              '    };\r\n'
              '  }\r\n'
              '\r\n'
              '  // ════════════════════════════════════════════════════════════\r\n'
              '  //  5. SIMULATE FORFAIT FISCAL (lump-sum taxation)\r\n'
              '  // ════════════════════════════════════════════════════════════\r\n'
              '\r\n'
              '  /// Simulate forfait fiscal for a wealthy expatriate.\r\n'
              '  ///\r\n'
              '  /// The forfait is based on living expenses (minimum canton threshold).\r\n'
              '  /// Compared to ordinary taxation on actual income.\r\n'
              '  static Map<String, dynamic> simulateForfaitFiscal({\r\n'
              '    required String canton,\r\n'
              '    required double livingExpenses,\r\n'
              '    required double actualIncome,\r\n'
              '  }) {\r\n'
              '    final cantonMin = forfaitMinimumByCanton[canton];\r\n'
              '\r\n'
              '    if (cantonMin == null) {\r\n'
              '      return {\r\n'
              '        \'canton\': canton,\r\n'
              '        \'cantonNom\': cantonNames[canton] ?? canton,\r\n'
              '        \'eligible\': false,\r\n'
              '        \'abolished\': true,\r\n'
              '        \'note\': \'Le forfait fiscal a ete aboli dans le canton de \'\r\n'
              '            \'${cantonNames[canton] ?? canton}. Il n\\\'est plus possible \'\r\n'
              '            \'d\\\'en beneficier.\',\r\n'
              '        \'disclaimer\': disclaimer,\r\n'
              '      };\r\n'
              '    }\r\n'
              '\r\n'
              '    // Forfait base = max(living expenses, cantonal minimum, federal minimum)\r\n'
              '    final forfaitBase = [livingExpenses, cantonMin, forfaitFederalMinimum]\r\n'
              '        .reduce(max);\r\n'
              '\r\n'
              '    // Forfait tax: apply a simplified effective rate (~25% on forfait base)\r\n'
              '    // This is an approximation; actual rates vary by canton\r\n'
              '    const forfaitTaxRate = 0.25;\r\n'
              '    final forfaitTax = forfaitBase * forfaitTaxRate;\r\n'
              '\r\n'
              '    // Ordinary tax on actual income\r\n'
              '    const ordinaryTaxRate = 0.35; // High earner marginal rate estimate\r\n'
              '    final ordinaryTax = actualIncome * ordinaryTaxRate;\r\n'
              '\r\n'
              '    final savings = ordinaryTax - forfaitTax;\r\n'
              '    final savingsPercent = ordinaryTax > 0 ? savings / ordinaryTax * 100 : 0.0;\r\n'
              '\r\n'
              '    return {\r\n'
              '      \'canton\': canton,\r\n'
              '      \'cantonNom\': cantonNames[canton] ?? canton,\r\n'
              '      \'eligible\': true,\r\n'
              '      \'abolished\': false,\r\n'
              '      \'livingExpenses\': livingExpenses,\r\n'
              '      \'actualIncome\': actualIncome,\r\n'
              '      \'forfaitBase\': forfaitBase,\r\n'
              '      \'cantonMinimum\': cantonMin,\r\n'
              '      \'federalMinimum\': forfaitFederalMinimum,\r\n'
              '      \'forfaitTax\': forfaitTax,\r\n'
              '      \'ordinaryTax\': ordinaryTax,\r\n'
              '      \'savings\': savings,\r\n'
              '      \'savingsPercent\': savingsPercent,\r\n'
              '      \'isFavorable\': savings > 0,\r\n'
              '      \'disclaimer\': disclaimer,\r\n'
              '    };\r\n'
              '  }\r\n'
              '\r\n'
              '  // ════════════════════════════════════════════════════════════\r\n'
              '  //  6. ASSESS AVS GAP ORIENTATION\r\n'
              '  // ════════════════════════════════════════════════════════════\r\n'
              '\r\n'
              '  /// Assess declared time abroad without turning it into confirmed AVS gaps.\r\n'
              '  ///\r\n'
              '  /// A raw contribution-duration benchmark is exposed only when missing\r\n'
              '  /// contribution years observed on an individual-account statement are\r\n'
              '  /// explicitly supplied. It is not a pension reduction or an official\r\n'
              '  /// scale decision, and no CHF loss is inferred from residence history.\r\n'
              '  static AvsGapAssessment? assessAvsGapOrientation({\r\n'
              '    required bool scenarioStarted,\r\n'
              '    required int yearsAbroad,\r\n'
              '    int? ciObservedMissingContributionYears,\r\n'
              '  }) {\r\n'
              '    if (!scenarioStarted) return null;\r\n'
              '\r\n'
              '    _validateAvsYears(yearsAbroad, \'yearsAbroad\');\r\n'
              '    if (ciObservedMissingContributionYears != null &&\r\n'
              '        (ciObservedMissingContributionYears < 0 ||\r\n'
              '            ciObservedMissingContributionYears > fullContributionYears)) {\r\n'
              '      throw RangeError.range(\r\n'
              '        ciObservedMissingContributionYears,\r\n'
              '        0,\r\n'
              '        fullContributionYears,\r\n'
              '        \'ciObservedMissingContributionYears\',\r\n'
              '      );\r\n'
              '    }\r\n'
              '    return AvsGapAssessment(\r\n'
              '      yearsAbroadDeclared: yearsAbroad,\r\n'
              '      ciObservedMissingContributionYears: ciObservedMissingContributionYears,\r\n'
              '      rawContributionDurationGapPercent:\r\n'
              '          ciObservedMissingContributionYears == null\r\n'
              '              ? null\r\n'
              '              : AvsCalculator.rawContributionDurationGapPercent(\r\n'
              '                  ciObservedMissingContributionYears,\r\n'
              '                ),\r\n'
              '    );\r\n'
              '  }\r\n'
              '\r\n'
              '  static void _validateAvsYears(int value, String name) {\r\n'
              '    if (value < 0 || value > fullContributionYears) {\r\n'
              '      throw RangeError.range(value, 0, fullContributionYears, name);\r\n'
              '    }\r\n'
              '  }\r\n'
              '\r\n'
              '  // ════════════════════════════════════════════════════════════\r\n'
              '  //  7. PLAN DEPARTURE\r\n'
              '  // ════════════════════════════════════════════════════════════\r\n'
              '\r\n'
              '  /// Generate a departure checklist with timing.\r\n'
              '  static Map<String, dynamic> planDeparture({\r\n'
              '    required DateTime departureDate,\r\n'
              '    required String canton,\r\n'
              '    double pillar3aBalance = 0,\r\n'
              '    double lppBalance = 0,\r\n'
              '  }) {\r\n'
              '    final now = DateTime.now();\r\n'
              '    final daysUntilDeparture = departureDate.difference(now).inDays;\r\n'
              '    // Wave 7 edge-case audit P0-E36 (2026-04-18) : une date de départ\r\n'
              '    // passée affichait les items comme "priority: high" et un\r\n'
              '    // daysUntilDeparture négatif rendu brut à l\'UI. On surface un\r\n'
              '    // état `already_departed` explicite à la place.\r\n'
              '    if (daysUntilDeparture < 0) {\r\n'
              '      return {\r\n'
              '        \'status\': \'already_departed\',\r\n'
              '        \'departureDate\': departureDate.toIso8601String(),\r\n'
              '        \'canton\': canton,\r\n'
              '        \'cantonNom\': cantonNames[canton] ?? canton,\r\n'
              '        \'daysSinceDeparture\': -daysUntilDeparture,\r\n'
              '        \'checklist\': const <Map<String, dynamic>>[],\r\n'
              '        \'note\':\r\n'
              '            \'Date de départ dans le passé. Si tu viens de quitter la Suisse, \'\r\n'
              '                \'les démarches fiscales (déclaration prorata temporis, \'\r\n'
              '                \'retrait 3a/LPP) doivent être engagées sans tarder.\',\r\n'
              '        \'disclaimer\': disclaimer,\r\n'
              '      };\r\n'
              '    }\r\n'
              '\r\n'
              '    final checklist = <Map<String, dynamic>>[\r\n'
              '      {\r\n'
              '        \'id\': \'pillar3a\',\r\n'
              '        \'title\': \'Retirer pilier 3a\',\r\n'
              '        // Wave 7 fiscal audit P0-E1 (2026-04-18) : la phrase précédente\r\n'
              '        // « Impot de sortie reduit » est factuellement fausse. Le retrait\r\n'
              '        // 3a pour départ définitif est taxé séparément (LIFD art. 38\r\n'
              '        // al. 2 — barème 1/5 du taux ordinaire) + impôt cantonal à la\r\n'
              '        // source sur prestations en capital prévoyance (3-9 % selon\r\n'
              '        // canton du dernier domicile). Pour une US person, ce retrait\r\n'
              '        // déclenche aussi un exit event côté IRS (3a non-qualified).\r\n'
              '        \'subtitle\':\r\n'
              '            \'Conditions OPP3 art. 3 al. 1 let. b : possible dès départ \'\r\n'
              '                \'définitif. Imposition séparée LIFD art. 38 + impôt \'\r\n'
              '                \'cantonal à la source (3-9 %).\',\r\n'
              '        \'timing\': \'Avant le depart ou juste apres\',\r\n'
              '        \'balance\': pillar3aBalance,\r\n'
              '        \'priority\': pillar3aBalance > 0 ? \'high\' : \'low\',\r\n'
              '        \'legalRef\': \'OPP3 art. 3 al. 1 let. b + LIFD art. 38\',\r\n'
              '        \'usPersonWarning\':\r\n'
              '            \'US person : retrait 3a = exit event IRS (foreign trust / PFIC). \'\r\n'
              '                \'Consulte un·e fiscaliste CH-US avant.\',\r\n'
              '      },\r\n'
              '      {\r\n'
              '        \'id\': \'lpp\',\r\n'
              '        \'title\': \'Transferer LPP en libre passage\',\r\n'
              '        // Wave 7 fiscal audit P0-E2 (2026-04-18) : le libellé précédent\r\n'
              '        // suggérait que toute la LPP était bloquée sur libre passage si\r\n'
              '        // destination UE/AELE. En réalité, seule la PART OBLIGATOIRE\r\n'
              '        // (LPP art. 7-8) est bloquée (LFLP art. 25f al. 1, en vigueur\r\n'
              '        // 01.06.2007) quand l\'assuré est soumis à l\'assurance obligatoire\r\n'
              '        // retraite/invalidité/décès dans le pays UE/AELE. La PART\r\n'
              '        // SUROBLIGATOIRE peut être retirée en capital (al. 2).\r\n'
              '        \'subtitle\':\r\n'
              '            \'UE/AELE + affiliation sécu locale → part obligatoire sur \'\r\n'
              '                \'libre passage, part surobligatoire retirable en capital. \'\r\n'
              '                \'Hors UE/AELE (ou sans affiliation sécu) → retrait \'\r\n'
              '                \'intégral possible (LFLP art. 25f al. 1-2).\',\r\n'
              '        \'timing\': \'A organiser avant le depart\',\r\n'
              '        \'balance\': lppBalance,\r\n'
              '        \'priority\': lppBalance > 0 ? \'high\' : \'low\',\r\n'
              '        \'legalRef\': \'LFLP art. 25f al. 1-2\',\r\n'
              '      },\r\n'
              '      {\r\n'
              '        \'id\': \'commune\',\r\n'
              '        \'title\': \'Annoncer depart a la commune\',\r\n'
              '        \'subtitle\': \'Formulaire de depart + desinscription registre des habitants.\',\r\n'
              '        \'timing\': \'2-4 semaines avant le depart\',\r\n'
              '        \'priority\': \'high\',\r\n'
              '      },\r\n'
              '      {\r\n'
              '        \'id\': \'lamal\',\r\n'
              '        \'title\': \'Resilier LAMal\',\r\n'
              '        \'subtitle\':\r\n'
              '            \'Resiliation effective a la date de depart. Prevoir une assurance \'\r\n'
              '                \'dans le pays de destination.\',\r\n'
              '        \'timing\': \'Des la confirmation de depart\',\r\n'
              '        \'priority\': \'high\',\r\n'
              '      },\r\n'
              '      {\r\n'
              '        \'id\': \'cdi\',\r\n'
              '        \'title\': \'Verifier CDI avec pays de destination\',\r\n'
              '        \'subtitle\':\r\n'
              '            \'Convention de double imposition : eviter de payer 2x les impots. \'\r\n'
              '                \'La Suisse a signe des CDI avec plus de 100 pays.\',\r\n'
              '        \'timing\': \'Avant le depart\',\r\n'
              '        \'priority\': \'medium\',\r\n'
              '      },\r\n'
              '      {\r\n'
              '        \'id\': \'caution\',\r\n'
              '        \'title\': \'Recuperer caution de loyer\',\r\n'
              '        \'subtitle\':\r\n'
              '            \'Demander la liberation aupres de la banque. \'\r\n'
              '                \'Delai: jusqu\\\'a 1 an si le bailleur ne repond pas.\',\r\n'
              '        \'timing\': \'Apres la remise des cles\',\r\n'
              '        \'priority\': \'medium\',\r\n'
              '      },\r\n'
              '      {\r\n'
              '        \'id\': \'impots_prorata\',\r\n'
              '        \'title\': \'Declarer impots prorata temporis\',\r\n'
              '        \'subtitle\':\r\n'
              '            \'Tu seras impose sur les revenus du 1er janvier jusqu\\\'a la date de depart. \'\r\n'
              '                \'Delai de depot: 30 jours apres le depart.\',\r\n'
              '        \'timing\': \'30 jours apres le depart\',\r\n'
              '        \'priority\': \'high\',\r\n'
              '      },\r\n'
              '    ];\r\n'
              '\r\n'
              '    return {\r\n'
              '      \'departureDate\': departureDate.toIso8601String(),\r\n'
              '      \'canton\': canton,\r\n'
              '      \'cantonNom\': cantonNames[canton] ?? canton,\r\n'
              '      \'daysUntilDeparture\': daysUntilDeparture,\r\n'
              '      \'pillar3aBalance\': pillar3aBalance,\r\n'
              '      \'lppBalance\': lppBalance,\r\n'
              '      \'checklist\': checklist,\r\n'
              '      \'noExitTax\': true,\r\n'
              '      \'exitTaxNote\':\r\n'
              '          \'La Suisse ne preleve pas de taxe de sortie (exit tax). \'\r\n'
              '          \'Tes gains en capital ne sont pas imposes au depart — \'\r\n'
              '          \'contrairement a certains pays (USA, France, etc.).\',\r\n'
              '      \'disclaimer\': disclaimer,\r\n'
              '    };\r\n'
              '  }\r\n'
              '\r\n'
              '  // ════════════════════════════════════════════════════════════\r\n'
              '  //  8. COMPARE TAX BURDEN\r\n'
              '  // ════════════════════════════════════════════════════════════\r\n'
              '\r\n'
              '  /// Side-by-side tax comparison: CH canton vs target country.\r\n'
              '  static Map<String, dynamic> compareTaxBurden({\r\n'
              '    required double salary,\r\n'
              '    required String canton,\r\n'
              '    required String targetCountry,\r\n'
              '  }) {\r\n'
              '    final annualSalary = salary * 12;\r\n'
              '\r\n'
              '    // CH effective rate (simplified)\r\n'
              '    final chSourceRate = sourceTaxRates[canton] ?? 0.13;\r\n'
              '    final chSocialRate = avsAiApgRate + acRate; // ~6.4%\r\n'
              '    final chTotalRate = chSourceRate + chSocialRate;\r\n'
              '    final chTotalTax = annualSalary * chTotalRate;\r\n'
              '\r\n'
              '    // Foreign effective rate\r\n'
              '    final foreignTaxRate = foreignEffectiveTaxRate[targetCountry] ?? 0.30;\r\n'
              '    final foreignSocialRate =\r\n'
              '        foreignSocialCharges[targetCountry]?[\'total\'] ?? 0.20;\r\n'
              '    final foreignTotalRate = foreignTaxRate + foreignSocialRate;\r\n'
              '    // Avoid double social charges: just combine\r\n'
              '    final foreignTotalTax = annualSalary * foreignTotalRate;\r\n'
              '\r\n'
              '    final difference = chTotalTax - foreignTotalTax;\r\n'
              '\r\n'
              '    return {\r\n'
              '      \'monthlySalary\': salary,\r\n'
              '      \'annualSalary\': annualSalary,\r\n'
              '      \'canton\': canton,\r\n'
              '      \'cantonNom\': cantonNames[canton] ?? canton,\r\n'
              '      \'targetCountry\': targetCountry,\r\n'
              '      \'ch\': {\r\n'
              '        \'taxRate\': chSourceRate,\r\n'
              '        \'socialRate\': chSocialRate,\r\n'
              '        \'totalRate\': chTotalRate,\r\n'
              '        \'totalTax\': chTotalTax,\r\n'
              '        \'netSalary\': annualSalary - chTotalTax,\r\n'
              '      },\r\n'
              '      \'foreign\': {\r\n'
              '        \'taxRate\': foreignTaxRate,\r\n'
              '        \'socialRate\': foreignSocialRate,\r\n'
              '        \'totalRate\': foreignTotalRate,\r\n'
              '        \'totalTax\': foreignTotalTax,\r\n'
              '        \'netSalary\': annualSalary - foreignTotalTax,\r\n'
              '      },\r\n'
              '      \'difference\': difference,\r\n'
              '      \'chCheaper\': difference < 0,\r\n'
              '      \'disclaimer\': disclaimer,\r\n'
              '    };\r\n'
              '  }\r\n'
              '\r\n'
              '  // ════════════════════════════════════════════════════════════\r\n'
              '  //  HELPERS\r\n'
              '  // ════════════════════════════════════════════════════════════\r\n'
              '\r\n'
              '  /// Format a number with Swiss apostrophe separators.\r\n'
              '  static String _formatNumber(double value) {\r\n'
              '    final intVal = value.round();\r\n'
              '    final str = intVal.abs().toString();\r\n'
              '    final buffer = StringBuffer();\r\n'
              '    for (int i = 0; i < str.length; i++) {\r\n'
              '      if (i > 0 && (str.length - i) % 3 == 0) {\r\n'
              '        buffer.write("\'");\r\n'
              '      }\r\n'
              '      buffer.write(str[i]);\r\n'
              '    }\r\n'
              '    return \'${intVal < 0 ? \'-\' : \'\'}${buffer.toString()}\';\r\n'
              '  }\r\n'
              '\r\n'
              '  /// Format CHF with Swiss apostrophe.\r\n'
              '  static String formatChf(double value) {\r\n'
              '    return \'CHF\\u00A0${_formatNumber(value)}\';\r\n'
              '  }\r\n'
              '\r\n'
              '  /// Format percentage.\r\n'
              '  static String formatPercent(double value) {\r\n'
              '    return \'${value.toStringAsFixed(1)}%\';\r\n'
              '  }\r\n'
              '\r\n'
              '  /// Country labels in French.\r\n'
              '  static const Map<String, String> countryLabels = {\r\n'
              '    \'France\': \'France\',\r\n'
              '    \'Allemagne\': \'Allemagne\',\r\n'
              '    \'Italie\': \'Italie\',\r\n'
              '    \'Autriche\': \'Autriche\',\r\n'
              '  };\r\n'
              '\r\n'
              '  /// Country labels for tax comparison (extended).\r\n'
              '  static const Map<String, String> taxComparisonCountries = {\r\n'
              '    \'France\': \'France\',\r\n'
              '    \'Allemagne\': \'Allemagne\',\r\n'
              '    \'Italie\': \'Italie\',\r\n'
              '    \'Autriche\': \'Autriche\',\r\n'
              '    \'Portugal\': \'Portugal\',\r\n'
              '    \'Dubai\': \'Dubai\',\r\n'
              '    \'Singapour\': \'Singapour\',\r\n'
              '    \'UK\': \'Royaume-Uni\',\r\n'
              '  };\r\n'
              '}\r\n'
              ''
  rawContributionDurationGapPercent is not a count-only output

  package:matcher                                                                   expect
  package:flutter_test/src/widget_tester.dart 473:18                                expect
  test/services/financial_core/avs_unofficial_gap_effect_quarantine_test.dart 72:9  main.<fn>.<fn>

00:00 +0 -2: G1-AVS-03 mobile quarantine CI year count never changes an AVS score tier or total
reg() FALLBACK: pillar3a.max_with_lpp → 7258.0 (cache miss, logged once)
00:00 +0 -3: G1-AVS-03 mobile quarantine CI year count never changes an AVS score tier or total [E]
  Expected: ItemStatus:<ItemStatus.unknown>
    Actual: ItemStatus:<ItemStatus.perfect>

  package:matcher                                                                   expect
  package:flutter_test/src/widget_tester.dart 473:18                                expect
  test/services/financial_core/avs_unofficial_gap_effect_quarantine_test.dart 98:9  main.<fn>.<fn>

00:00 +0 -3: G1-AVS-03 mobile quarantine known unsafe mobile surfaces contain no gap-priced personal claim
00:00 +0 -4: G1-AVS-03 mobile quarantine known unsafe mobile surfaces contain no gap-priced personal claim [E]
  Expected: not contains 'premierEclairage: \'2.3%\''
    Actual: '/// Rich educational content for each topic in the "J\'y comprends rien" hub.\n'
              '/// Each topic has a premier éclairage, explanation, key facts, quiz, fun fact,\n'
              '/// legal sources, and a compliance disclaimer.\n'
              'class EducationTopicContent {\n'
              '  final String premierEclairage;\n'
              '  final String premierEclairageUnit;\n'
              '  final String premierEclairageLabel;\n'
              '  final String intro;\n'
              '  final List<String> keyFacts;\n'
              '  final QuizQuestion quiz;\n'
              '  final String funFact;\n'
              '  final List<String> sources;\n'
              '\n'
              '  const EducationTopicContent({\n'
              '    required this.premierEclairage,\n'
              '    required this.premierEclairageUnit,\n'
              '    required this.premierEclairageLabel,\n'
              '    required this.intro,\n'
              '    required this.keyFacts,\n'
              '    required this.quiz,\n'
              '    required this.funFact,\n'
              '    required this.sources,\n'
              '  });\n'
              '\n'
              '  static const String disclaimer =\n'
              '      \'Contenu a visee pedagogique. Ne constitue pas un conseil financier, \'\n'
              '      \'fiscal ou juridique (LSFin). Consulte un\\u00b7e specialiste pour ta situation.\';\n'
              '}\n'
              '\n'
              'class QuizQuestion {\n'
              '  final String question;\n'
              '  final List<String> options;\n'
              '  final int correctIndex;\n'
              '  final String explanation;\n'
              '\n'
              '  const QuizQuestion({\n'
              '    required this.question,\n'
              '    required this.options,\n'
              '    required this.correctIndex,\n'
              '    required this.explanation,\n'
              '  });\n'
              '}\n'
              '\n'
              'class EducationContentData {\n'
              '  static EducationTopicContent? getContent(String themeId) {\n'
              '    return _content[themeId];\n'
              '  }\n'
              '\n'
              '  static const Map<String, EducationTopicContent> _content = {\n'
              '    // ─── 3a : Le 3e pilier ───\n'
              '    \'3a\': EducationTopicContent(\n'
              '      premierEclairage: "7\'258",\n'
              '      premierEclairageUnit: \'CHF/an\',\n'
              '      premierEclairageLabel: \'Plafond annuel 3a pour un\\u00b7e salarie\\u00b7e affilie\\u00b7e LPP\',\n'
              '      intro:\n'
              '          \'Le 3e pilier (3a) est un compte epargne retraite qui te permet de \'\n'
              '          \'reduire tes impots chaque annee. Chaque franc verse est deduit de \'\n'
              '          \'ton revenu imposable. C\\\'est le reflexe financier n\\u00b01 en Suisse.\',\n'
              '      keyFacts: [\n'
              '        \'Compte bloque jusqu\\\'a la retraite (sauf achat immobilier, depart de Suisse, ou activite independante)\',\n'
              '        \'Chaque franc verse reduit directement ton revenu imposable\',\n'
              '        \'Economie fiscale typique : 1\\\'000 a 2\\\'500 CHF/an selon ton canton et ton revenu\',\n'
              '        \'Independant\\u00b7e sans LPP : plafond majore a 36\\\'288 CHF/an (20% du revenu net)\',\n'
              '        \'Ouvrir plusieurs comptes 3a permet d\\\'echelonner les retraits et reduire l\\\'impot au retrait\',\n'
              '      ],\n'
              '      quiz: QuizQuestion(\n'
              '        question:\n'
              '            \'Quel est le plafond annuel 3a pour un\\u00b7e salarie\\u00b7e affilie\\u00b7e LPP ?\',\n'
              '        options: [\'5\\\'000 CHF\', \'7\\\'258 CHF\', \'10\\\'000 CHF\', \'36\\\'288 CHF\'],\n'
              '        correctIndex: 1,\n'
              '        explanation:\n'
              '            \'Le plafond 2025/2026 est de 7\\\'258 CHF/an pour les salarie\\u00b7es \'\n'
              '            \'affilie\\u00b7es a une caisse de pension (LPP). Le montant de \'\n'
              '            \'36\\\'288 CHF concerne les independant\\u00b7es sans LPP (OPP3 art. 7).\',\n'
              '      ),\n'
              '      funFact:\n'
              '          \'Si tu verses 7\\\'258 CHF/an des 25 ans avec un rendement moyen de \'\n'
              '          \'3%, tu accumuleras environ 550\\\'000 CHF a 65 ans. Sans rien faire \'\n'
              '          \'de plus que ce virement annuel.\',\n'
              '      sources: [\n'
              '        \'OPP3 art. 7 (Plafond annuel 3a)\',\n'
              '        \'LIFD art. 33 al. 1 let. e (Deduction fiscale 3a)\',\n'
              '        \'OPP3 art. 3 (Conditions de retrait)\',\n'
              '        \'LIFD art. 38 (Imposition des prestations en capital)\',\n'
              '      ],\n'
              '    ),\n'
              '\n'
              '    // ─── LPP : La caisse de pension ───\n'
              '    \'lpp\': EducationTopicContent(\n'
              '      premierEclairage: \'50%\',\n'
              '      premierEclairageUnit: \'minimum\',\n'
              '      premierEclairageLabel:\n'
              '          \'Part payee par ton employeur sur tes cotisations LPP\',\n'
              '      intro:\n'
              '          \'La caisse de pension (LPP, 2e pilier) est ta retraite \'\n'
              '          \'professionnelle. Ton employeur paie au minimum la moitie de tes \'\n'
              '          \'cotisations — c\\\'est de l\\\'argent qui s\\\'accumule pour toi sans \'\n'
              '          \'effort.\',\n'
              '      keyFacts: [\n'
              '        \'Obligatoire des 22\\\'680 CHF/an de salaire (LPP art. 7)\',\n'
              '        \'Ton employeur cotise au minimum 50% — c\\\'est un complement de salaire invisible\',\n'
              '        \'Taux de conversion minimum : 6.8% (100\\\'000 CHF de capital = 6\\\'800 CHF de rente/an)\',\n'
              '        \'Tu peux racheter des annees manquantes et deduire chaque franc de tes impots\',\n'
              '        \'Ton avoir LPP peut servir d\\\'apport pour un achat immobilier (EPL, LPP art. 30c)\',\n'
              '      ],\n'
              '      quiz: QuizQuestion(\n'
              '        question: \'Qui paie tes cotisations LPP ?\',\n'
              '        options: [\n'
              '          \'Toi seul\\u00b7e\',\n'
              '          \'Ton employeur seul\',\n'
              '          \'Toi et ton employeur (min 50/50)\',\n'
              '          \'L\\\'Etat\',\n'
              '        ],\n'
              '        correctIndex: 2,\n'
              '        explanation:\n'
              '            \'Les cotisations LPP sont partagees : ton employeur paie au \'\n'
              '            \'minimum 50%, souvent plus. Certains employeurs genereux couvrent \'\n'
              '            \'jusqu\\\'a 60-70% des cotisations. Verifie ton certificat de \'\n'
              '            \'prevoyance.\',\n'
              '      ),\n'
              '      funFact:\n'
              '          \'La deduction de coordination (26\\\'460 CHF) fait que si tu gagnes \'\n'
              '          \'moins de 22\\\'680 CHF/an, tu n\\\'es pas assure\\u00b7e LPP. \'\n'
              '          \'C\\\'est le "trou" du 2e pilier qui touche les temps partiels.\',\n'
              '      sources: [\n'
              '        \'LPP art. 7 (Seuil d\\\'acces)\',\n'
              '        \'LPP art. 8 (Deduction de coordination)\',\n'
              '        \'LPP art. 14 (Taux de conversion minimum 6.8%)\',\n'
              '        \'LPP art. 79b (Rachat de prestations)\',\n'
              '        \'LPP art. 30c (Encouragement a la propriete, EPL)\',\n'
              '      ],\n'
              '    ),\n'
              '\n'
              '    // ─── AVS : Les lacunes ───\n'
              '    \'avs\': EducationTopicContent(\n'
              '      premierEclairage: \'2.3%\',\n'
              '      premierEclairageUnit: \'de rente en moins\',\n'
              '      premierEclairageLabel:\n'
              '          \'Reduction de ta rente AVS pour chaque annee de cotisation manquante\',\n'
              '      intro:\n'
              '          \'L\\\'AVS (1er pilier) est la base de ta retraite. Chaque annee ou \'\n'
              '          \'tu n\\\'as pas cotise cree une lacune qui reduit ta rente — a vie. \'\n'
              '          \'Bonne nouvelle : tu peux verifier et rattraper certaines lacunes.\',\n'
              '      keyFacts: [\n'
              '        \'Cotisation obligatoire des 18 ans (des le premier emploi)\',\n'
              '        \'Rente maximale individuelle : 30\\\'240 CHF/an (pour 44 annees completes)\',\n'
              '        \'Annees a l\\\'etranger = lacunes potentielles (sauf accords bilateraux UE/AELE)\',\n'
              '        \'Tu peux racheter les 5 dernieres annees manquantes aupres de ta caisse de compensation\',\n'
              '        \'Commander ton extrait de compte AVS : gratuit sur ahv-iv.ch\',\n'
              '      ],\n'
              '      quiz: QuizQuestion(\n'
              '        question:\n'
              '            \'Combien d\\\'annees de cotisation faut-il pour la rente AVS maximale ?\',\n'
              '        options: [\'30 ans\', \'40 ans\', \'44 ans\', \'50 ans\'],\n'
              '        correctIndex: 2,\n'
              '        explanation:\n'
              '            \'44 années complètes de cotisation sont nécessaires pour la rente \'\n'
              '            \'maximale (LAVS art. 29). De 21 à 65 ans = 44 ans. Une seule \'\n'
              '            \'année manquante = rente réduite à vie.\',\n'
              '      ),\n'
              '      funFact:\n'
              '          \'44 années de cotisation complètes sont nécessaires pour la rente \'\n'
              '          \'maximale. Une seule année manquante la réduit définitivement. \'\n'
              '          \'Vérifie ton extrait — ça prend 5 minutes en ligne.\',\n'
              '      sources: [\n'
              '        \'LAVS art. 29 (Duree de cotisation)\',\n'
              '        \'LAVS art. 30 (Calcul de la rente)\',\n'
              '        \'LAVS art. 3 (Personnes assujetties)\',\n'
              '        \'RAVS art. 52b (Extrait de compte individuel)\',\n'
              '      ],\n'
              '    ),\n'
              '\n'
              '    // ─── Emergency : Le fonds d\'urgence ───\n'
              '    \'emergency\': EducationTopicContent(\n'
              '      premierEclairage: \'3 a 6\',\n'
              '      premierEclairageUnit: \'mois\',\n'
              '      premierEclairageLabel:\n'
              '          \'D\\\'épargne de sécurité recommandée (charges mensuelles)\',\n'
              '      intro:\n'
              '          \'Le fonds d\\\'urgence, c\\\'est ton filet de sécurité. Si tu perds ton \'\n'
              '          \'emploi, si ta voiture lâche, si une facture imprévue tombe : tu as \'\n'
              '          \'de quoi tenir sans stress. C\\\'est la base avant tout investissement.\',\n'
              '      keyFacts: [\n'
              '        \'Calcul : charges mensuelles x 3 (minimum) à 6 (confort)\',\n'
              '        \'Sur un compte séparé, accessible en 24-48h (pas investi, pas bloqué)\',\n'
              '        \'L\\\'assurance chômage ne couvre que 70-80% du salaire, avec un délai de carence\',\n'
              '        \'Indépendant\\u00b7e ? Vise plutôt 6 à 9 mois (pas de chômage, pas d\\\'IJM)\',\n'
              '        \'Astuce : automatise un virement le 1er du mois, même 100 CHF\',\n'
              '      ],\n'
              '      quiz: QuizQuestion(\n'
              '        question:\n'
              '            \'Pourquoi ne faut-il PAS investir son fonds d\\\'urgence ?\',\n'
              '        options: [\n'
              '          \'Parce que c\\\'est interdit\',\n'
              '          \'Parce qu\\\'il doit être disponible immédiatement\',\n'
              '          \'Parce que les rendements sont trop bas\',\n'
              '          \'Parce que les banques refusent\',\n'
              '        ],\n'
              '        correctIndex: 1,\n'
              '        explanation:\n'
              '            \'Le fonds d\\\'urgence doit etre liquide, c\\\'est-a-dire \'\n'
              '            \'accessible en 24-48h. Un investissement (actions, fonds, crypto) \'\n'
              '            \'peut perdre de la valeur au moment ou tu en as besoin. \'\n'
              '            \'Garde-le en compte epargne classique.\',\n'
              '      ),\n'
              '      funFact:\n'
              '          \'43% des menages suisses ne pourraient pas couvrir une depense \'\n'
              '          \'imprevue de 2\\\'500 CHF sans emprunter (OFS 2022). \'\n'
              '          \'Constituer ton fonds d\\\'urgence te place dans la majorite qui dort tranquille.\',\n'
              '      sources: [\n'
              '        \'OFS Enquete sur le budget des menages 2022\',\n'
              '        \'LACI art. 8 (Droit aux indemnites de chomage)\',\n'
              '        \'Recommandations Budget-conseil Suisse\',\n'
              '      ],\n'
              '    ),\n'
              '\n'
              '    // ─── Debt : Les dettes ───\n'
              '    \'debt\': EducationTopicContent(\n'
              '      premierEclairage: \'9.9%\',\n'
              '      premierEclairageUnit: \'taux moyen\',\n'
              '      premierEclairageLabel:\n'
              '          \'Taux d\\\'interet moyen d\\\'un credit a la consommation en Suisse\',\n'
              '      intro:\n'
              '          \'Les dettes a la consommation (credit, leasing) sont les ennemies \'\n'
              '          \'silencieuses de ton patrimoine. A 9.9% d\\\'interet, elles \'\n'
              '          \'grossissent vite pendant que tu les oublies. Regle d\\\'or : \'\n'
              '          \'rembourser avant d\\\'investir.\',\n'
              '      keyFacts: [\n'
              '        \'Un leasing auto de 30\\\'000 CHF coute environ 4\\\'500 CHF d\\\'interets sur 4 ans\',\n'
              '        \'Regle d\\\'or : toujours rembourser les dettes a taux eleve AVANT d\\\'investir\',\n'
              '        \'Les "petits credits" a 0% ont souvent des frais de dossier ou assurances obligatoires\',\n'
              '        \'Le surendettement touche 18% des menages suisses (OFS)\',\n'
              '        \'Des aides gratuites existent : Caritas, centres de desendettement cantonaux\',\n'
              '      ],\n'
              '      quiz: QuizQuestion(\n'
              '        question:\n'
              '            \'Que faut-il faire en priorite : rembourser une dette a 9% ou investir a 5% ?\',\n'
              '        options: [\n'
              '          \'Investir a 5%\',\n'
              '          \'Rembourser la dette a 9%\',\n'
              '          \'Faire les deux a parts egales\',\n'
              '          \'Attendre que les taux baissent\',\n'
              '        ],\n'
              '        correctIndex: 1,\n'
              '        explanation:\n'
              '            \'Rembourser une dette a 9% equivaut a un rendement effectif de \'\n'
              '            \'9% sans alea. Tres peu d\\\'investissements battent ca de facon fiable. \'\n'
              '            \'Priorite absolue : eliminer les dettes couteuses, puis investir.\',\n'
              '      ),\n'
              '      funFact:\n'
              '          \'A 9.9% d\\\'interet compose, une dette de 10\\\'000 CHF double en \'\n'
              '          \'environ 7 ans si tu ne rembourses que le minimum. \'\n'
              '          \'10\\\'000 CHF deviennent 20\\\'000 CHF — sans rien acheter de plus.\',\n'
              '      sources: [\n'
              '        \'LCC art. 14 (Taux d\\\'interet maximum, credit a la consommation)\',\n'
              '        \'CO art. 312ss (Contrat de pret)\',\n'
              '        \'OFS Statistique du surendettement en Suisse\',\n'
              '        \'LCC art. 28-31 (Droit de revocation)\',\n'
              '      ],\n'
              '    ),\n'
              '\n'
              '    // ─── Mortgage : L\'hypotheque ───\n'
              '    \'mortgage\': EducationTopicContent(\n'
              '      premierEclairage: \'5%\',\n'
              '      premierEclairageUnit: \'taux theorique\',\n'
              '      premierEclairageLabel:\n'
              '          \'Utilise par les banques pour calculer ta capacite d\\\'emprunt\',\n'
              '      intro:\n'
              '          \'En Suisse, les banques ne regardent pas le taux reel de ton \'\n'
              '          \'hypotheque (1-2%) mais un taux theorique de 5%. C\\\'est ce "stress \'\n'
              '          \'test" qui determine combien tu peux emprunter — et il est \'\n'
              '          \'beaucoup plus strict que ce que tu imagines.\',\n'
              '      keyFacts: [\n'
              '        \'Apport minimum : 20% du prix (max 10% depuis le 2e pilier)\',\n'
              '        \'Charges totales (interets + amortissement + frais) \\u2264 1/3 du revenu brut\',\n'
              '        \'SARON : taux variable (suit le marche), actuellement autour de 1.5%\',\n'
              '        \'Taux fixe : verrouille sur 5-10 ans, plus cher mais previsible\',\n'
              '        \'Valeur locative : tu es impose\\u00b7e sur un loyer "fictif" de ton propre logement\',\n'
              '      ],\n'
              '      quiz: QuizQuestion(\n'
              '        question:\n'
              '            \'Quel pourcentage du revenu brut les charges hypothecaires ne doivent pas depasser ?\',\n'
              '        options: [\'25%\', \'33% (1/3)\', \'40%\', \'50%\'],\n'
              '        correctIndex: 1,\n'
              '        explanation:\n'
              '            \'La regle du tiers (33%) est la norme bancaire suisse (ASB). \'\n'
              '            \'Les charges comprennent : interets au taux theorique de 5%, \'\n'
              '            \'1% d\\\'amortissement, et 1% de frais accessoires. Tout cela \'\n'
              '            \'calcule sur le revenu brut du menage.\',\n'
              '      ),\n'
              '      funFact:\n'
              '          \'Avec le taux theorique de 5%, un couple gagnant 150\\\'000 CHF \'\n'
              '          \'brut/an ne peut acheter qu\\\'un bien a environ 700\\\'000 CHF — \'\n'
              '          \'alors qu\\\'avec le taux reel de 1.5%, il pourrait largement se le \'\n'
              '          \'permettre. C\\\'est le paradoxe suisse.\',\n'
              '      sources: [\n'
              '        \'FINMA circ. 2017/7 (Normes minimales hypothecaires)\',\n'
              '        \'ASB Directives relatives aux financements hypothecaires\',\n'
              '        \'LPP art. 30c (EPL — retrait pour propriete)\',\n'
              '        \'LIFD art. 21 al. 1 let. b (Valeur locative)\',\n'
              '      ],\n'
              '    ),\n'
              '\n'
              '    // ─── Budget : Le reste a vivre ───\n'
              '    \'budget\': EducationTopicContent(\n'
              '      premierEclairage: \'50/30/20\',\n'
              '      premierEclairageUnit: \'regle d\\\'or\',\n'
              '      premierEclairageLabel:\n'
              '          \'50% charges fixes, 30% envies, 20% epargne\',\n'
              '      intro:\n'
              '          \'Le reste a vivre, c\\\'est ce qui te reste apres les charges fixes \'\n'
              '          \'(loyer, assurances, impots). Connaitre ce chiffre, c\\\'est \'\n'
              '          \'reprendre le controle. La regle 50/30/20 est un repere simple \'\n'
              '          \'pour structurer ton budget.\',\n'
              '      keyFacts: [\n'
              '        \'Reste a vivre = revenu net \\u2212 charges fixes (loyer, LAMal, impots, transports)\',\n'
              '        \'En Suisse, le loyer represente en moyenne 33% du budget d\\\'un menage\',\n'
              '        \'Les impots ne sont pas preleves a la source pour les citoyen\\u00b7nes et permis C\',\n'
              '        \'Astuce : automatise un virement epargne le 1er du mois — paie-toi en premier\',\n'
              '        \'L\\\'OFS estime les charges fixes moyennes d\\\'un menage suisse a 5\\\'200 CHF/mois\',\n'
              '      ],\n'
              '      quiz: QuizQuestion(\n'
              '        question:\n'
              '            \'Quel est le premier poste de depenses d\\\'un menage suisse ?\',\n'
              '        options: [\n'
              '          \'L\\\'alimentation\',\n'
              '          \'Le logement\',\n'
              '          \'Les impots\',\n'
              '          \'Les assurances\',\n'
              '        ],\n'
              '        correctIndex: 1,\n'
              '        explanation:\n'
              '            \'Le logement (loyer ou charges hypothecaires) represente en \'\n'
              '            \'moyenne 33% du budget d\\\'un menage suisse, soit le premier \'\n'
              '            \'poste de depenses. Les impots arrivent en 2e position dans \'\n'
              '            \'la plupart des cantons.\',\n'
              '      ),\n'
              '      funFact:\n'
              '          \'Un cafe par jour a 5.50 CHF = 2\\\'007 CHF/an. Investi a 5% \'\n'
              '          \'pendant 30 ans, ca ferait environ 140\\\'000 CHF. On ne te dit \'\n'
              '          \'pas d\\\'arreter le cafe — juste de connaitre le vrai cout.\',\n'
              '      sources: [\n'
              '        \'OFS Enquete sur le budget des menages 2022\',\n'
              '        \'LIFD art. 25-33 (Deductions generales)\',\n'
              '        \'Budget-conseil Suisse (recommandations budgetaires)\',\n'
              '      ],\n'
              '    ),\n'
              '\n'
              '    // ─── LAMal : Les subsides ───\n'
              '    // ─── Fiscal : La fiscalité suisse ───\n'
              '    \'fiscal\': EducationTopicContent(\n'
              '      premierEclairage: \'~35%\',\n'
              '      premierEclairageUnit: \'du revenu\',\n'
              '      premierEclairageLabel:\n'
              '          \'Pression fiscale moyenne en Suisse (federal + cantonal + communal)\',\n'
              '      intro:\n'
              '          \'En Suisse, tu payes des impots a 3 niveaux : federal, cantonal et \'\n'
              '          \'communal. Le taux varie enormement selon ton canton, ta commune et \'\n'
              '          \'ta situation familiale. Bonne nouvelle : il existe de nombreuses \'\n'
              '          \'deductions legales pour reduire ta facture fiscale.\',\n'
              '      keyFacts: [\n'
              '        \'L\\\'impot federal est le meme partout (max ~11.5%), mais cantonal et communal varient enormement\',\n'
              '        \'Le versement 3a est la deduction la plus rentable : jusqu\\\'a 7\\\'258 CHF deductibles (2025/2026)\',\n'
              '        \'Le rachat LPP est 100% deductible du revenu imposable (LPP art. 79b)\',\n'
              '        \'Les frais effectifs (trajets, repas, formation) peuvent depasser le forfait\',\n'
              '        \'Un demenagement dans un canton fiscalement avantageux peut faire economiser des milliers de CHF/an\',\n'
              '      ],\n'
              '      quiz: QuizQuestion(\n'
              '        question:\n'
              '            \'Combien peux-tu deduire de tes impots avec un versement 3a en 2025/2026 ?\',\n'
              '        options: [\n'
              '          \'5\\\'000 CHF\',\n'
              '          \'6\\\'883 CHF\',\n'
              '          \'7\\\'258 CHF\',\n'
              '          \'10\\\'000 CHF\',\n'
              '        ],\n'
              '        correctIndex: 2,\n'
              '        explanation:\n'
              '            \'Le plafond 3a pour un salarie avec LPP est de 7\\\'258 CHF en 2025/2026 \'\n'
              '            \'(OPP3 art. 7). C\\\'est la deduction fiscale la plus simple et la \'\n'
              '            \'plus efficace a mettre en place.\',\n'
              '      ),\n'
              '      funFact:\n'
              '          \'Un couple avec deux revenus a Zoug paie environ 4 fois moins d\\\'impots \'\n'
              '          \'qu\\\'un couple identique a Geneve. La concurrence fiscale entre cantons \'\n'
              '          \'est unique au monde.\',\n'
              '      sources: [\n'
              '        \'LIFD art. 33 (Deductions generales)\',\n'
              '        \'LIFD art. 82 (Deduction 3a)\',\n'
              '        \'LPP art. 79b (Rachat LPP)\',\n'
              '        \'LHID art. 9 (Harmonisation des deductions cantonales)\',\n'
              '        \'OPP3 art. 7 (Plafond 3a)\',\n'
              '      ],\n'
              '    ),\n'
              '\n'
              '    \'lamal\': EducationTopicContent(\n'
              '      premierEclairage: \'~350\',\n'
              '      premierEclairageUnit: \'CHF/mois\',\n'
              '      premierEclairageLabel:\n'
              '          \'Prime moyenne LAMal en Suisse pour un adulte (franchise 300)\',\n'
              '      intro:\n'
              '          \'L\\\'assurance maladie (LAMal) est obligatoire en Suisse, mais les \'\n'
              '          \'primes varient du simple au double selon le canton et la caisse. \'\n'
              '          \'Choisir la bonne franchise et vérifier ton droit aux subsides \'\n'
              '          \'peut te faire économiser des centaines de francs par an.\',\n'
              '      keyFacts: [\n'
              '        \'Les primes varient énormément selon le canton (GE et BS sont les plus chers)\',\n'
              '        \'Franchise 300 vs 2\\\'500 : économie de prime d\\\'environ 1\\\'500 CHF/an, mais risque accru\',\n'
              '        \'Subsides disponibles dans tous les cantons — critères de revenu variables\',\n'
              '        \'Délai pour changer de caisse : 30 novembre de chaque année\',\n'
              '        \'Les modèles alternatifs (médecin de famille, HMO, télmed) offrent 10-20% de réduction\',\n'
              '      ],\n'
              '      quiz: QuizQuestion(\n'
              '        question:\n'
              '            \'À quelle date limite peux-tu changer de caisse maladie pour l\\\'année suivante ?\',\n'
              '        options: [\n'
              '          \'31 octobre\',\n'
              '          \'30 novembre\',\n'
              '          \'31 décembre\',\n'
              '          \'1er janvier\',\n'
              '        ],\n'
              '        correctIndex: 1,\n'
              '        explanation:\n'
              '            \'La date limite est le 30 novembre. Ta nouvelle caisse doit \'\n'
              '            \'avoir recu ta demande avant cette date. Astuce : les primes \'\n'
              '            \'sont annoncees fin septembre — compare des octobre.\',\n'
              '      ),\n'
              '      funFact:\n'
              '          \'En passant de la franchise 300 a 2\\\'500, tu economises \'\n'
              '          \'environ 1\\\'500 CHF/an de primes. Mais une seule hospitalisation \'\n'
              '          \'peut te couter 2\\\'200 CHF de plus. Le bon choix depend de ta \'\n'
              '          \'sante et de ton epargne disponible.\',\n'
              '      sources: [\n'
              '        \'LAMal art. 61-65 (Primes et subsides)\',\n'
              '        \'LAMal art. 62 (Participation aux couts, franchises)\',\n'
              '        \'OFS Statistique de l\\\'assurance-maladie obligatoire\',\n'
              '        \'OFSP Primes de reference par canton\',\n'
              '      ],\n'
              '    ),\n'
              '  };\n'
              '}\n'
              ''
  lib/data/education_content.dart reintroduced "premierEclairage: '2.3%'"

  package:matcher                                                                     expect
  package:flutter_test/src/widget_tester.dart 473:18                                  expect
  test/services/financial_core/avs_unofficial_gap_effect_quarantine_test.dart 162:11  main.<fn>.<fn>

00:00 +0 -4: G1-AVS-03 mobile quarantine orphan pricing facades are deleted instead of left uncallable
00:00 +0 -5: G1-AVS-03 mobile quarantine orphan pricing facades are deleted instead of left uncallable [E]
  Expected: false
    Actual: <true>

  package:matcher                                                                    expect
  package:flutter_test/src/widget_tester.dart 473:18                                 expect
  test/services/financial_core/avs_unofficial_gap_effect_quarantine_test.dart 169:7  main.<fn>.<fn>

00:00 +0 -5: G1-AVS-03 mobile quarantine all six ARB sources expose count-only CI and action copy
00:00 +0 -6: G1-AVS-03 mobile quarantine all six ARB sources expose count-only CI and action copy [E]
  Expected: not contains 'expatAvsCiRawDurationBenchmark'
    Actual: {
              '@@locale': 'fr',
              'landingFeature1Title': 'Diagnostic Instantané',
              'landingFeature1Desc': 'Analyse 360° en 5 min chrono.',
              'landingFeature2Title': '100 % Privé & Local',
              'landingFeature2Desc': 'Tes données restent sur ton device.',
              'landingFeature3Title': 'Stratégie Neutre',
              'landingFeature3Desc': 'Zéro commission. Zéro conflit.',
              'startDiagnostic': 'Démarrer mon diagnostic',
              'tabExplore': 'Explorer',
              'budgetTitle': 'Maîtriser mon Budget',
              'recommendations': 'Tes recommandations',
              'disclaimer': 'Les résultats présentés sont des estimations à titre indicatif. Ils ne constituent pas un conseil financier personnalisé.',
              'onboardingStep1Title': 'Bonjour, je suis ton mentor.',
              'onboardingStep1Subtitle': 'Commençons par faire connaissance. Quelle est ta situation actuelle ?',
              'onboardingStep2Title': 'Très bien.',
              'onboardingStep2Subtitle': 'Quel est le voyage financier que tu souhaites entreprendre en priorité ?',
              'onboardingStep3Title': 'Presque là.',
              'onboardingStep3Subtitle': 'Ces détails nous permettent de personnaliser tes calculs selon la loi suisse.',
              'onboardingStep4Title': 'Prêt à commencer ?',
              'onboardingStep4Subtitle': 'Mint est un environnement sûr. Voici nos engagements envers toi.',
              'profileSectionIdentity': 'Identité & Foyer',
              'profileSectionIncome': 'Revenus & Épargne',
              'profileSectionPension': 'Prévoyance (LPP)',
              'profileSectionProperty': 'Immobilier & Dettes',
              ...
            }

  package:matcher                                                                    expect
  package:flutter_test/src/widget_tester.dart 473:18                                 expect
  test/services/financial_core/avs_unofficial_gap_effect_quarantine_test.dart 186:9  main.<fn>.<fn>

00:00 +0 -6: Some tests failed.
exit_code=1
